vote_date;proposal_id;proposal_name;region_type;region_id;region_name;parent_canton_id;parent_canton_name;yes_votes_count;no_votes_count;cast_votes_count;eligible_voters_count
2026-06-14;6860;Volksinitiative «Keine 10-Millionen-Schweiz! (Nachhaltigkeitsinitiative)»;canton;1;Zürich;1;Zürich;238179;357691;599644;982722
2026-06-14;6860;Volksinitiative «Keine 10-Millionen-Schweiz! (Nachhaltigkeitsinitiative)»;canton;2;Bern;2;Bern;198710;246796;448348;748021
2026-06-14;6860;Volksinitiative «Keine 10-Millionen-Schweiz! (Nachhaltigkeitsinitiative)»;canton;3;Luzern;3;Luzern;89920;93552;185647;289486
2026-06-14;6860;Volksinitiative «Keine 10-Millionen-Schweiz! (Nachhaltigkeitsinitiative)»;canton;4;Uri;4;Uri;10229;6847;17299;27244
2026-06-14;6860;Volksinitiative «Keine 10-Millionen-Schweiz! (Nachhaltigkeitsinitiative)»;canton;5;Schwyz;5;Schwyz;46819;27271;74404;109531
2026-06-14;6860;Volksinitiative «Keine 10-Millionen-Schweiz! (Nachhaltigkeitsinitiative)»;canton;6;Obwalden;6;Obwalden;10892;7732;18916;27967
2026-06-14;6860;Volksinitiative «Keine 10-Millionen-Schweiz! (Nachhaltigkeitsinitiative)»;canton;7;Nidwalden;7;Nidwalden;12162;8759;21203;32134
2026-06-14;6860;Volksinitiative «Keine 10-Millionen-Schweiz! (Nachhaltigkeitsinitiative)»;canton;8;Glarus;8;Glarus;9012;6368;15674;26857
2026-06-14;6860;Volksinitiative «Keine 10-Millionen-Schweiz! (Nachhaltigkeitsinitiative)»;canton;9;Zug;9;Zug;25724;28274;54283;80118
2026-06-14;6860;Volksinitiative «Keine 10-Millionen-Schweiz! (Nachhaltigkeitsinitiative)»;canton;10;Freiburg;10;Freiburg;55807;67865;125219;220942
2026-06-14;6860;Volksinitiative «Keine 10-Millionen-Schweiz! (Nachhaltigkeitsinitiative)»;canton;11;Solothurn;11;Solothurn;54436;52989;108122;184392
2026-06-14;6860;Volksinitiative «Keine 10-Millionen-Schweiz! (Nachhaltigkeitsinitiative)»;canton;12;Basel-Stadt;12;Basel-Stadt;18555;51418;70672;114902
2026-06-14;6860;Volksinitiative «Keine 10-Millionen-Schweiz! (Nachhaltigkeitsinitiative)»;canton;13;Basel-Landschaft;13;Basel-Landschaft;49114;62177;113862;192865
2026-06-14;6860;Volksinitiative «Keine 10-Millionen-Schweiz! (Nachhaltigkeitsinitiative)»;canton;14;Schaffhausen;14;Schaffhausen;19411;20017;40741;55011
2026-06-14;6860;Volksinitiative «Keine 10-Millionen-Schweiz! (Nachhaltigkeitsinitiative)»;canton;15;Appenzell Ausserrhoden;15;Appenzell Ausserrhoden;13252;11651;25196;39570
2026-06-14;6860;Volksinitiative «Keine 10-Millionen-Schweiz! (Nachhaltigkeitsinitiative)»;canton;16;Appenzell Innerrhoden;16;Appenzell Innerrhoden;5270;2725;8114;12493
2026-06-14;6860;Volksinitiative «Keine 10-Millionen-Schweiz! (Nachhaltigkeitsinitiative)»;canton;17;St. Gallen;17;St. Gallen;106905;91965;199748;335066
2026-06-14;6860;Volksinitiative «Keine 10-Millionen-Schweiz! (Nachhaltigkeitsinitiative)»;canton;18;Graubünden;18;Graubünden;40742;43253;85167;143330
2026-06-14;6860;Volksinitiative «Keine 10-Millionen-Schweiz! (Nachhaltigkeitsinitiative)»;canton;19;Aargau;19;Aargau;136398;130805;268517;450411
2026-06-14;6860;Volksinitiative «Keine 10-Millionen-Schweiz! (Nachhaltigkeitsinitiative)»;canton;20;Thurgau;20;Thurgau;59219;47772;109558;183002
2026-06-14;6860;Volksinitiative «Keine 10-Millionen-Schweiz! (Nachhaltigkeitsinitiative)»;canton;21;Tessin;21;Tessin;57121;55632;114565;226935
2026-06-14;6860;Volksinitiative «Keine 10-Millionen-Schweiz! (Nachhaltigkeitsinitiative)»;canton;22;Waadt;22;Waadt;91693;166366;261273;487995
2026-06-14;6860;Volksinitiative «Keine 10-Millionen-Schweiz! (Nachhaltigkeitsinitiative)»;canton;23;Wallis;23;Wallis;62089;69393;134519;236956
2026-06-14;6860;Volksinitiative «Keine 10-Millionen-Schweiz! (Nachhaltigkeitsinitiative)»;canton;24;Neuenburg;24;Neuenburg;18847;38726;58101;115278
2026-06-14;6860;Volksinitiative «Keine 10-Millionen-Schweiz! (Nachhaltigkeitsinitiative)»;canton;25;Genf;25;Genf;50395;95332;147903;286516
2026-06-14;6860;Volksinitiative «Keine 10-Millionen-Schweiz! (Nachhaltigkeitsinitiative)»;canton;26;Jura;26;Jura;11949;17857;30122;59369
2026-06-14;6860;Volksinitiative «Keine 10-Millionen-Schweiz! (Nachhaltigkeitsinitiative)»;district;101;Affoltern;1;Zürich;11007;13272;24411;36898
2026-06-14;6860;Volksinitiative «Keine 10-Millionen-Schweiz! (Nachhaltigkeitsinitiative)»;district;102;Andelfingen;1;Zürich;8131;7267;15522;23355
2026-06-14;6860;Volksinitiative «Keine 10-Millionen-Schweiz! (Nachhaltigkeitsinitiative)»;district;103;Bülach;1;Zürich;25894;25714;51896;93024
2026-06-14;6860;Volksinitiative «Keine 10-Millionen-Schweiz! (Nachhaltigkeitsinitiative)»;district;104;Dielsdorf;1;Zürich;17264;13744;31208;55446
2026-06-14;6860;Volksinitiative «Keine 10-Millionen-Schweiz! (Nachhaltigkeitsinitiative)»;district;105;Hinwil;1;Zürich;20807;18210;39281;64747
2026-06-14;6860;Volksinitiative «Keine 10-Millionen-Schweiz! (Nachhaltigkeitsinitiative)»;district;106;Horgen;1;Zürich;20054;28170;48500;75906
2026-06-14;6860;Volksinitiative «Keine 10-Millionen-Schweiz! (Nachhaltigkeitsinitiative)»;district;107;Meilen;1;Zürich;19316;28124;47816;68497
2026-06-14;6860;Volksinitiative «Keine 10-Millionen-Schweiz! (Nachhaltigkeitsinitiative)»;district;108;Pfäffikon;1;Zürich;13213;12070;25444;41244
2026-06-14;6860;Volksinitiative «Keine 10-Millionen-Schweiz! (Nachhaltigkeitsinitiative)»;district;109;Uster;1;Zürich;22532;28805;51631;84015
2026-06-14;6860;Volksinitiative «Keine 10-Millionen-Schweiz! (Nachhaltigkeitsinitiative)»;district;110;Winterthur;1;Zürich;27534;44173;72220;114269
2026-06-14;6860;Volksinitiative «Keine 10-Millionen-Schweiz! (Nachhaltigkeitsinitiative)»;district;111;Dietikon;1;Zürich;12738;14836;27729;50018
2026-06-14;6860;Volksinitiative «Keine 10-Millionen-Schweiz! (Nachhaltigkeitsinitiative)»;district;112;Zürich;1;Zürich;36929;116059;153943;238055
2026-06-14;6860;Volksinitiative «Keine 10-Millionen-Schweiz! (Nachhaltigkeitsinitiative)»;district;241;Jura bernois;2;Bern;7910;8545;16682;32736
2026-06-14;6860;Volksinitiative «Keine 10-Millionen-Schweiz! (Nachhaltigkeitsinitiative)»;district;242;Biel/Bienne;2;Bern;13168;20417;33804;64405
2026-06-14;6860;Volksinitiative «Keine 10-Millionen-Schweiz! (Nachhaltigkeitsinitiative)»;district;243;Seeland;2;Bern;17820;15561;33556;56715
2026-06-14;6860;Volksinitiative «Keine 10-Millionen-Schweiz! (Nachhaltigkeitsinitiative)»;district;244;Oberaargau;2;Bern;19948;14527;34687;60497
2026-06-14;6860;Volksinitiative «Keine 10-Millionen-Schweiz! (Nachhaltigkeitsinitiative)»;district;245;Emmental;2;Bern;24675;19897;44816;77567
2026-06-14;6860;Volksinitiative «Keine 10-Millionen-Schweiz! (Nachhaltigkeitsinitiative)»;district;246;Bern-Mittelland;2;Bern;63026;124503;188721;296399
2026-06-14;6860;Volksinitiative «Keine 10-Millionen-Schweiz! (Nachhaltigkeitsinitiative)»;district;247;Thun;2;Bern;25166;24356;49865;82891
2026-06-14;6860;Volksinitiative «Keine 10-Millionen-Schweiz! (Nachhaltigkeitsinitiative)»;district;248;Obersimmental-Saanen;2;Bern;4155;2700;6886;11574
2026-06-14;6860;Volksinitiative «Keine 10-Millionen-Schweiz! (Nachhaltigkeitsinitiative)»;district;249;Frutigen-Niedersimmental;2;Bern;12289;7497;19884;31740
2026-06-14;6860;Volksinitiative «Keine 10-Millionen-Schweiz! (Nachhaltigkeitsinitiative)»;district;250;Interlaken-Oberhasli;2;Bern;10553;8793;19447;33497
2026-06-14;6860;Volksinitiative «Keine 10-Millionen-Schweiz! (Nachhaltigkeitsinitiative)»;district;311;Luzern-Stadt;3;Luzern;10268;23659;34193;53237
2026-06-14;6860;Volksinitiative «Keine 10-Millionen-Schweiz! (Nachhaltigkeitsinitiative)»;district;312;Luzern-Land;3;Luzern;21577;25088;47214;72265
2026-06-14;6860;Volksinitiative «Keine 10-Millionen-Schweiz! (Nachhaltigkeitsinitiative)»;district;313;Hochdorf;3;Luzern;15595;13448;29385;47100
2026-06-14;6860;Volksinitiative «Keine 10-Millionen-Schweiz! (Nachhaltigkeitsinitiative)»;district;314;Sursee;3;Luzern;18971;17183;36703;54966
2026-06-14;6860;Volksinitiative «Keine 10-Millionen-Schweiz! (Nachhaltigkeitsinitiative)»;district;315;Willisau;3;Luzern;14871;9070;24215;37926
2026-06-14;6860;Volksinitiative «Keine 10-Millionen-Schweiz! (Nachhaltigkeitsinitiative)»;district;316;Entlebuch;3;Luzern;8075;3744;11960;17066
2026-06-14;6860;Volksinitiative «Keine 10-Millionen-Schweiz! (Nachhaltigkeitsinitiative)»;district;400;Kt. Uri;4;Uri;10188;6717;17126;26818
2026-06-14;6860;Volksinitiative «Keine 10-Millionen-Schweiz! (Nachhaltigkeitsinitiative)»;district;501;Einsiedeln;5;Schwyz;5399;2762;8196;11576
2026-06-14;6860;Volksinitiative «Keine 10-Millionen-Schweiz! (Nachhaltigkeitsinitiative)»;district;502;Gersau;5;Schwyz;573;469;1048;1559
2026-06-14;6860;Volksinitiative «Keine 10-Millionen-Schweiz! (Nachhaltigkeitsinitiative)»;district;503;Höfe;5;Schwyz;7269;5248;12567;18749
2026-06-14;6860;Volksinitiative «Keine 10-Millionen-Schweiz! (Nachhaltigkeitsinitiative)»;district;504;Küssnacht (SZ);5;Schwyz;3265;2940;6232;8869
2026-06-14;6860;Volksinitiative «Keine 10-Millionen-Schweiz! (Nachhaltigkeitsinitiative)»;district;505;March;5;Schwyz;12073;6627;18788;29055
2026-06-14;6860;Volksinitiative «Keine 10-Millionen-Schweiz! (Nachhaltigkeitsinitiative)»;district;506;Schwyz;5;Schwyz;18240;9225;27573;39723
2026-06-14;6860;Volksinitiative «Keine 10-Millionen-Schweiz! (Nachhaltigkeitsinitiative)»;district;600;Kt. Obwalden;6;Obwalden;10892;7732;18916;27967
2026-06-14;6860;Volksinitiative «Keine 10-Millionen-Schweiz! (Nachhaltigkeitsinitiative)»;district;700;Kt. Nidwalden;7;Nidwalden;12162;8759;21203;32134
2026-06-14;6860;Volksinitiative «Keine 10-Millionen-Schweiz! (Nachhaltigkeitsinitiative)»;district;800;Kt. Glarus;8;Glarus;9012;6368;15674;26857
2026-06-14;6860;Volksinitiative «Keine 10-Millionen-Schweiz! (Nachhaltigkeitsinitiative)»;district;900;Kt. Zug;9;Zug;25724;28274;54283;80118
2026-06-14;6860;Volksinitiative «Keine 10-Millionen-Schweiz! (Nachhaltigkeitsinitiative)»;district;1001;La Broye;10;Freiburg;6078;6039;12366;23394
2026-06-14;6860;Volksinitiative «Keine 10-Millionen-Schweiz! (Nachhaltigkeitsinitiative)»;district;1002;La Glâne;10;Freiburg;4997;4336;9547;16700
2026-06-14;6860;Volksinitiative «Keine 10-Millionen-Schweiz! (Nachhaltigkeitsinitiative)»;district;1003;La Gruyère;10;Freiburg;9826;9934;19996;35600
2026-06-14;6860;Volksinitiative «Keine 10-Millionen-Schweiz! (Nachhaltigkeitsinitiative)»;district;1004;La Sarine;10;Freiburg;13012;23801;37158;64526
2026-06-14;6860;Volksinitiative «Keine 10-Millionen-Schweiz! (Nachhaltigkeitsinitiative)»;district;1005;See / Lac;10;Freiburg;7076;7785;14965;24863
2026-06-14;6860;Volksinitiative «Keine 10-Millionen-Schweiz! (Nachhaltigkeitsinitiative)»;district;1006;Sense;10;Freiburg;10473;10404;21034;33616
2026-06-14;6860;Volksinitiative «Keine 10-Millionen-Schweiz! (Nachhaltigkeitsinitiative)»;district;1007;La Veveyse;10;Freiburg;3565;3827;7598;13516
2026-06-14;6860;Volksinitiative «Keine 10-Millionen-Schweiz! (Nachhaltigkeitsinitiative)»;district;1101;Gäu;11;Solothurn;5041;3082;8155;13955
2026-06-14;6860;Volksinitiative «Keine 10-Millionen-Schweiz! (Nachhaltigkeitsinitiative)»;district;1102;Thal;11;Solothurn;4136;2181;6350;10221
2026-06-14;6860;Volksinitiative «Keine 10-Millionen-Schweiz! (Nachhaltigkeitsinitiative)»;district;1103;Bucheggberg;11;Solothurn;2140;1869;4034;6599
2026-06-14;6860;Volksinitiative «Keine 10-Millionen-Schweiz! (Nachhaltigkeitsinitiative)»;district;1104;Dorneck;11;Solothurn;4101;4935;9096;14454
2026-06-14;6860;Volksinitiative «Keine 10-Millionen-Schweiz! (Nachhaltigkeitsinitiative)»;district;1105;Gösgen;11;Solothurn;4976;4362;9389;16213
2026-06-14;6860;Volksinitiative «Keine 10-Millionen-Schweiz! (Nachhaltigkeitsinitiative)»;district;1106;Wasseramt;11;Solothurn;9962;9763;19862;34673
2026-06-14;6860;Volksinitiative «Keine 10-Millionen-Schweiz! (Nachhaltigkeitsinitiative)»;district;1107;Lebern;11;Solothurn;8851;8242;17230;30682
2026-06-14;6860;Volksinitiative «Keine 10-Millionen-Schweiz! (Nachhaltigkeitsinitiative)»;district;1108;Olten;11;Solothurn;9506;10873;20506;35102
2026-06-14;6860;Volksinitiative «Keine 10-Millionen-Schweiz! (Nachhaltigkeitsinitiative)»;district;1109;Solothurn;11;Solothurn;1988;5160;7194;11572
2026-06-14;6860;Volksinitiative «Keine 10-Millionen-Schweiz! (Nachhaltigkeitsinitiative)»;district;1110;Thierstein;11;Solothurn;3735;2522;6306;10921
2026-06-14;6860;Volksinitiative «Keine 10-Millionen-Schweiz! (Nachhaltigkeitsinitiative)»;district;1200;Kt. Basel-Stadt;12;Basel-Stadt;17869;49398;67948;104583
2026-06-14;6860;Volksinitiative «Keine 10-Millionen-Schweiz! (Nachhaltigkeitsinitiative)»;district;1301;Arlesheim;13;Basel-Landschaft;23478;36373;61482;103046
2026-06-14;6860;Volksinitiative «Keine 10-Millionen-Schweiz! (Nachhaltigkeitsinitiative)»;district;1302;Laufen;13;Basel-Landschaft;4444;3505;8071;14195
2026-06-14;6860;Volksinitiative «Keine 10-Millionen-Schweiz! (Nachhaltigkeitsinitiative)»;district;1303;Liestal;13;Basel-Landschaft;9066;11577;21087;37645
2026-06-14;6860;Volksinitiative «Keine 10-Millionen-Schweiz! (Nachhaltigkeitsinitiative)»;district;1304;Sissach;13;Basel-Landschaft;8303;7930;16485;26530
2026-06-14;6860;Volksinitiative «Keine 10-Millionen-Schweiz! (Nachhaltigkeitsinitiative)»;district;1305;Waldenburg;13;Basel-Landschaft;3823;2792;6737;11449
2026-06-14;6860;Volksinitiative «Keine 10-Millionen-Schweiz! (Nachhaltigkeitsinitiative)»;district;1401;Oberklettgau;14;Schaffhausen;1492;1091;2677;3604
2026-06-14;6860;Volksinitiative «Keine 10-Millionen-Schweiz! (Nachhaltigkeitsinitiative)»;district;1402;Reiat;14;Schaffhausen;2641;1975;4759;6157
2026-06-14;6860;Volksinitiative «Keine 10-Millionen-Schweiz! (Nachhaltigkeitsinitiative)»;district;1403;Schaffhausen;14;Schaffhausen;10979;13792;25665;35094
2026-06-14;6860;Volksinitiative «Keine 10-Millionen-Schweiz! (Nachhaltigkeitsinitiative)»;district;1404;Schleitheim;14;Schaffhausen;1061;596;1705;2220
2026-06-14;6860;Volksinitiative «Keine 10-Millionen-Schweiz! (Nachhaltigkeitsinitiative)»;district;1405;Stein;14;Schaffhausen;1584;1475;3127;4127
2026-06-14;6860;Volksinitiative «Keine 10-Millionen-Schweiz! (Nachhaltigkeitsinitiative)»;district;1406;Unterklettgau;14;Schaffhausen;1654;1088;2808;3809
2026-06-14;6860;Volksinitiative «Keine 10-Millionen-Schweiz! (Nachhaltigkeitsinitiative)»;district;1501;Hinterland;15;Appenzell Ausserrhoden;6039;4130;10239;16801
2026-06-14;6860;Volksinitiative «Keine 10-Millionen-Schweiz! (Nachhaltigkeitsinitiative)»;district;1502;Mittelland;15;Appenzell Ausserrhoden;3976;4839;8879;13128
2026-06-14;6860;Volksinitiative «Keine 10-Millionen-Schweiz! (Nachhaltigkeitsinitiative)»;district;1503;Vorderland;15;Appenzell Ausserrhoden;3237;2682;6078;9641
2026-06-14;6860;Volksinitiative «Keine 10-Millionen-Schweiz! (Nachhaltigkeitsinitiative)»;district;1600;Kt. Appenzell i.Rh.;16;Appenzell Innerrhoden;5232;2627;7975;11918
2026-06-14;6860;Volksinitiative «Keine 10-Millionen-Schweiz! (Nachhaltigkeitsinitiative)»;district;1721;St. Gallen;17;St. Gallen;17981;25974;44203;75212
2026-06-14;6860;Volksinitiative «Keine 10-Millionen-Schweiz! (Nachhaltigkeitsinitiative)»;district;1722;Rorschach;17;St. Gallen;7914;7210;15179;26304
2026-06-14;6860;Volksinitiative «Keine 10-Millionen-Schweiz! (Nachhaltigkeitsinitiative)»;district;1723;Rheintal;17;St. Gallen;16387;10279;26745;44691
2026-06-14;6860;Volksinitiative «Keine 10-Millionen-Schweiz! (Nachhaltigkeitsinitiative)»;district;1724;Werdenberg;17;St. Gallen;7853;5827;13722;22233
2026-06-14;6860;Volksinitiative «Keine 10-Millionen-Schweiz! (Nachhaltigkeitsinitiative)»;district;1725;Sarganserland;17;St. Gallen;10590;6659;17320;27851
2026-06-14;6860;Volksinitiative «Keine 10-Millionen-Schweiz! (Nachhaltigkeitsinitiative)»;district;1726;See-Gaster;17;St. Gallen;16462;12877;29496;47162
2026-06-14;6860;Volksinitiative «Keine 10-Millionen-Schweiz! (Nachhaltigkeitsinitiative)»;district;1727;Toggenburg;17;St. Gallen;12915;7169;20159;31738
2026-06-14;6860;Volksinitiative «Keine 10-Millionen-Schweiz! (Nachhaltigkeitsinitiative)»;district;1728;Wil;17;St. Gallen;15270;13548;28955;48151
2026-06-14;6860;Volksinitiative «Keine 10-Millionen-Schweiz! (Nachhaltigkeitsinitiative)»;district;1841;Albula;18;Graubünden;1639;1975;3671;5860
2026-06-14;6860;Volksinitiative «Keine 10-Millionen-Schweiz! (Nachhaltigkeitsinitiative)»;district;1842;Bernina;18;Graubünden;987;1054;2083;3744
2026-06-14;6860;Volksinitiative «Keine 10-Millionen-Schweiz! (Nachhaltigkeitsinitiative)»;district;1843;Engiadina B./Val Müstair;18;Graubünden;1866;2161;4092;6718
2026-06-14;6860;Volksinitiative «Keine 10-Millionen-Schweiz! (Nachhaltigkeitsinitiative)»;district;1844;Imboden;18;Graubünden;3896;4577;8592;14831
2026-06-14;6860;Volksinitiative «Keine 10-Millionen-Schweiz! (Nachhaltigkeitsinitiative)»;district;1845;Landquart;18;Graubünden;5900;5131;11181;18922
2026-06-14;6860;Volksinitiative «Keine 10-Millionen-Schweiz! (Nachhaltigkeitsinitiative)»;district;1846;Maloja;18;Graubünden;2997;3845;6969;11478
2026-06-14;6860;Volksinitiative «Keine 10-Millionen-Schweiz! (Nachhaltigkeitsinitiative)»;district;1847;Moesa;18;Graubünden;2207;1445;3728;6479
2026-06-14;6860;Volksinitiative «Keine 10-Millionen-Schweiz! (Nachhaltigkeitsinitiative)»;district;1848;Plessur;18;Graubünden;7187;9880;17240;29930
2026-06-14;6860;Volksinitiative «Keine 10-Millionen-Schweiz! (Nachhaltigkeitsinitiative)»;district;1849;Prättigau / Davos;18;Graubünden;6368;4923;11450;18367
2026-06-14;6860;Volksinitiative «Keine 10-Millionen-Schweiz! (Nachhaltigkeitsinitiative)»;district;1850;Surselva;18;Graubünden;4643;5253;10021;16713
2026-06-14;6860;Volksinitiative «Keine 10-Millionen-Schweiz! (Nachhaltigkeitsinitiative)»;district;1851;Viamala;18;Graubünden;3052;3009;6140;10288
2026-06-14;6860;Volksinitiative «Keine 10-Millionen-Schweiz! (Nachhaltigkeitsinitiative)»;district;1901;Aarau;19;Aargau;13936;18331;32471;51150
2026-06-14;6860;Volksinitiative «Keine 10-Millionen-Schweiz! (Nachhaltigkeitsinitiative)»;district;1902;Baden;19;Aargau;23013;30335;53641;87991
2026-06-14;6860;Volksinitiative «Keine 10-Millionen-Schweiz! (Nachhaltigkeitsinitiative)»;district;1903;Bremgarten;19;Aargau;16663;13713;30496;50011
2026-06-14;6860;Volksinitiative «Keine 10-Millionen-Schweiz! (Nachhaltigkeitsinitiative)»;district;1904;Brugg;19;Aargau;9677;9980;19769;31907
2026-06-14;6860;Volksinitiative «Keine 10-Millionen-Schweiz! (Nachhaltigkeitsinitiative)»;district;1905;Kulm;19;Aargau;10681;5380;16113;27260
2026-06-14;6860;Volksinitiative «Keine 10-Millionen-Schweiz! (Nachhaltigkeitsinitiative)»;district;1906;Laufenburg;19;Aargau;7990;6711;14773;23651
2026-06-14;6860;Volksinitiative «Keine 10-Millionen-Schweiz! (Nachhaltigkeitsinitiative)»;district;1907;Lenzburg;19;Aargau;13927;11878;25924;42819
2026-06-14;6860;Volksinitiative «Keine 10-Millionen-Schweiz! (Nachhaltigkeitsinitiative)»;district;1908;Muri;19;Aargau;9439;6446;15947;25894
2026-06-14;6860;Volksinitiative «Keine 10-Millionen-Schweiz! (Nachhaltigkeitsinitiative)»;district;1909;Rheinfelden;19;Aargau;8251;8935;17281;29643
2026-06-14;6860;Volksinitiative «Keine 10-Millionen-Schweiz! (Nachhaltigkeitsinitiative)»;district;1910;Zofingen;19;Aargau;14551;11398;26072;46113
2026-06-14;6860;Volksinitiative «Keine 10-Millionen-Schweiz! (Nachhaltigkeitsinitiative)»;district;1911;Zurzach;19;Aargau;7121;5455;12624;21057
2026-06-14;6860;Volksinitiative «Keine 10-Millionen-Schweiz! (Nachhaltigkeitsinitiative)»;district;2011;Arbon;20;Thurgau;11174;8969;20600;35832
2026-06-14;6860;Volksinitiative «Keine 10-Millionen-Schweiz! (Nachhaltigkeitsinitiative)»;district;2012;Frauenfeld;20;Thurgau;14730;13494;28950;46520
2026-06-14;6860;Volksinitiative «Keine 10-Millionen-Schweiz! (Nachhaltigkeitsinitiative)»;district;2013;Kreuzlingen;20;Thurgau;7557;7943;15909;25040
2026-06-14;6860;Volksinitiative «Keine 10-Millionen-Schweiz! (Nachhaltigkeitsinitiative)»;district;2014;Münchwilen;20;Thurgau;11331;7612;19414;32859
2026-06-14;6860;Volksinitiative «Keine 10-Millionen-Schweiz! (Nachhaltigkeitsinitiative)»;district;2015;Weinfelden;20;Thurgau;13860;8663;23014;37413
2026-06-14;6860;Volksinitiative «Keine 10-Millionen-Schweiz! (Nachhaltigkeitsinitiative)»;district;2101;Bellinzona;21;Tessin;8736;8206;17288;35902
2026-06-14;6860;Volksinitiative «Keine 10-Millionen-Schweiz! (Nachhaltigkeitsinitiative)»;district;2102;Blenio;21;Tessin;1350;843;2237;4870
2026-06-14;6860;Volksinitiative «Keine 10-Millionen-Schweiz! (Nachhaltigkeitsinitiative)»;district;2103;Leventina;21;Tessin;1799;1388;3235;5954
2026-06-14;6860;Volksinitiative «Keine 10-Millionen-Schweiz! (Nachhaltigkeitsinitiative)»;district;2104;Locarno;21;Tessin;10398;10713;21419;42738
2026-06-14;6860;Volksinitiative «Keine 10-Millionen-Schweiz! (Nachhaltigkeitsinitiative)»;district;2105;Lugano;21;Tessin;23582;23874;48162;93033
2026-06-14;6860;Volksinitiative «Keine 10-Millionen-Schweiz! (Nachhaltigkeitsinitiative)»;district;2106;Mendrisio;21;Tessin;8619;8492;17374;34127
2026-06-14;6860;Volksinitiative «Keine 10-Millionen-Schweiz! (Nachhaltigkeitsinitiative)»;district;2107;Riviera;21;Tessin;1520;1018;2586;5785
2026-06-14;6860;Volksinitiative «Keine 10-Millionen-Schweiz! (Nachhaltigkeitsinitiative)»;district;2108;Vallemaggia;21;Tessin;1117;1098;2264;4526
2026-06-14;6860;Volksinitiative «Keine 10-Millionen-Schweiz! (Nachhaltigkeitsinitiative)»;district;2221;Aigle;22;Waadt;5835;7645;13659;25724
2026-06-14;6860;Volksinitiative «Keine 10-Millionen-Schweiz! (Nachhaltigkeitsinitiative)»;district;2222;Broye-Vully;22;Waadt;6447;6484;13079;26640
2026-06-14;6860;Volksinitiative «Keine 10-Millionen-Schweiz! (Nachhaltigkeitsinitiative)»;district;2223;Gros-de-Vaud;22;Waadt;7750;9925;17883;31015
2026-06-14;6860;Volksinitiative «Keine 10-Millionen-Schweiz! (Nachhaltigkeitsinitiative)»;district;2224;Jura-Nord vaudois;22;Waadt;12443;17434;30327;57495
2026-06-14;6860;Volksinitiative «Keine 10-Millionen-Schweiz! (Nachhaltigkeitsinitiative)»;district;2225;Lausanne;22;Waadt;11865;33313;45678;85195
2026-06-14;6860;Volksinitiative «Keine 10-Millionen-Schweiz! (Nachhaltigkeitsinitiative)»;district;2226;Lavaux-Oron;22;Waadt;7909;15896;24115;39556
2026-06-14;6860;Volksinitiative «Keine 10-Millionen-Schweiz! (Nachhaltigkeitsinitiative)»;district;2227;Morges;22;Waadt;10668;19326;30373;52596
2026-06-14;6860;Volksinitiative «Keine 10-Millionen-Schweiz! (Nachhaltigkeitsinitiative)»;district;2228;Nyon;22;Waadt;11579;22060;34074;58303
2026-06-14;6860;Volksinitiative «Keine 10-Millionen-Schweiz! (Nachhaltigkeitsinitiative)»;district;2229;Ouest lausannois;22;Waadt;6169;12051;18435;37753
2026-06-14;6860;Volksinitiative «Keine 10-Millionen-Schweiz! (Nachhaltigkeitsinitiative)»;district;2230;Riviera-Pays-d'Enhaut;22;Waadt;8971;17262;26561;47579
2026-06-14;6860;Volksinitiative «Keine 10-Millionen-Schweiz! (Nachhaltigkeitsinitiative)»;district;2301;Brig;23;Wallis;5915;5423;11617;19325
2026-06-14;6860;Volksinitiative «Keine 10-Millionen-Schweiz! (Nachhaltigkeitsinitiative)»;district;2302;Conthey;23;Wallis;5101;5324;10672;19560
2026-06-14;6860;Volksinitiative «Keine 10-Millionen-Schweiz! (Nachhaltigkeitsinitiative)»;district;2303;Entremont;23;Wallis;2452;3203;5810;9825
2026-06-14;6860;Volksinitiative «Keine 10-Millionen-Schweiz! (Nachhaltigkeitsinitiative)»;district;2304;Goms;23;Wallis;944;987;1964;3253
2026-06-14;6860;Volksinitiative «Keine 10-Millionen-Schweiz! (Nachhaltigkeitsinitiative)»;district;2305;Hérens;23;Wallis;2298;2837;5299;8604
2026-06-14;6860;Volksinitiative «Keine 10-Millionen-Schweiz! (Nachhaltigkeitsinitiative)»;district;2306;Leuk;23;Wallis;3321;2477;5907;9228
2026-06-14;6860;Volksinitiative «Keine 10-Millionen-Schweiz! (Nachhaltigkeitsinitiative)»;district;2307;Martigny;23;Wallis;7987;9497;17877;31952
2026-06-14;6860;Volksinitiative «Keine 10-Millionen-Schweiz! (Nachhaltigkeitsinitiative)»;district;2308;Monthey;23;Wallis;7913;7930;16278;29493
2026-06-14;6860;Volksinitiative «Keine 10-Millionen-Schweiz! (Nachhaltigkeitsinitiative)»;district;2309;Raron;23;Wallis;2686;2372;5139;8347
2026-06-14;6860;Volksinitiative «Keine 10-Millionen-Schweiz! (Nachhaltigkeitsinitiative)»;district;2310;Saint-Maurice;23;Wallis;2355;2758;5223;9315
2026-06-14;6860;Volksinitiative «Keine 10-Millionen-Schweiz! (Nachhaltigkeitsinitiative)»;district;2311;Sierre;23;Wallis;7482;9347;17289;30069
2026-06-14;6860;Volksinitiative «Keine 10-Millionen-Schweiz! (Nachhaltigkeitsinitiative)»;district;2312;Sion;23;Wallis;6946;10972;18129;32245
2026-06-14;6860;Volksinitiative «Keine 10-Millionen-Schweiz! (Nachhaltigkeitsinitiative)»;district;2313;Visp;23;Wallis;6100;4956;11287;17776
2026-06-14;6860;Volksinitiative «Keine 10-Millionen-Schweiz! (Nachhaltigkeitsinitiative)»;district;2400;Cant. de Neuchâtel;24;Neuenburg;18847;38726;58101;115278
2026-06-14;6860;Volksinitiative «Keine 10-Millionen-Schweiz! (Nachhaltigkeitsinitiative)»;district;2500;Cant. de Genève;25;Genf;47526;87891;137482;250264
2026-06-14;6860;Volksinitiative «Keine 10-Millionen-Schweiz! (Nachhaltigkeitsinitiative)»;district;2601;Delémont;26;Jura;5579;8379;14109;27439
2026-06-14;6860;Volksinitiative «Keine 10-Millionen-Schweiz! (Nachhaltigkeitsinitiative)»;district;2602;Les Franches-Montagnes;26;Jura;1472;2894;4409;8409
2026-06-14;6860;Volksinitiative «Keine 10-Millionen-Schweiz! (Nachhaltigkeitsinitiative)»;district;2603;Porrentruy;26;Jura;4097;5294;9489;19166
2026-06-14;6860;Volksinitiative «Keine 10-Millionen-Schweiz! (Nachhaltigkeitsinitiative)»;district;2604;Moutier;26;Jura;801;1290;2115;4355
2026-06-14;6860;Volksinitiative «Keine 10-Millionen-Schweiz! (Nachhaltigkeitsinitiative)»;municipality;1;Aeugst am Albis;1;Zürich;498;514;1017;1381
2026-06-14;6860;Volksinitiative «Keine 10-Millionen-Schweiz! (Nachhaltigkeitsinitiative)»;municipality;2;Affoltern am Albis;1;Zürich;1869;2307;4203;7307
2026-06-14;6860;Volksinitiative «Keine 10-Millionen-Schweiz! (Nachhaltigkeitsinitiative)»;municipality;3;Bonstetten;1;Zürich;1072;1515;2597;3705
2026-06-14;6860;Volksinitiative «Keine 10-Millionen-Schweiz! (Nachhaltigkeitsinitiative)»;municipality;4;Hausen am Albis;1;Zürich;825;1023;1856;2659
2026-06-14;6860;Volksinitiative «Keine 10-Millionen-Schweiz! (Nachhaltigkeitsinitiative)»;municipality;5;Hedingen;1;Zürich;736;1043;1791;2593
2026-06-14;6860;Volksinitiative «Keine 10-Millionen-Schweiz! (Nachhaltigkeitsinitiative)»;municipality;6;Kappel am Albis;1;Zürich;348;275;625;898
2026-06-14;6860;Volksinitiative «Keine 10-Millionen-Schweiz! (Nachhaltigkeitsinitiative)»;municipality;7;Knonau;1;Zürich;472;563;1040;1536
2026-06-14;6860;Volksinitiative «Keine 10-Millionen-Schweiz! (Nachhaltigkeitsinitiative)»;municipality;8;Maschwanden;1;Zürich;156;143;301;448
2026-06-14;6860;Volksinitiative «Keine 10-Millionen-Schweiz! (Nachhaltigkeitsinitiative)»;municipality;9;Mettmenstetten;1;Zürich;1217;1403;2638;3839
2026-06-14;6860;Volksinitiative «Keine 10-Millionen-Schweiz! (Nachhaltigkeitsinitiative)»;municipality;10;Obfelden;1;Zürich;1067;1099;2180;3690
2026-06-14;6860;Volksinitiative «Keine 10-Millionen-Schweiz! (Nachhaltigkeitsinitiative)»;municipality;11;Ottenbach;1;Zürich;685;647;1340;2032
2026-06-14;6860;Volksinitiative «Keine 10-Millionen-Schweiz! (Nachhaltigkeitsinitiative)»;municipality;12;Rifferswil;1;Zürich;250;381;633;850
2026-06-14;6860;Volksinitiative «Keine 10-Millionen-Schweiz! (Nachhaltigkeitsinitiative)»;municipality;13;Stallikon;1;Zürich;734;915;1654;2409
2026-06-14;6860;Volksinitiative «Keine 10-Millionen-Schweiz! (Nachhaltigkeitsinitiative)»;municipality;14;Wettswil am Albis;1;Zürich;1078;1444;2536;3551
2026-06-14;6860;Volksinitiative «Keine 10-Millionen-Schweiz! (Nachhaltigkeitsinitiative)»;municipality;22;Benken (ZH);1;Zürich;234;176;411;618
2026-06-14;6860;Volksinitiative «Keine 10-Millionen-Schweiz! (Nachhaltigkeitsinitiative)»;municipality;23;Berg am Irchel;1;Zürich;205;140;345;466
2026-06-14;6860;Volksinitiative «Keine 10-Millionen-Schweiz! (Nachhaltigkeitsinitiative)»;municipality;24;Buch am Irchel;1;Zürich;303;229;533;758
2026-06-14;6860;Volksinitiative «Keine 10-Millionen-Schweiz! (Nachhaltigkeitsinitiative)»;municipality;25;Dachsen;1;Zürich;366;499;875;1345
2026-06-14;6860;Volksinitiative «Keine 10-Millionen-Schweiz! (Nachhaltigkeitsinitiative)»;municipality;26;Dorf;1;Zürich;224;145;371;541
2026-06-14;6860;Volksinitiative «Keine 10-Millionen-Schweiz! (Nachhaltigkeitsinitiative)»;municipality;27;Feuerthalen;1;Zürich;640;749;1409;2364
2026-06-14;6860;Volksinitiative «Keine 10-Millionen-Schweiz! (Nachhaltigkeitsinitiative)»;municipality;28;Flaach;1;Zürich;430;286;722;1078
2026-06-14;6860;Volksinitiative «Keine 10-Millionen-Schweiz! (Nachhaltigkeitsinitiative)»;municipality;29;Flurlingen;1;Zürich;282;439;725;1004
2026-06-14;6860;Volksinitiative «Keine 10-Millionen-Schweiz! (Nachhaltigkeitsinitiative)»;municipality;31;Henggart;1;Zürich;563;529;1100;1654
2026-06-14;6860;Volksinitiative «Keine 10-Millionen-Schweiz! (Nachhaltigkeitsinitiative)»;municipality;33;Kleinandelfingen;1;Zürich;560;500;1067;1576
2026-06-14;6860;Volksinitiative «Keine 10-Millionen-Schweiz! (Nachhaltigkeitsinitiative)»;municipality;34;Laufen-Uhwiesen;1;Zürich;448;416;869;1337
2026-06-14;6860;Volksinitiative «Keine 10-Millionen-Schweiz! (Nachhaltigkeitsinitiative)»;municipality;35;Marthalen;1;Zürich;582;366;955;1481
2026-06-14;6860;Volksinitiative «Keine 10-Millionen-Schweiz! (Nachhaltigkeitsinitiative)»;municipality;37;Ossingen;1;Zürich;440;399;849;1306
2026-06-14;6860;Volksinitiative «Keine 10-Millionen-Schweiz! (Nachhaltigkeitsinitiative)»;municipality;38;Rheinau;1;Zürich;271;313;586;862
2026-06-14;6860;Volksinitiative «Keine 10-Millionen-Schweiz! (Nachhaltigkeitsinitiative)»;municipality;39;Thalheim an der Thur;1;Zürich;328;167;499;780
2026-06-14;6860;Volksinitiative «Keine 10-Millionen-Schweiz! (Nachhaltigkeitsinitiative)»;municipality;40;Trüllikon;1;Zürich;310;191;506;850
2026-06-14;6860;Volksinitiative «Keine 10-Millionen-Schweiz! (Nachhaltigkeitsinitiative)»;municipality;41;Truttikon;1;Zürich;163;113;279;354
2026-06-14;6860;Volksinitiative «Keine 10-Millionen-Schweiz! (Nachhaltigkeitsinitiative)»;municipality;43;Volken;1;Zürich;113;58;173;264
2026-06-14;6860;Volksinitiative «Keine 10-Millionen-Schweiz! (Nachhaltigkeitsinitiative)»;municipality;51;Bachenbülach;1;Zürich;671;750;1426;2650
2026-06-14;6860;Volksinitiative «Keine 10-Millionen-Schweiz! (Nachhaltigkeitsinitiative)»;municipality;52;Bassersdorf;1;Zürich;2023;2057;4100;7308
2026-06-14;6860;Volksinitiative «Keine 10-Millionen-Schweiz! (Nachhaltigkeitsinitiative)»;municipality;53;Bülach;1;Zürich;3503;4097;7662;13719
2026-06-14;6860;Volksinitiative «Keine 10-Millionen-Schweiz! (Nachhaltigkeitsinitiative)»;municipality;54;Dietlikon;1;Zürich;1215;1508;2730;4810
2026-06-14;6860;Volksinitiative «Keine 10-Millionen-Schweiz! (Nachhaltigkeitsinitiative)»;municipality;55;Eglisau;1;Zürich;992;1242;2250;3483
2026-06-14;6860;Volksinitiative «Keine 10-Millionen-Schweiz! (Nachhaltigkeitsinitiative)»;municipality;56;Embrach;1;Zürich;1705;1411;3132;5796
2026-06-14;6860;Volksinitiative «Keine 10-Millionen-Schweiz! (Nachhaltigkeitsinitiative)»;municipality;57;Freienstein-Teufen;1;Zürich;524;538;1067;1609
2026-06-14;6860;Volksinitiative «Keine 10-Millionen-Schweiz! (Nachhaltigkeitsinitiative)»;municipality;58;Glattfelden;1;Zürich;1128;799;1933;3320
2026-06-14;6860;Volksinitiative «Keine 10-Millionen-Schweiz! (Nachhaltigkeitsinitiative)»;municipality;59;Hochfelden;1;Zürich;496;331;830;1346
2026-06-14;6860;Volksinitiative «Keine 10-Millionen-Schweiz! (Nachhaltigkeitsinitiative)»;municipality;60;Höri;1;Zürich;554;301;862;1761
2026-06-14;6860;Volksinitiative «Keine 10-Millionen-Schweiz! (Nachhaltigkeitsinitiative)»;municipality;61;Hüntwangen;1;Zürich;298;233;534;792
2026-06-14;6860;Volksinitiative «Keine 10-Millionen-Schweiz! (Nachhaltigkeitsinitiative)»;municipality;62;Kloten;1;Zürich;2804;2544;5371;11218
2026-06-14;6860;Volksinitiative «Keine 10-Millionen-Schweiz! (Nachhaltigkeitsinitiative)»;municipality;63;Lufingen;1;Zürich;621;491;1120;1768
2026-06-14;6860;Volksinitiative «Keine 10-Millionen-Schweiz! (Nachhaltigkeitsinitiative)»;municipality;64;Nürensdorf;1;Zürich;1494;1066;2573;4015
2026-06-14;6860;Volksinitiative «Keine 10-Millionen-Schweiz! (Nachhaltigkeitsinitiative)»;municipality;65;Oberembrach;1;Zürich;337;213;552;812
2026-06-14;6860;Volksinitiative «Keine 10-Millionen-Schweiz! (Nachhaltigkeitsinitiative)»;municipality;66;Opfikon;1;Zürich;1853;2171;4043;9148
2026-06-14;6860;Volksinitiative «Keine 10-Millionen-Schweiz! (Nachhaltigkeitsinitiative)»;municipality;67;Rafz;1;Zürich;1016;886;1921;3023
2026-06-14;6860;Volksinitiative «Keine 10-Millionen-Schweiz! (Nachhaltigkeitsinitiative)»;municipality;68;Rorbas;1;Zürich;511;414;931;1739
2026-06-14;6860;Volksinitiative «Keine 10-Millionen-Schweiz! (Nachhaltigkeitsinitiative)»;municipality;69;Wallisellen;1;Zürich;2365;3169;5570;9760
2026-06-14;6860;Volksinitiative «Keine 10-Millionen-Schweiz! (Nachhaltigkeitsinitiative)»;municipality;70;Wasterkingen;1;Zürich;151;130;283;427
2026-06-14;6860;Volksinitiative «Keine 10-Millionen-Schweiz! (Nachhaltigkeitsinitiative)»;municipality;71;Wil (ZH);1;Zürich;412;328;746;1086
2026-06-14;6860;Volksinitiative «Keine 10-Millionen-Schweiz! (Nachhaltigkeitsinitiative)»;municipality;72;Winkel;1;Zürich;1221;1035;2260;3434
2026-06-14;6860;Volksinitiative «Keine 10-Millionen-Schweiz! (Nachhaltigkeitsinitiative)»;municipality;81;Bachs;1;Zürich;187;119;307;460
2026-06-14;6860;Volksinitiative «Keine 10-Millionen-Schweiz! (Nachhaltigkeitsinitiative)»;municipality;82;Boppelsen;1;Zürich;360;322;686;998
2026-06-14;6860;Volksinitiative «Keine 10-Millionen-Schweiz! (Nachhaltigkeitsinitiative)»;municipality;83;Buchs (ZH);1;Zürich;1248;947;2204;3932
2026-06-14;6860;Volksinitiative «Keine 10-Millionen-Schweiz! (Nachhaltigkeitsinitiative)»;municipality;84;Dällikon;1;Zürich;759;525;1292;2452
2026-06-14;6860;Volksinitiative «Keine 10-Millionen-Schweiz! (Nachhaltigkeitsinitiative)»;municipality;85;Dänikon;1;Zürich;349;288;640;1065
2026-06-14;6860;Volksinitiative «Keine 10-Millionen-Schweiz! (Nachhaltigkeitsinitiative)»;municipality;86;Dielsdorf;1;Zürich;1076;908;1998;3622
2026-06-14;6860;Volksinitiative «Keine 10-Millionen-Schweiz! (Nachhaltigkeitsinitiative)»;municipality;87;Hüttikon;1;Zürich;239;144;387;588
2026-06-14;6860;Volksinitiative «Keine 10-Millionen-Schweiz! (Nachhaltigkeitsinitiative)»;municipality;88;Neerach;1;Zürich;959;671;1638;2374
2026-06-14;6860;Volksinitiative «Keine 10-Millionen-Schweiz! (Nachhaltigkeitsinitiative)»;municipality;89;Niederglatt;1;Zürich;996;772;1779;3249
2026-06-14;6860;Volksinitiative «Keine 10-Millionen-Schweiz! (Nachhaltigkeitsinitiative)»;municipality;90;Niederhasli;1;Zürich;1745;1325;3083;5648
2026-06-14;6860;Volksinitiative «Keine 10-Millionen-Schweiz! (Nachhaltigkeitsinitiative)»;municipality;91;Niederweningen;1;Zürich;650;716;1372;2134
2026-06-14;6860;Volksinitiative «Keine 10-Millionen-Schweiz! (Nachhaltigkeitsinitiative)»;municipality;92;Oberglatt;1;Zürich;972;765;1746;3774
2026-06-14;6860;Volksinitiative «Keine 10-Millionen-Schweiz! (Nachhaltigkeitsinitiative)»;municipality;93;Oberweningen;1;Zürich;473;328;808;1220
2026-06-14;6860;Volksinitiative «Keine 10-Millionen-Schweiz! (Nachhaltigkeitsinitiative)»;municipality;94;Otelfingen;1;Zürich;565;637;1209;1785
2026-06-14;6860;Volksinitiative «Keine 10-Millionen-Schweiz! (Nachhaltigkeitsinitiative)»;municipality;95;Regensberg;1;Zürich;89;130;219;309
2026-06-14;6860;Volksinitiative «Keine 10-Millionen-Schweiz! (Nachhaltigkeitsinitiative)»;municipality;96;Regensdorf;1;Zürich;2847;2503;5405;10617
2026-06-14;6860;Volksinitiative «Keine 10-Millionen-Schweiz! (Nachhaltigkeitsinitiative)»;municipality;97;Rümlang;1;Zürich;1303;1003;2317;4544
2026-06-14;6860;Volksinitiative «Keine 10-Millionen-Schweiz! (Nachhaltigkeitsinitiative)»;municipality;98;Schleinikon;1;Zürich;246;154;406;633
2026-06-14;6860;Volksinitiative «Keine 10-Millionen-Schweiz! (Nachhaltigkeitsinitiative)»;municipality;99;Schöfflisdorf;1;Zürich;384;278;662;947
2026-06-14;6860;Volksinitiative «Keine 10-Millionen-Schweiz! (Nachhaltigkeitsinitiative)»;municipality;100;Stadel;1;Zürich;654;359;1019;1705
2026-06-14;6860;Volksinitiative «Keine 10-Millionen-Schweiz! (Nachhaltigkeitsinitiative)»;municipality;101;Steinmaur;1;Zürich;736;655;1402;2189
2026-06-14;6860;Volksinitiative «Keine 10-Millionen-Schweiz! (Nachhaltigkeitsinitiative)»;municipality;102;Weiach;1;Zürich;427;195;629;1201
2026-06-14;6860;Volksinitiative «Keine 10-Millionen-Schweiz! (Nachhaltigkeitsinitiative)»;municipality;111;Bäretswil;1;Zürich;1464;905;2417;3643
2026-06-14;6860;Volksinitiative «Keine 10-Millionen-Schweiz! (Nachhaltigkeitsinitiative)»;municipality;112;Bubikon;1;Zürich;1840;1783;3647;5472
2026-06-14;6860;Volksinitiative «Keine 10-Millionen-Schweiz! (Nachhaltigkeitsinitiative)»;municipality;113;Dürnten;1;Zürich;1829;1495;3344;5234
2026-06-14;6860;Volksinitiative «Keine 10-Millionen-Schweiz! (Nachhaltigkeitsinitiative)»;municipality;114;Fischenthal;1;Zürich;872;322;1200;1781
2026-06-14;6860;Volksinitiative «Keine 10-Millionen-Schweiz! (Nachhaltigkeitsinitiative)»;municipality;115;Gossau (ZH);1;Zürich;2522;2020;4567;7272
2026-06-14;6860;Volksinitiative «Keine 10-Millionen-Schweiz! (Nachhaltigkeitsinitiative)»;municipality;116;Grüningen;1;Zürich;971;721;1696;2638
2026-06-14;6860;Volksinitiative «Keine 10-Millionen-Schweiz! (Nachhaltigkeitsinitiative)»;municipality;117;Hinwil;1;Zürich;2691;2079;4800;7866
2026-06-14;6860;Volksinitiative «Keine 10-Millionen-Schweiz! (Nachhaltigkeitsinitiative)»;municipality;118;Rüti (ZH);1;Zürich;2123;2160;4310;7778
2026-06-14;6860;Volksinitiative «Keine 10-Millionen-Schweiz! (Nachhaltigkeitsinitiative)»;municipality;119;Seegräben;1;Zürich;328;336;668;981
2026-06-14;6860;Volksinitiative «Keine 10-Millionen-Schweiz! (Nachhaltigkeitsinitiative)»;municipality;120;Wald (ZH);1;Zürich;1988;1709;3721;6323
2026-06-14;6860;Volksinitiative «Keine 10-Millionen-Schweiz! (Nachhaltigkeitsinitiative)»;municipality;121;Wetzikon (ZH);1;Zürich;4179;4680;8911;15759
2026-06-14;6860;Volksinitiative «Keine 10-Millionen-Schweiz! (Nachhaltigkeitsinitiative)»;municipality;131;Adliswil;1;Zürich;2333;3302;5677;9756
2026-06-14;6860;Volksinitiative «Keine 10-Millionen-Schweiz! (Nachhaltigkeitsinitiative)»;municipality;135;Kilchberg (ZH);1;Zürich;1264;2169;3445;5030
2026-06-14;6860;Volksinitiative «Keine 10-Millionen-Schweiz! (Nachhaltigkeitsinitiative)»;municipality;136;Langnau am Albis;1;Zürich;1181;1665;2862;4461
2026-06-14;6860;Volksinitiative «Keine 10-Millionen-Schweiz! (Nachhaltigkeitsinitiative)»;municipality;137;Oberrieden;1;Zürich;884;1510;2409;3355
2026-06-14;6860;Volksinitiative «Keine 10-Millionen-Schweiz! (Nachhaltigkeitsinitiative)»;municipality;138;Richterswil;1;Zürich;2592;3266;5892;9220
2026-06-14;6860;Volksinitiative «Keine 10-Millionen-Schweiz! (Nachhaltigkeitsinitiative)»;municipality;139;Rüschlikon;1;Zürich;978;1481;2476;3523
2026-06-14;6860;Volksinitiative «Keine 10-Millionen-Schweiz! (Nachhaltigkeitsinitiative)»;municipality;141;Thalwil;1;Zürich;2604;4391;7038;10570
2026-06-14;6860;Volksinitiative «Keine 10-Millionen-Schweiz! (Nachhaltigkeitsinitiative)»;municipality;151;Erlenbach (ZH);1;Zürich;983;1548;2542;3491
2026-06-14;6860;Volksinitiative «Keine 10-Millionen-Schweiz! (Nachhaltigkeitsinitiative)»;municipality;152;Herrliberg;1;Zürich;1410;1670;3104;4206
2026-06-14;6860;Volksinitiative «Keine 10-Millionen-Schweiz! (Nachhaltigkeitsinitiative)»;municipality;153;Hombrechtikon;1;Zürich;1881;1852;3759;5904
2026-06-14;6860;Volksinitiative «Keine 10-Millionen-Schweiz! (Nachhaltigkeitsinitiative)»;municipality;154;Küsnacht (ZH);1;Zürich;2472;3807;6358;8938
2026-06-14;6860;Volksinitiative «Keine 10-Millionen-Schweiz! (Nachhaltigkeitsinitiative)»;municipality;155;Männedorf;1;Zürich;1957;3240;5237;7554
2026-06-14;6860;Volksinitiative «Keine 10-Millionen-Schweiz! (Nachhaltigkeitsinitiative)»;municipality;156;Meilen;1;Zürich;2675;3936;6677;9383
2026-06-14;6860;Volksinitiative «Keine 10-Millionen-Schweiz! (Nachhaltigkeitsinitiative)»;municipality;157;Oetwil am See;1;Zürich;883;670;1560;2847
2026-06-14;6860;Volksinitiative «Keine 10-Millionen-Schweiz! (Nachhaltigkeitsinitiative)»;municipality;158;Stäfa;1;Zürich;2738;4315;7086;10088
2026-06-14;6860;Volksinitiative «Keine 10-Millionen-Schweiz! (Nachhaltigkeitsinitiative)»;municipality;159;Uetikon am See;1;Zürich;1191;1790;2996;4317
2026-06-14;6860;Volksinitiative «Keine 10-Millionen-Schweiz! (Nachhaltigkeitsinitiative)»;municipality;160;Zumikon;1;Zürich;1079;1587;2680;3568
2026-06-14;6860;Volksinitiative «Keine 10-Millionen-Schweiz! (Nachhaltigkeitsinitiative)»;municipality;161;Zollikon;1;Zürich;2047;3709;5817;8201
2026-06-14;6860;Volksinitiative «Keine 10-Millionen-Schweiz! (Nachhaltigkeitsinitiative)»;municipality;172;Fehraltorf;1;Zürich;1326;1325;2668;4416
2026-06-14;6860;Volksinitiative «Keine 10-Millionen-Schweiz! (Nachhaltigkeitsinitiative)»;municipality;173;Hittnau;1;Zürich;1033;819;1864;2861
2026-06-14;6860;Volksinitiative «Keine 10-Millionen-Schweiz! (Nachhaltigkeitsinitiative)»;municipality;176;Lindau;1;Zürich;1227;1057;2296;3693
2026-06-14;6860;Volksinitiative «Keine 10-Millionen-Schweiz! (Nachhaltigkeitsinitiative)»;municipality;177;Pfäffikon;1;Zürich;2388;2854;5280;8485
2026-06-14;6860;Volksinitiative «Keine 10-Millionen-Schweiz! (Nachhaltigkeitsinitiative)»;municipality;178;Russikon;1;Zürich;1182;928;2122;3217
2026-06-14;6860;Volksinitiative «Keine 10-Millionen-Schweiz! (Nachhaltigkeitsinitiative)»;municipality;180;Weisslingen;1;Zürich;896;736;1640;2448
2026-06-14;6860;Volksinitiative «Keine 10-Millionen-Schweiz! (Nachhaltigkeitsinitiative)»;municipality;181;Wila;1;Zürich;600;310;913;1475
2026-06-14;6860;Volksinitiative «Keine 10-Millionen-Schweiz! (Nachhaltigkeitsinitiative)»;municipality;182;Wildberg;1;Zürich;300;219;522;724
2026-06-14;6860;Volksinitiative «Keine 10-Millionen-Schweiz! (Nachhaltigkeitsinitiative)»;municipality;191;Dübendorf;1;Zürich;4469;5460;9979;17313
2026-06-14;6860;Volksinitiative «Keine 10-Millionen-Schweiz! (Nachhaltigkeitsinitiative)»;municipality;192;Egg;1;Zürich;1729;1833;3596;5543
2026-06-14;6860;Volksinitiative «Keine 10-Millionen-Schweiz! (Nachhaltigkeitsinitiative)»;municipality;193;Fällanden;1;Zürich;1393;1979;3389;5676
2026-06-14;6860;Volksinitiative «Keine 10-Millionen-Schweiz! (Nachhaltigkeitsinitiative)»;municipality;194;Greifensee;1;Zürich;836;1241;2096;3379
2026-06-14;6860;Volksinitiative «Keine 10-Millionen-Schweiz! (Nachhaltigkeitsinitiative)»;municipality;195;Maur;1;Zürich;2068;2699;4785;6888
2026-06-14;6860;Volksinitiative «Keine 10-Millionen-Schweiz! (Nachhaltigkeitsinitiative)»;municipality;196;Mönchaltorf;1;Zürich;897;939;1848;2884
2026-06-14;6860;Volksinitiative «Keine 10-Millionen-Schweiz! (Nachhaltigkeitsinitiative)»;municipality;197;Schwerzenbach;1;Zürich;794;1048;1853;3053
2026-06-14;6860;Volksinitiative «Keine 10-Millionen-Schweiz! (Nachhaltigkeitsinitiative)»;municipality;198;Uster;1;Zürich;5400;9222;14710;22779
2026-06-14;6860;Volksinitiative «Keine 10-Millionen-Schweiz! (Nachhaltigkeitsinitiative)»;municipality;199;Volketswil;1;Zürich;3586;3064;6680;11713
2026-06-14;6860;Volksinitiative «Keine 10-Millionen-Schweiz! (Nachhaltigkeitsinitiative)»;municipality;200;Wangen-Brüttisellen;1;Zürich;1360;1320;2695;4787
2026-06-14;6860;Volksinitiative «Keine 10-Millionen-Schweiz! (Nachhaltigkeitsinitiative)»;municipality;211;Altikon;1;Zürich;209;156;366;554
2026-06-14;6860;Volksinitiative «Keine 10-Millionen-Schweiz! (Nachhaltigkeitsinitiative)»;municipality;213;Brütten;1;Zürich;612;596;1216;1666
2026-06-14;6860;Volksinitiative «Keine 10-Millionen-Schweiz! (Nachhaltigkeitsinitiative)»;municipality;214;Dägerlen;1;Zürich;369;283;657;911
2026-06-14;6860;Volksinitiative «Keine 10-Millionen-Schweiz! (Nachhaltigkeitsinitiative)»;municipality;215;Dättlikon;1;Zürich;201;261;465;628
2026-06-14;6860;Volksinitiative «Keine 10-Millionen-Schweiz! (Nachhaltigkeitsinitiative)»;municipality;216;Dinhard;1;Zürich;516;382;910;1262
2026-06-14;6860;Volksinitiative «Keine 10-Millionen-Schweiz! (Nachhaltigkeitsinitiative)»;municipality;218;Ellikon an der Thur;1;Zürich;276;204;480;735
2026-06-14;6860;Volksinitiative «Keine 10-Millionen-Schweiz! (Nachhaltigkeitsinitiative)»;municipality;219;Elsau;1;Zürich;820;894;1721;2590
2026-06-14;6860;Volksinitiative «Keine 10-Millionen-Schweiz! (Nachhaltigkeitsinitiative)»;municipality;220;Hagenbuch;1;Zürich;342;158;500;798
2026-06-14;6860;Volksinitiative «Keine 10-Millionen-Schweiz! (Nachhaltigkeitsinitiative)»;municipality;221;Hettlingen;1;Zürich;857;842;1714;2327
2026-06-14;6860;Volksinitiative «Keine 10-Millionen-Schweiz! (Nachhaltigkeitsinitiative)»;municipality;223;Neftenbach;1;Zürich;1282;1312;2610;4015
2026-06-14;6860;Volksinitiative «Keine 10-Millionen-Schweiz! (Nachhaltigkeitsinitiative)»;municipality;224;Pfungen;1;Zürich;706;695;1408;2473
2026-06-14;6860;Volksinitiative «Keine 10-Millionen-Schweiz! (Nachhaltigkeitsinitiative)»;municipality;225;Rickenbach (ZH);1;Zürich;642;608;1261;1970
2026-06-14;6860;Volksinitiative «Keine 10-Millionen-Schweiz! (Nachhaltigkeitsinitiative)»;municipality;226;Schlatt (ZH);1;Zürich;224;150;377;543
2026-06-14;6860;Volksinitiative «Keine 10-Millionen-Schweiz! (Nachhaltigkeitsinitiative)»;municipality;227;Seuzach;1;Zürich;1832;1731;3605;5586
2026-06-14;6860;Volksinitiative «Keine 10-Millionen-Schweiz! (Nachhaltigkeitsinitiative)»;municipality;228;Turbenthal;1;Zürich;1144;791;1944;3353
2026-06-14;6860;Volksinitiative «Keine 10-Millionen-Schweiz! (Nachhaltigkeitsinitiative)»;municipality;230;Winterthur;1;Zürich;13414;31315;45046;72267
2026-06-14;6860;Volksinitiative «Keine 10-Millionen-Schweiz! (Nachhaltigkeitsinitiative)»;municipality;231;Zell (ZH);1;Zürich;1319;1088;2415;4246
2026-06-14;6860;Volksinitiative «Keine 10-Millionen-Schweiz! (Nachhaltigkeitsinitiative)»;municipality;241;Aesch (ZH);1;Zürich;380;425;807;1074
2026-06-14;6860;Volksinitiative «Keine 10-Millionen-Schweiz! (Nachhaltigkeitsinitiative)»;municipality;242;Birmensdorf (ZH);1;Zürich;1225;1650;2893;4503
2026-06-14;6860;Volksinitiative «Keine 10-Millionen-Schweiz! (Nachhaltigkeitsinitiative)»;municipality;243;Dietikon;1;Zürich;2670;3010;5717;11778
2026-06-14;6860;Volksinitiative «Keine 10-Millionen-Schweiz! (Nachhaltigkeitsinitiative)»;municipality;244;Geroldswil;1;Zürich;857;711;1576;2993
2026-06-14;6860;Volksinitiative «Keine 10-Millionen-Schweiz! (Nachhaltigkeitsinitiative)»;municipality;245;Oberengstringen;1;Zürich;939;1151;2101;3747
2026-06-14;6860;Volksinitiative «Keine 10-Millionen-Schweiz! (Nachhaltigkeitsinitiative)»;municipality;246;Oetwil an der Limmat;1;Zürich;554;507;1065;1738
2026-06-14;6860;Volksinitiative «Keine 10-Millionen-Schweiz! (Nachhaltigkeitsinitiative)»;municipality;247;Schlieren;1;Zürich;1720;2306;4046;8912
2026-06-14;6860;Volksinitiative «Keine 10-Millionen-Schweiz! (Nachhaltigkeitsinitiative)»;municipality;248;Uitikon;1;Zürich;996;1592;2602;3583
2026-06-14;6860;Volksinitiative «Keine 10-Millionen-Schweiz! (Nachhaltigkeitsinitiative)»;municipality;249;Unterengstringen;1;Zürich;756;852;1613;2599
2026-06-14;6860;Volksinitiative «Keine 10-Millionen-Schweiz! (Nachhaltigkeitsinitiative)»;municipality;250;Urdorf;1;Zürich;1782;1826;3629;6156
2026-06-14;6860;Volksinitiative «Keine 10-Millionen-Schweiz! (Nachhaltigkeitsinitiative)»;municipality;251;Weiningen (ZH);1;Zürich;859;806;1680;2935
2026-06-14;6860;Volksinitiative «Keine 10-Millionen-Schweiz! (Nachhaltigkeitsinitiative)»;municipality;261;Zürich;1;Zürich;36929;116059;153943;238055
2026-06-14;6860;Volksinitiative «Keine 10-Millionen-Schweiz! (Nachhaltigkeitsinitiative)»;municipality;291;Andelfingen;1;Zürich;896;849;1759;2581
2026-06-14;6860;Volksinitiative «Keine 10-Millionen-Schweiz! (Nachhaltigkeitsinitiative)»;municipality;292;Stammheim;1;Zürich;773;703;1489;2136
2026-06-14;6860;Volksinitiative «Keine 10-Millionen-Schweiz! (Nachhaltigkeitsinitiative)»;municipality;293;Wädenswil;1;Zürich;4719;5672;10441;16285
2026-06-14;6860;Volksinitiative «Keine 10-Millionen-Schweiz! (Nachhaltigkeitsinitiative)»;municipality;294;Elgg;1;Zürich;1095;1046;2154;3434
2026-06-14;6860;Volksinitiative «Keine 10-Millionen-Schweiz! (Nachhaltigkeitsinitiative)»;municipality;295;Horgen;1;Zürich;3499;4714;8260;13706
2026-06-14;6860;Volksinitiative «Keine 10-Millionen-Schweiz! (Nachhaltigkeitsinitiative)»;municipality;296;Illnau-Effretikon;1;Zürich;2789;3110;5945;10343
2026-06-14;6860;Volksinitiative «Keine 10-Millionen-Schweiz! (Nachhaltigkeitsinitiative)»;municipality;297;Bauma;1;Zürich;1472;712;2194;3582
2026-06-14;6860;Volksinitiative «Keine 10-Millionen-Schweiz! (Nachhaltigkeitsinitiative)»;municipality;298;Wiesendangen;1;Zürich;1674;1661;3371;4911
2026-06-14;6860;Volksinitiative «Keine 10-Millionen-Schweiz! (Nachhaltigkeitsinitiative)»;municipality;301;Aarberg;2;Bern;988;1015;2011;3347
2026-06-14;6860;Volksinitiative «Keine 10-Millionen-Schweiz! (Nachhaltigkeitsinitiative)»;municipality;302;Bargen (BE);2;Bern;301;221;526;821
2026-06-14;6860;Volksinitiative «Keine 10-Millionen-Schweiz! (Nachhaltigkeitsinitiative)»;municipality;303;Grossaffoltern;2;Bern;794;740;1547;2442
2026-06-14;6860;Volksinitiative «Keine 10-Millionen-Schweiz! (Nachhaltigkeitsinitiative)»;municipality;304;Kallnach;2;Bern;623;388;1012;1696
2026-06-14;6860;Volksinitiative «Keine 10-Millionen-Schweiz! (Nachhaltigkeitsinitiative)»;municipality;305;Kappelen;2;Bern;427;252;680;1096
2026-06-14;6860;Volksinitiative «Keine 10-Millionen-Schweiz! (Nachhaltigkeitsinitiative)»;municipality;306;Lyss;2;Bern;2636;3196;5880;10777
2026-06-14;6860;Volksinitiative «Keine 10-Millionen-Schweiz! (Nachhaltigkeitsinitiative)»;municipality;307;Meikirch;2;Bern;549;822;1385;1997
2026-06-14;6860;Volksinitiative «Keine 10-Millionen-Schweiz! (Nachhaltigkeitsinitiative)»;municipality;309;Radelfingen;2;Bern;367;286;656;1008
2026-06-14;6860;Volksinitiative «Keine 10-Millionen-Schweiz! (Nachhaltigkeitsinitiative)»;municipality;310;Rapperswil (BE);2;Bern;765;603;1372;2255
2026-06-14;6860;Volksinitiative «Keine 10-Millionen-Schweiz! (Nachhaltigkeitsinitiative)»;municipality;311;Schüpfen;2;Bern;775;992;1772;2907
2026-06-14;6860;Volksinitiative «Keine 10-Millionen-Schweiz! (Nachhaltigkeitsinitiative)»;municipality;312;Seedorf (BE);2;Bern;931;635;1579;2621
2026-06-14;6860;Volksinitiative «Keine 10-Millionen-Schweiz! (Nachhaltigkeitsinitiative)»;municipality;321;Aarwangen;2;Bern;971;835;1813;3270
2026-06-14;6860;Volksinitiative «Keine 10-Millionen-Schweiz! (Nachhaltigkeitsinitiative)»;municipality;322;Auswil;2;Bern;203;52;255;409
2026-06-14;6860;Volksinitiative «Keine 10-Millionen-Schweiz! (Nachhaltigkeitsinitiative)»;municipality;323;Bannwil;2;Bern;220;117;339;550
2026-06-14;6860;Volksinitiative «Keine 10-Millionen-Schweiz! (Nachhaltigkeitsinitiative)»;municipality;324;Bleienbach;2;Bern;246;118;366;599
2026-06-14;6860;Volksinitiative «Keine 10-Millionen-Schweiz! (Nachhaltigkeitsinitiative)»;municipality;325;Busswil bei Melchnau;2;Bern;71;37;108;166
2026-06-14;6860;Volksinitiative «Keine 10-Millionen-Schweiz! (Nachhaltigkeitsinitiative)»;municipality;326;Gondiswil;2;Bern;286;90;376;636
2026-06-14;6860;Volksinitiative «Keine 10-Millionen-Schweiz! (Nachhaltigkeitsinitiative)»;municipality;329;Langenthal;2;Bern;2516;3261;5822;10230
2026-06-14;6860;Volksinitiative «Keine 10-Millionen-Schweiz! (Nachhaltigkeitsinitiative)»;municipality;331;Lotzwil;2;Bern;550;514;1086;1916
2026-06-14;6860;Volksinitiative «Keine 10-Millionen-Schweiz! (Nachhaltigkeitsinitiative)»;municipality;332;Madiswil;2;Bern;1008;585;1597;2670
2026-06-14;6860;Volksinitiative «Keine 10-Millionen-Schweiz! (Nachhaltigkeitsinitiative)»;municipality;333;Melchnau;2;Bern;381;225;609;1095
2026-06-14;6860;Volksinitiative «Keine 10-Millionen-Schweiz! (Nachhaltigkeitsinitiative)»;municipality;335;Oeschenbach;2;Bern;88;19;107;199
2026-06-14;6860;Volksinitiative «Keine 10-Millionen-Schweiz! (Nachhaltigkeitsinitiative)»;municipality;336;Reisiswil;2;Bern;77;13;90;164
2026-06-14;6860;Volksinitiative «Keine 10-Millionen-Schweiz! (Nachhaltigkeitsinitiative)»;municipality;337;Roggwil (BE);2;Bern;972;720;1702;2980
2026-06-14;6860;Volksinitiative «Keine 10-Millionen-Schweiz! (Nachhaltigkeitsinitiative)»;municipality;338;Rohrbach;2;Bern;458;240;699;1297
2026-06-14;6860;Volksinitiative «Keine 10-Millionen-Schweiz! (Nachhaltigkeitsinitiative)»;municipality;339;Rohrbachgraben;2;Bern;140;35;175;316
2026-06-14;6860;Volksinitiative «Keine 10-Millionen-Schweiz! (Nachhaltigkeitsinitiative)»;municipality;340;Rütschelen;2;Bern;163;119;284;464
2026-06-14;6860;Volksinitiative «Keine 10-Millionen-Schweiz! (Nachhaltigkeitsinitiative)»;municipality;341;Schwarzhäusern;2;Bern;181;84;266;424
2026-06-14;6860;Volksinitiative «Keine 10-Millionen-Schweiz! (Nachhaltigkeitsinitiative)»;municipality;342;Thunstetten;2;Bern;807;502;1315;2458
2026-06-14;6860;Volksinitiative «Keine 10-Millionen-Schweiz! (Nachhaltigkeitsinitiative)»;municipality;344;Ursenbach;2;Bern;298;105;405;720
2026-06-14;6860;Volksinitiative «Keine 10-Millionen-Schweiz! (Nachhaltigkeitsinitiative)»;municipality;345;Wynau;2;Bern;361;189;553;1018
2026-06-14;6860;Volksinitiative «Keine 10-Millionen-Schweiz! (Nachhaltigkeitsinitiative)»;municipality;351;Bern;2;Bern;9842;50121;60360;89937
2026-06-14;6860;Volksinitiative «Keine 10-Millionen-Schweiz! (Nachhaltigkeitsinitiative)»;municipality;352;Bolligen;2;Bern;1001;2141;3153;4652
2026-06-14;6860;Volksinitiative «Keine 10-Millionen-Schweiz! (Nachhaltigkeitsinitiative)»;municipality;353;Bremgarten bei Bern;2;Bern;848;1493;2353;3249
2026-06-14;6860;Volksinitiative «Keine 10-Millionen-Schweiz! (Nachhaltigkeitsinitiative)»;municipality;354;Kirchlindach;2;Bern;597;1177;1783;2513
2026-06-14;6860;Volksinitiative «Keine 10-Millionen-Schweiz! (Nachhaltigkeitsinitiative)»;municipality;355;Köniz;2;Bern;5301;13195;18623;28996
2026-06-14;6860;Volksinitiative «Keine 10-Millionen-Schweiz! (Nachhaltigkeitsinitiative)»;municipality;356;Muri bei Bern;2;Bern;1955;4408;6410;9667
2026-06-14;6860;Volksinitiative «Keine 10-Millionen-Schweiz! (Nachhaltigkeitsinitiative)»;municipality;357;Oberbalm;2;Bern;321;149;471;727
2026-06-14;6860;Volksinitiative «Keine 10-Millionen-Schweiz! (Nachhaltigkeitsinitiative)»;municipality;358;Stettlen;2;Bern;554;976;1533;2354
2026-06-14;6860;Volksinitiative «Keine 10-Millionen-Schweiz! (Nachhaltigkeitsinitiative)»;municipality;359;Vechigen;2;Bern;1333;1833;3182;4723
2026-06-14;6860;Volksinitiative «Keine 10-Millionen-Schweiz! (Nachhaltigkeitsinitiative)»;municipality;360;Wohlen bei Bern;2;Bern;1639;3081;4745;6996
2026-06-14;6860;Volksinitiative «Keine 10-Millionen-Schweiz! (Nachhaltigkeitsinitiative)»;municipality;361;Zollikofen;2;Bern;1623;2956;4613;7569
2026-06-14;6860;Volksinitiative «Keine 10-Millionen-Schweiz! (Nachhaltigkeitsinitiative)»;municipality;362;Ittigen;2;Bern;1420;2672;4123;7010
2026-06-14;6860;Volksinitiative «Keine 10-Millionen-Schweiz! (Nachhaltigkeitsinitiative)»;municipality;363;Ostermundigen;2;Bern;2000;3627;5672;10454
2026-06-14;6860;Volksinitiative «Keine 10-Millionen-Schweiz! (Nachhaltigkeitsinitiative)»;municipality;371;Biel/Bienne;2;Bern;4622;10743;15477;31767
2026-06-14;6860;Volksinitiative «Keine 10-Millionen-Schweiz! (Nachhaltigkeitsinitiative)»;municipality;372;Evilard;2;Bern;373;876;1251;1934
2026-06-14;6860;Volksinitiative «Keine 10-Millionen-Schweiz! (Nachhaltigkeitsinitiative)»;municipality;381;Arch;2;Bern;530;236;767;1307
2026-06-14;6860;Volksinitiative «Keine 10-Millionen-Schweiz! (Nachhaltigkeitsinitiative)»;municipality;382;Büetigen;2;Bern;244;159;407;678
2026-06-14;6860;Volksinitiative «Keine 10-Millionen-Schweiz! (Nachhaltigkeitsinitiative)»;municipality;383;Büren an der Aare;2;Bern;795;713;1512;2568
2026-06-14;6860;Volksinitiative «Keine 10-Millionen-Schweiz! (Nachhaltigkeitsinitiative)»;municipality;385;Diessbach bei Büren;2;Bern;289;165;458;784
2026-06-14;6860;Volksinitiative «Keine 10-Millionen-Schweiz! (Nachhaltigkeitsinitiative)»;municipality;386;Dotzigen;2;Bern;365;297;663;1133
2026-06-14;6860;Volksinitiative «Keine 10-Millionen-Schweiz! (Nachhaltigkeitsinitiative)»;municipality;387;Lengnau (BE);2;Bern;1009;683;1698;3348
2026-06-14;6860;Volksinitiative «Keine 10-Millionen-Schweiz! (Nachhaltigkeitsinitiative)»;municipality;388;Leuzigen;2;Bern;369;190;562;1044
2026-06-14;6860;Volksinitiative «Keine 10-Millionen-Schweiz! (Nachhaltigkeitsinitiative)»;municipality;390;Meinisberg;2;Bern;366;245;613;1061
2026-06-14;6860;Volksinitiative «Keine 10-Millionen-Schweiz! (Nachhaltigkeitsinitiative)»;municipality;391;Oberwil bei Büren;2;Bern;281;172;453;725
2026-06-14;6860;Volksinitiative «Keine 10-Millionen-Schweiz! (Nachhaltigkeitsinitiative)»;municipality;392;Pieterlen;2;Bern;719;613;1338;2830
2026-06-14;6860;Volksinitiative «Keine 10-Millionen-Schweiz! (Nachhaltigkeitsinitiative)»;municipality;393;Rüti bei Büren;2;Bern;242;120;362;639
2026-06-14;6860;Volksinitiative «Keine 10-Millionen-Schweiz! (Nachhaltigkeitsinitiative)»;municipality;394;Wengi;2;Bern;221;110;332;518
2026-06-14;6860;Volksinitiative «Keine 10-Millionen-Schweiz! (Nachhaltigkeitsinitiative)»;municipality;401;Aefligen;2;Bern;309;189;501;847
2026-06-14;6860;Volksinitiative «Keine 10-Millionen-Schweiz! (Nachhaltigkeitsinitiative)»;municipality;402;Alchenstorf;2;Bern;195;122;322;511
2026-06-14;6860;Volksinitiative «Keine 10-Millionen-Schweiz! (Nachhaltigkeitsinitiative)»;municipality;403;Bäriswil;2;Bern;275;273;551;855
2026-06-14;6860;Volksinitiative «Keine 10-Millionen-Schweiz! (Nachhaltigkeitsinitiative)»;municipality;404;Burgdorf;2;Bern;2347;4592;6994;11809
2026-06-14;6860;Volksinitiative «Keine 10-Millionen-Schweiz! (Nachhaltigkeitsinitiative)»;municipality;405;Ersigen;2;Bern;607;436;1051;1668
2026-06-14;6860;Volksinitiative «Keine 10-Millionen-Schweiz! (Nachhaltigkeitsinitiative)»;municipality;406;Hasle bei Burgdorf;2;Bern;842;637;1489;2703
2026-06-14;6860;Volksinitiative «Keine 10-Millionen-Schweiz! (Nachhaltigkeitsinitiative)»;municipality;407;Heimiswil;2;Bern;513;293;806;1391
2026-06-14;6860;Volksinitiative «Keine 10-Millionen-Schweiz! (Nachhaltigkeitsinitiative)»;municipality;409;Hindelbank;2;Bern;562;548;1110;1995
2026-06-14;6860;Volksinitiative «Keine 10-Millionen-Schweiz! (Nachhaltigkeitsinitiative)»;municipality;410;Höchstetten;2;Bern;179;46;226;357
2026-06-14;6860;Volksinitiative «Keine 10-Millionen-Schweiz! (Nachhaltigkeitsinitiative)»;municipality;411;Kernenried;2;Bern;156;96;252;415
2026-06-14;6860;Volksinitiative «Keine 10-Millionen-Schweiz! (Nachhaltigkeitsinitiative)»;municipality;412;Kirchberg (BE);2;Bern;1207;1323;2546;4186
2026-06-14;6860;Volksinitiative «Keine 10-Millionen-Schweiz! (Nachhaltigkeitsinitiative)»;municipality;413;Koppigen;2;Bern;600;471;1076;1761
2026-06-14;6860;Volksinitiative «Keine 10-Millionen-Schweiz! (Nachhaltigkeitsinitiative)»;municipality;414;Krauchthal;2;Bern;682;468;1154;1903
2026-06-14;6860;Volksinitiative «Keine 10-Millionen-Schweiz! (Nachhaltigkeitsinitiative)»;municipality;415;Lyssach;2;Bern;382;294;678;1112
2026-06-14;6860;Volksinitiative «Keine 10-Millionen-Schweiz! (Nachhaltigkeitsinitiative)»;municipality;418;Oberburg;2;Bern;682;449;1137;1986
2026-06-14;6860;Volksinitiative «Keine 10-Millionen-Schweiz! (Nachhaltigkeitsinitiative)»;municipality;420;Rüdtligen-Alchenflüh;2;Bern;442;312;756;1537
2026-06-14;6860;Volksinitiative «Keine 10-Millionen-Schweiz! (Nachhaltigkeitsinitiative)»;municipality;421;Rumendingen;2;Bern;28;31;59;80
2026-06-14;6860;Volksinitiative «Keine 10-Millionen-Schweiz! (Nachhaltigkeitsinitiative)»;municipality;422;Rüti bei Lyssach;2;Bern;50;31;82;136
2026-06-14;6860;Volksinitiative «Keine 10-Millionen-Schweiz! (Nachhaltigkeitsinitiative)»;municipality;423;Willadingen;2;Bern;74;47;124;179
2026-06-14;6860;Volksinitiative «Keine 10-Millionen-Schweiz! (Nachhaltigkeitsinitiative)»;municipality;424;Wynigen;2;Bern;673;423;1105;1758
2026-06-14;6860;Volksinitiative «Keine 10-Millionen-Schweiz! (Nachhaltigkeitsinitiative)»;municipality;431;Corgémont;2;Bern;337;346;687;1247
2026-06-14;6860;Volksinitiative «Keine 10-Millionen-Schweiz! (Nachhaltigkeitsinitiative)»;municipality;432;Cormoret;2;Bern;94;113;209;377
2026-06-14;6860;Volksinitiative «Keine 10-Millionen-Schweiz! (Nachhaltigkeitsinitiative)»;municipality;433;Cortébert;2;Bern;106;99;206;490
2026-06-14;6860;Volksinitiative «Keine 10-Millionen-Schweiz! (Nachhaltigkeitsinitiative)»;municipality;434;Courtelary;2;Bern;238;311;550;1027
2026-06-14;6860;Volksinitiative «Keine 10-Millionen-Schweiz! (Nachhaltigkeitsinitiative)»;municipality;435;La Ferrière;2;Bern;98;98;202;417
2026-06-14;6860;Volksinitiative «Keine 10-Millionen-Schweiz! (Nachhaltigkeitsinitiative)»;municipality;437;Mont-Tramelan;2;Bern;26;26;53;104
2026-06-14;6860;Volksinitiative «Keine 10-Millionen-Schweiz! (Nachhaltigkeitsinitiative)»;municipality;438;Orvin;2;Bern;244;223;472;920
2026-06-14;6860;Volksinitiative «Keine 10-Millionen-Schweiz! (Nachhaltigkeitsinitiative)»;municipality;441;Renan (BE);2;Bern;179;176;360;759
2026-06-14;6860;Volksinitiative «Keine 10-Millionen-Schweiz! (Nachhaltigkeitsinitiative)»;municipality;442;Romont (BE);2;Bern;49;55;104;167
2026-06-14;6860;Volksinitiative «Keine 10-Millionen-Schweiz! (Nachhaltigkeitsinitiative)»;municipality;443;Saint-Imier;2;Bern;587;834;1436;3025
2026-06-14;6860;Volksinitiative «Keine 10-Millionen-Schweiz! (Nachhaltigkeitsinitiative)»;municipality;444;Sonceboz-Sombeval;2;Bern;333;273;616;1296
2026-06-14;6860;Volksinitiative «Keine 10-Millionen-Schweiz! (Nachhaltigkeitsinitiative)»;municipality;445;Sonvilier;2;Bern;221;197;424;919
2026-06-14;6860;Volksinitiative «Keine 10-Millionen-Schweiz! (Nachhaltigkeitsinitiative)»;municipality;446;Tramelan;2;Bern;649;1009;1674;3358
2026-06-14;6860;Volksinitiative «Keine 10-Millionen-Schweiz! (Nachhaltigkeitsinitiative)»;municipality;448;Villeret;2;Bern;155;189;346;677
2026-06-14;6860;Volksinitiative «Keine 10-Millionen-Schweiz! (Nachhaltigkeitsinitiative)»;municipality;449;Sauge;2;Bern;172;170;344;628
2026-06-14;6860;Volksinitiative «Keine 10-Millionen-Schweiz! (Nachhaltigkeitsinitiative)»;municipality;450;Péry-La Heutte;2;Bern;324;327;656;1347
2026-06-14;6860;Volksinitiative «Keine 10-Millionen-Schweiz! (Nachhaltigkeitsinitiative)»;municipality;491;Brüttelen;2;Bern;170;96;266;421
2026-06-14;6860;Volksinitiative «Keine 10-Millionen-Schweiz! (Nachhaltigkeitsinitiative)»;municipality;492;Erlach;2;Bern;231;350;587;980
2026-06-14;6860;Volksinitiative «Keine 10-Millionen-Schweiz! (Nachhaltigkeitsinitiative)»;municipality;493;Finsterhennen;2;Bern;139;67;208;357
2026-06-14;6860;Volksinitiative «Keine 10-Millionen-Schweiz! (Nachhaltigkeitsinitiative)»;municipality;494;Gals;2;Bern;180;160;341;617
2026-06-14;6860;Volksinitiative «Keine 10-Millionen-Schweiz! (Nachhaltigkeitsinitiative)»;municipality;495;Gampelen;2;Bern;229;171;401;723
2026-06-14;6860;Volksinitiative «Keine 10-Millionen-Schweiz! (Nachhaltigkeitsinitiative)»;municipality;496;Ins;2;Bern;708;957;1673;2564
2026-06-14;6860;Volksinitiative «Keine 10-Millionen-Schweiz! (Nachhaltigkeitsinitiative)»;municipality;497;Lüscherz;2;Bern;183;102;285;471
2026-06-14;6860;Volksinitiative «Keine 10-Millionen-Schweiz! (Nachhaltigkeitsinitiative)»;municipality;498;Müntschemier;2;Bern;345;225;573;911
2026-06-14;6860;Volksinitiative «Keine 10-Millionen-Schweiz! (Nachhaltigkeitsinitiative)»;municipality;499;Siselen;2;Bern;179;111;292;485
2026-06-14;6860;Volksinitiative «Keine 10-Millionen-Schweiz! (Nachhaltigkeitsinitiative)»;municipality;500;Treiten;2;Bern;132;72;204;327
2026-06-14;6860;Volksinitiative «Keine 10-Millionen-Schweiz! (Nachhaltigkeitsinitiative)»;municipality;501;Tschugg;2;Bern;99;117;217;342
2026-06-14;6860;Volksinitiative «Keine 10-Millionen-Schweiz! (Nachhaltigkeitsinitiative)»;municipality;502;Vinelz;2;Bern;206;236;447;701
2026-06-14;6860;Volksinitiative «Keine 10-Millionen-Schweiz! (Nachhaltigkeitsinitiative)»;municipality;533;Bätterkinden;2;Bern;694;821;1525;2609
2026-06-14;6860;Volksinitiative «Keine 10-Millionen-Schweiz! (Nachhaltigkeitsinitiative)»;municipality;538;Fraubrunnen;2;Bern;1259;1421;2702;4263
2026-06-14;6860;Volksinitiative «Keine 10-Millionen-Schweiz! (Nachhaltigkeitsinitiative)»;municipality;540;Jegenstorf;2;Bern;1086;1777;2881;4431
2026-06-14;6860;Volksinitiative «Keine 10-Millionen-Schweiz! (Nachhaltigkeitsinitiative)»;municipality;541;Iffwil;2;Bern;114;103;219;349
2026-06-14;6860;Volksinitiative «Keine 10-Millionen-Schweiz! (Nachhaltigkeitsinitiative)»;municipality;543;Mattstetten;2;Bern;173;155;329;464
2026-06-14;6860;Volksinitiative «Keine 10-Millionen-Schweiz! (Nachhaltigkeitsinitiative)»;municipality;544;Moosseedorf;2;Bern;659;810;1475;2612
2026-06-14;6860;Volksinitiative «Keine 10-Millionen-Schweiz! (Nachhaltigkeitsinitiative)»;municipality;546;Münchenbuchsee;2;Bern;1660;2560;4243;7127
2026-06-14;6860;Volksinitiative «Keine 10-Millionen-Schweiz! (Nachhaltigkeitsinitiative)»;municipality;551;Urtenen-Schönbühl;2;Bern;1003;1158;2168;4199
2026-06-14;6860;Volksinitiative «Keine 10-Millionen-Schweiz! (Nachhaltigkeitsinitiative)»;municipality;552;Utzenstorf;2;Bern;1044;1032;2079;3436
2026-06-14;6860;Volksinitiative «Keine 10-Millionen-Schweiz! (Nachhaltigkeitsinitiative)»;municipality;553;Wiggiswil;2;Bern;71;39;110;158
2026-06-14;6860;Volksinitiative «Keine 10-Millionen-Schweiz! (Nachhaltigkeitsinitiative)»;municipality;554;Wiler bei Utzenstorf;2;Bern;251;187;441;764
2026-06-14;6860;Volksinitiative «Keine 10-Millionen-Schweiz! (Nachhaltigkeitsinitiative)»;municipality;556;Zielebach;2;Bern;99;39;138;250
2026-06-14;6860;Volksinitiative «Keine 10-Millionen-Schweiz! (Nachhaltigkeitsinitiative)»;municipality;557;Zuzwil (BE);2;Bern;147;170;320;463
2026-06-14;6860;Volksinitiative «Keine 10-Millionen-Schweiz! (Nachhaltigkeitsinitiative)»;municipality;561;Adelboden;2;Bern;1319;515;1842;2649
2026-06-14;6860;Volksinitiative «Keine 10-Millionen-Schweiz! (Nachhaltigkeitsinitiative)»;municipality;562;Aeschi bei Spiez;2;Bern;764;464;1231;1870
2026-06-14;6860;Volksinitiative «Keine 10-Millionen-Schweiz! (Nachhaltigkeitsinitiative)»;municipality;563;Frutigen;2;Bern;2220;1088;3335;5374
2026-06-14;6860;Volksinitiative «Keine 10-Millionen-Schweiz! (Nachhaltigkeitsinitiative)»;municipality;564;Kandergrund;2;Bern;304;71;375;655
2026-06-14;6860;Volksinitiative «Keine 10-Millionen-Schweiz! (Nachhaltigkeitsinitiative)»;municipality;565;Kandersteg;2;Bern;316;278;601;924
2026-06-14;6860;Volksinitiative «Keine 10-Millionen-Schweiz! (Nachhaltigkeitsinitiative)»;municipality;566;Krattigen;2;Bern;304;254;561;884
2026-06-14;6860;Volksinitiative «Keine 10-Millionen-Schweiz! (Nachhaltigkeitsinitiative)»;municipality;567;Reichenbach im Kandertal;2;Bern;1269;508;1788;2926
2026-06-14;6860;Volksinitiative «Keine 10-Millionen-Schweiz! (Nachhaltigkeitsinitiative)»;municipality;571;Beatenberg;2;Bern;330;204;538;872
2026-06-14;6860;Volksinitiative «Keine 10-Millionen-Schweiz! (Nachhaltigkeitsinitiative)»;municipality;572;Bönigen;2;Bern;593;502;1098;2039
2026-06-14;6860;Volksinitiative «Keine 10-Millionen-Schweiz! (Nachhaltigkeitsinitiative)»;municipality;573;Brienz (BE);2;Bern;774;631;1412;2425
2026-06-14;6860;Volksinitiative «Keine 10-Millionen-Schweiz! (Nachhaltigkeitsinitiative)»;municipality;574;Brienzwiler;2;Bern;157;82;240;394
2026-06-14;6860;Volksinitiative «Keine 10-Millionen-Schweiz! (Nachhaltigkeitsinitiative)»;municipality;575;Därligen;2;Bern;77;85;164;313
2026-06-14;6860;Volksinitiative «Keine 10-Millionen-Schweiz! (Nachhaltigkeitsinitiative)»;municipality;576;Grindelwald;2;Bern;1041;431;1476;2494
2026-06-14;6860;Volksinitiative «Keine 10-Millionen-Schweiz! (Nachhaltigkeitsinitiative)»;municipality;577;Gsteigwiler;2;Bern;120;86;206;324
2026-06-14;6860;Volksinitiative «Keine 10-Millionen-Schweiz! (Nachhaltigkeitsinitiative)»;municipality;578;Gündlischwand;2;Bern;80;46;127;221
2026-06-14;6860;Volksinitiative «Keine 10-Millionen-Schweiz! (Nachhaltigkeitsinitiative)»;municipality;579;Habkern;2;Bern;264;68;332;510
2026-06-14;6860;Volksinitiative «Keine 10-Millionen-Schweiz! (Nachhaltigkeitsinitiative)»;municipality;580;Hofstetten bei Brienz;2;Bern;183;97;280;455
2026-06-14;6860;Volksinitiative «Keine 10-Millionen-Schweiz! (Nachhaltigkeitsinitiative)»;municipality;581;Interlaken;2;Bern;794;1057;1858;3372
2026-06-14;6860;Volksinitiative «Keine 10-Millionen-Schweiz! (Nachhaltigkeitsinitiative)»;municipality;582;Iseltwald;2;Bern;119;70;189;325
2026-06-14;6860;Volksinitiative «Keine 10-Millionen-Schweiz! (Nachhaltigkeitsinitiative)»;municipality;584;Lauterbrunnen;2;Bern;433;398;831;1474
2026-06-14;6860;Volksinitiative «Keine 10-Millionen-Schweiz! (Nachhaltigkeitsinitiative)»;municipality;585;Leissigen;2;Bern;300;218;519;864
2026-06-14;6860;Volksinitiative «Keine 10-Millionen-Schweiz! (Nachhaltigkeitsinitiative)»;municipality;586;Lütschental;2;Bern;77;23;101;179
2026-06-14;6860;Volksinitiative «Keine 10-Millionen-Schweiz! (Nachhaltigkeitsinitiative)»;municipality;587;Matten bei Interlaken;2;Bern;750;803;1566;2688
2026-06-14;6860;Volksinitiative «Keine 10-Millionen-Schweiz! (Nachhaltigkeitsinitiative)»;municipality;588;Niederried bei Interlaken;2;Bern;82;72;155;273
2026-06-14;6860;Volksinitiative «Keine 10-Millionen-Schweiz! (Nachhaltigkeitsinitiative)»;municipality;589;Oberried am Brienzersee;2;Bern;115;74;190;382
2026-06-14;6860;Volksinitiative «Keine 10-Millionen-Schweiz! (Nachhaltigkeitsinitiative)»;municipality;590;Ringgenberg (BE);2;Bern;576;482;1070;1940
2026-06-14;6860;Volksinitiative «Keine 10-Millionen-Schweiz! (Nachhaltigkeitsinitiative)»;municipality;591;Saxeten;2;Bern;39;13;52;88
2026-06-14;6860;Volksinitiative «Keine 10-Millionen-Schweiz! (Nachhaltigkeitsinitiative)»;municipality;592;Schwanden bei Brienz;2;Bern;133;176;311;514
2026-06-14;6860;Volksinitiative «Keine 10-Millionen-Schweiz! (Nachhaltigkeitsinitiative)»;municipality;593;Unterseen;2;Bern;996;1338;2353;3924
2026-06-14;6860;Volksinitiative «Keine 10-Millionen-Schweiz! (Nachhaltigkeitsinitiative)»;municipality;594;Wilderswil;2;Bern;607;465;1076;1897
2026-06-14;6860;Volksinitiative «Keine 10-Millionen-Schweiz! (Nachhaltigkeitsinitiative)»;municipality;602;Arni (BE);2;Bern;359;137;501;827
2026-06-14;6860;Volksinitiative «Keine 10-Millionen-Schweiz! (Nachhaltigkeitsinitiative)»;municipality;603;Biglen;2;Bern;485;410;898;1456
2026-06-14;6860;Volksinitiative «Keine 10-Millionen-Schweiz! (Nachhaltigkeitsinitiative)»;municipality;605;Bowil;2;Bern;427;214;645;1095
2026-06-14;6860;Volksinitiative «Keine 10-Millionen-Schweiz! (Nachhaltigkeitsinitiative)»;municipality;606;Brenzikofen;2;Bern;193;93;287;429
2026-06-14;6860;Volksinitiative «Keine 10-Millionen-Schweiz! (Nachhaltigkeitsinitiative)»;municipality;607;Freimettigen;2;Bern;119;106;226;335
2026-06-14;6860;Volksinitiative «Keine 10-Millionen-Schweiz! (Nachhaltigkeitsinitiative)»;municipality;608;Grosshöchstetten;2;Bern;956;1058;2026;3212
2026-06-14;6860;Volksinitiative «Keine 10-Millionen-Schweiz! (Nachhaltigkeitsinitiative)»;municipality;609;Häutligen;2;Bern;110;34;144;220
2026-06-14;6860;Volksinitiative «Keine 10-Millionen-Schweiz! (Nachhaltigkeitsinitiative)»;municipality;610;Herbligen;2;Bern;200;97;299;486
2026-06-14;6860;Volksinitiative «Keine 10-Millionen-Schweiz! (Nachhaltigkeitsinitiative)»;municipality;611;Kiesen;2;Bern;234;253;494;771
2026-06-14;6860;Volksinitiative «Keine 10-Millionen-Schweiz! (Nachhaltigkeitsinitiative)»;municipality;612;Konolfingen;2;Bern;1236;1293;2547;4212
2026-06-14;6860;Volksinitiative «Keine 10-Millionen-Schweiz! (Nachhaltigkeitsinitiative)»;municipality;613;Landiswil;2;Bern;267;76;347;560
2026-06-14;6860;Volksinitiative «Keine 10-Millionen-Schweiz! (Nachhaltigkeitsinitiative)»;municipality;614;Linden;2;Bern;529;157;690;1123
2026-06-14;6860;Volksinitiative «Keine 10-Millionen-Schweiz! (Nachhaltigkeitsinitiative)»;municipality;615;Mirchel;2;Bern;199;84;285;469
2026-06-14;6860;Volksinitiative «Keine 10-Millionen-Schweiz! (Nachhaltigkeitsinitiative)»;municipality;616;Münsingen;2;Bern;2147;3744;5937;9495
2026-06-14;6860;Volksinitiative «Keine 10-Millionen-Schweiz! (Nachhaltigkeitsinitiative)»;municipality;617;Niederhünigen;2;Bern;205;162;367;596
2026-06-14;6860;Volksinitiative «Keine 10-Millionen-Schweiz! (Nachhaltigkeitsinitiative)»;municipality;619;Oberdiessbach;2;Bern;1094;742;1857;2965
2026-06-14;6860;Volksinitiative «Keine 10-Millionen-Schweiz! (Nachhaltigkeitsinitiative)»;municipality;620;Oberthal;2;Bern;257;95;354;615
2026-06-14;6860;Volksinitiative «Keine 10-Millionen-Schweiz! (Nachhaltigkeitsinitiative)»;municipality;622;Oppligen;2;Bern;168;144;319;537
2026-06-14;6860;Volksinitiative «Keine 10-Millionen-Schweiz! (Nachhaltigkeitsinitiative)»;municipality;623;Rubigen;2;Bern;505;858;1369;2214
2026-06-14;6860;Volksinitiative «Keine 10-Millionen-Schweiz! (Nachhaltigkeitsinitiative)»;municipality;626;Walkringen;2;Bern;558;312;874;1488
2026-06-14;6860;Volksinitiative «Keine 10-Millionen-Schweiz! (Nachhaltigkeitsinitiative)»;municipality;627;Worb;2;Bern;1979;2817;4823;8020
2026-06-14;6860;Volksinitiative «Keine 10-Millionen-Schweiz! (Nachhaltigkeitsinitiative)»;municipality;628;Zäziwil;2;Bern;580;330;911;1575
2026-06-14;6860;Volksinitiative «Keine 10-Millionen-Schweiz! (Nachhaltigkeitsinitiative)»;municipality;630;Allmendingen;2;Bern;131;144;279;420
2026-06-14;6860;Volksinitiative «Keine 10-Millionen-Schweiz! (Nachhaltigkeitsinitiative)»;municipality;632;Wichtrach;2;Bern;986;1093;2083;3460
2026-06-14;6860;Volksinitiative «Keine 10-Millionen-Schweiz! (Nachhaltigkeitsinitiative)»;municipality;662;Ferenbalm;2;Bern;366;235;605;988
2026-06-14;6860;Volksinitiative «Keine 10-Millionen-Schweiz! (Nachhaltigkeitsinitiative)»;municipality;663;Frauenkappelen;2;Bern;297;391;694;1041
2026-06-14;6860;Volksinitiative «Keine 10-Millionen-Schweiz! (Nachhaltigkeitsinitiative)»;municipality;665;Gurbrü;2;Bern;80;42;122;192
2026-06-14;6860;Volksinitiative «Keine 10-Millionen-Schweiz! (Nachhaltigkeitsinitiative)»;municipality;666;Kriechenwil;2;Bern;126;74;200;355
2026-06-14;6860;Volksinitiative «Keine 10-Millionen-Schweiz! (Nachhaltigkeitsinitiative)»;municipality;667;Laupen;2;Bern;577;813;1394;2346
2026-06-14;6860;Volksinitiative «Keine 10-Millionen-Schweiz! (Nachhaltigkeitsinitiative)»;municipality;668;Mühleberg;2;Bern;798;699;1508;2449
2026-06-14;6860;Volksinitiative «Keine 10-Millionen-Schweiz! (Nachhaltigkeitsinitiative)»;municipality;669;Münchenwiler;2;Bern;122;92;218;372
2026-06-14;6860;Volksinitiative «Keine 10-Millionen-Schweiz! (Nachhaltigkeitsinitiative)»;municipality;670;Neuenegg;2;Bern;1130;1080;2223;4033
2026-06-14;6860;Volksinitiative «Keine 10-Millionen-Schweiz! (Nachhaltigkeitsinitiative)»;municipality;671;Wileroltigen;2;Bern;112;51;164;273
2026-06-14;6860;Volksinitiative «Keine 10-Millionen-Schweiz! (Nachhaltigkeitsinitiative)»;municipality;681;Belprahon;2;Bern;66;64;131;212
2026-06-14;6860;Volksinitiative «Keine 10-Millionen-Schweiz! (Nachhaltigkeitsinitiative)»;municipality;683;Champoz;2;Bern;79;18;98;132
2026-06-14;6860;Volksinitiative «Keine 10-Millionen-Schweiz! (Nachhaltigkeitsinitiative)»;municipality;687;Corcelles (BE);2;Bern;61;23;86;160
2026-06-14;6860;Volksinitiative «Keine 10-Millionen-Schweiz! (Nachhaltigkeitsinitiative)»;municipality;690;Court;2;Bern;317;208;527;1025
2026-06-14;6860;Volksinitiative «Keine 10-Millionen-Schweiz! (Nachhaltigkeitsinitiative)»;municipality;691;Crémines;2;Bern;123;86;210;404
2026-06-14;6860;Volksinitiative «Keine 10-Millionen-Schweiz! (Nachhaltigkeitsinitiative)»;municipality;692;Eschert;2;Bern;83;61;147;269
2026-06-14;6860;Volksinitiative «Keine 10-Millionen-Schweiz! (Nachhaltigkeitsinitiative)»;municipality;694;Grandval;2;Bern;105;43;152;280
2026-06-14;6860;Volksinitiative «Keine 10-Millionen-Schweiz! (Nachhaltigkeitsinitiative)»;municipality;696;Loveresse;2;Bern;95;46;142;260
2026-06-14;6860;Volksinitiative «Keine 10-Millionen-Schweiz! (Nachhaltigkeitsinitiative)»;municipality;701;Perrefitte;2;Bern;107;66;175;312
2026-06-14;6860;Volksinitiative «Keine 10-Millionen-Schweiz! (Nachhaltigkeitsinitiative)»;municipality;703;Reconvilier;2;Bern;444;365;820;1620
2026-06-14;6860;Volksinitiative «Keine 10-Millionen-Schweiz! (Nachhaltigkeitsinitiative)»;municipality;704;Roches (BE);2;Bern;62;15;77;145
2026-06-14;6860;Volksinitiative «Keine 10-Millionen-Schweiz! (Nachhaltigkeitsinitiative)»;municipality;706;Saicourt;2;Bern;148;90;240;493
2026-06-14;6860;Volksinitiative «Keine 10-Millionen-Schweiz! (Nachhaltigkeitsinitiative)»;municipality;707;Saules (BE);2;Bern;40;34;74;133
2026-06-14;6860;Volksinitiative «Keine 10-Millionen-Schweiz! (Nachhaltigkeitsinitiative)»;municipality;708;Schelten;2;Bern;21;20;41;98
2026-06-14;6860;Volksinitiative «Keine 10-Millionen-Schweiz! (Nachhaltigkeitsinitiative)»;municipality;709;Seehof;2;Bern;25;5;31;56
2026-06-14;6860;Volksinitiative «Keine 10-Millionen-Schweiz! (Nachhaltigkeitsinitiative)»;municipality;711;Sorvilier;2;Bern;57;70;129;225
2026-06-14;6860;Volksinitiative «Keine 10-Millionen-Schweiz! (Nachhaltigkeitsinitiative)»;municipality;713;Tavannes;2;Bern;468;536;1014;2115
2026-06-14;6860;Volksinitiative «Keine 10-Millionen-Schweiz! (Nachhaltigkeitsinitiative)»;municipality;715;Rebévelier;2;Bern;17;8;28;34
2026-06-14;6860;Volksinitiative «Keine 10-Millionen-Schweiz! (Nachhaltigkeitsinitiative)»;municipality;716;Petit-Val;2;Bern;109;92;206;315
2026-06-14;6860;Volksinitiative «Keine 10-Millionen-Schweiz! (Nachhaltigkeitsinitiative)»;municipality;717;Valbirse;2;Bern;723;640;1384;2730
2026-06-14;6860;Volksinitiative «Keine 10-Millionen-Schweiz! (Nachhaltigkeitsinitiative)»;municipality;723;La Neuveville;2;Bern;453;1013;1478;2721
2026-06-14;6860;Volksinitiative «Keine 10-Millionen-Schweiz! (Nachhaltigkeitsinitiative)»;municipality;724;Nods;2;Bern;176;140;318;604
2026-06-14;6860;Volksinitiative «Keine 10-Millionen-Schweiz! (Nachhaltigkeitsinitiative)»;municipality;726;Plateau de Diesse;2;Bern;319;456;835;1635
2026-06-14;6860;Volksinitiative «Keine 10-Millionen-Schweiz! (Nachhaltigkeitsinitiative)»;municipality;731;Aegerten;2;Bern;463;425;891;1618
2026-06-14;6860;Volksinitiative «Keine 10-Millionen-Schweiz! (Nachhaltigkeitsinitiative)»;municipality;732;Bellmund;2;Bern;375;482;861;1337
2026-06-14;6860;Volksinitiative «Keine 10-Millionen-Schweiz! (Nachhaltigkeitsinitiative)»;municipality;733;Brügg;2;Bern;655;807;1478;2821
2026-06-14;6860;Volksinitiative «Keine 10-Millionen-Schweiz! (Nachhaltigkeitsinitiative)»;municipality;734;Bühl;2;Bern;133;90;223;392
2026-06-14;6860;Volksinitiative «Keine 10-Millionen-Schweiz! (Nachhaltigkeitsinitiative)»;municipality;735;Epsach;2;Bern;118;67;186;296
2026-06-14;6860;Volksinitiative «Keine 10-Millionen-Schweiz! (Nachhaltigkeitsinitiative)»;municipality;736;Hagneck;2;Bern;108;95;204;322
2026-06-14;6860;Volksinitiative «Keine 10-Millionen-Schweiz! (Nachhaltigkeitsinitiative)»;municipality;737;Hermrigen;2;Bern;73;63;138;247
2026-06-14;6860;Volksinitiative «Keine 10-Millionen-Schweiz! (Nachhaltigkeitsinitiative)»;municipality;738;Jens;2;Bern;180;183;367;554
2026-06-14;6860;Volksinitiative «Keine 10-Millionen-Schweiz! (Nachhaltigkeitsinitiative)»;municipality;739;Ipsach;2;Bern;745;920;1674;2820
2026-06-14;6860;Volksinitiative «Keine 10-Millionen-Schweiz! (Nachhaltigkeitsinitiative)»;municipality;740;Ligerz;2;Bern;101;179;282;411
2026-06-14;6860;Volksinitiative «Keine 10-Millionen-Schweiz! (Nachhaltigkeitsinitiative)»;municipality;741;Merzligen;2;Bern;118;106;224;356
2026-06-14;6860;Volksinitiative «Keine 10-Millionen-Schweiz! (Nachhaltigkeitsinitiative)»;municipality;742;Mörigen;2;Bern;252;235;489;706
2026-06-14;6860;Volksinitiative «Keine 10-Millionen-Schweiz! (Nachhaltigkeitsinitiative)»;municipality;743;Nidau;2;Bern;755;1506;2277;4385
2026-06-14;6860;Volksinitiative «Keine 10-Millionen-Schweiz! (Nachhaltigkeitsinitiative)»;municipality;744;Orpund;2;Bern;534;461;1000;2135
2026-06-14;6860;Volksinitiative «Keine 10-Millionen-Schweiz! (Nachhaltigkeitsinitiative)»;municipality;745;Port;2;Bern;765;967;1743;2837
2026-06-14;6860;Volksinitiative «Keine 10-Millionen-Schweiz! (Nachhaltigkeitsinitiative)»;municipality;746;Safnern;2;Bern;553;350;922;1512
2026-06-14;6860;Volksinitiative «Keine 10-Millionen-Schweiz! (Nachhaltigkeitsinitiative)»;municipality;747;Scheuren;2;Bern;156;105;262;386
2026-06-14;6860;Volksinitiative «Keine 10-Millionen-Schweiz! (Nachhaltigkeitsinitiative)»;municipality;748;Schwadernau;2;Bern;191;90;281;519
2026-06-14;6860;Volksinitiative «Keine 10-Millionen-Schweiz! (Nachhaltigkeitsinitiative)»;municipality;749;Studen (BE);2;Bern;670;410;1086;2133
2026-06-14;6860;Volksinitiative «Keine 10-Millionen-Schweiz! (Nachhaltigkeitsinitiative)»;municipality;750;Sutz-Lattrigen;2;Bern;302;373;676;1072
2026-06-14;6860;Volksinitiative «Keine 10-Millionen-Schweiz! (Nachhaltigkeitsinitiative)»;municipality;751;Täuffelen;2;Bern;734;737;1479;2405
2026-06-14;6860;Volksinitiative «Keine 10-Millionen-Schweiz! (Nachhaltigkeitsinitiative)»;municipality;754;Walperswil;2;Bern;311;189;502;781
2026-06-14;6860;Volksinitiative «Keine 10-Millionen-Schweiz! (Nachhaltigkeitsinitiative)»;municipality;755;Worben;2;Bern;631;467;1102;1964
2026-06-14;6860;Volksinitiative «Keine 10-Millionen-Schweiz! (Nachhaltigkeitsinitiative)»;municipality;756;Twann-Tüscherz;2;Bern;232;357;591;906
2026-06-14;6860;Volksinitiative «Keine 10-Millionen-Schweiz! (Nachhaltigkeitsinitiative)»;municipality;761;Därstetten;2;Bern;322;92;416;661
2026-06-14;6860;Volksinitiative «Keine 10-Millionen-Schweiz! (Nachhaltigkeitsinitiative)»;municipality;762;Diemtigen;2;Bern;977;236;1219;1910
2026-06-14;6860;Volksinitiative «Keine 10-Millionen-Schweiz! (Nachhaltigkeitsinitiative)»;municipality;763;Erlenbach im Simmental;2;Bern;614;227;841;1348
2026-06-14;6860;Volksinitiative «Keine 10-Millionen-Schweiz! (Nachhaltigkeitsinitiative)»;municipality;766;Oberwil im Simmental;2;Bern;361;93;456;693
2026-06-14;6860;Volksinitiative «Keine 10-Millionen-Schweiz! (Nachhaltigkeitsinitiative)»;municipality;767;Reutigen;2;Bern;425;230;656;1042
2026-06-14;6860;Volksinitiative «Keine 10-Millionen-Schweiz! (Nachhaltigkeitsinitiative)»;municipality;768;Spiez;2;Bern;2763;3239;6027;9849
2026-06-14;6860;Volksinitiative «Keine 10-Millionen-Schweiz! (Nachhaltigkeitsinitiative)»;municipality;769;Wimmis;2;Bern;756;432;1192;1997
2026-06-14;6860;Volksinitiative «Keine 10-Millionen-Schweiz! (Nachhaltigkeitsinitiative)»;municipality;770;Stocken-Höfen;2;Bern;358;133;492;811
2026-06-14;6860;Volksinitiative «Keine 10-Millionen-Schweiz! (Nachhaltigkeitsinitiative)»;municipality;782;Guttannen;2;Bern;67;55;122;200
2026-06-14;6860;Volksinitiative «Keine 10-Millionen-Schweiz! (Nachhaltigkeitsinitiative)»;municipality;783;Hasliberg;2;Bern;344;175;522;796
2026-06-14;6860;Volksinitiative «Keine 10-Millionen-Schweiz! (Nachhaltigkeitsinitiative)»;municipality;784;Innertkirchen;2;Bern;342;165;511;888
2026-06-14;6860;Volksinitiative «Keine 10-Millionen-Schweiz! (Nachhaltigkeitsinitiative)»;municipality;785;Meiringen;2;Bern;981;898;1890;3196
2026-06-14;6860;Volksinitiative «Keine 10-Millionen-Schweiz! (Nachhaltigkeitsinitiative)»;municipality;786;Schattenhalb;2;Bern;179;79;258;450
2026-06-14;6860;Volksinitiative «Keine 10-Millionen-Schweiz! (Nachhaltigkeitsinitiative)»;municipality;791;Boltigen;2;Bern;484;137;621;1028
2026-06-14;6860;Volksinitiative «Keine 10-Millionen-Schweiz! (Nachhaltigkeitsinitiative)»;municipality;792;Lenk;2;Bern;552;534;1093;1800
2026-06-14;6860;Volksinitiative «Keine 10-Millionen-Schweiz! (Nachhaltigkeitsinitiative)»;municipality;793;St. Stephan;2;Bern;523;148;675;1024
2026-06-14;6860;Volksinitiative «Keine 10-Millionen-Schweiz! (Nachhaltigkeitsinitiative)»;municipality;794;Zweisimmen;2;Bern;747;581;1335;2270
2026-06-14;6860;Volksinitiative «Keine 10-Millionen-Schweiz! (Nachhaltigkeitsinitiative)»;municipality;841;Gsteig;2;Bern;278;117;397;685
2026-06-14;6860;Volksinitiative «Keine 10-Millionen-Schweiz! (Nachhaltigkeitsinitiative)»;municipality;842;Lauenen;2;Bern;263;99;362;623
2026-06-14;6860;Volksinitiative «Keine 10-Millionen-Schweiz! (Nachhaltigkeitsinitiative)»;municipality;843;Saanen;2;Bern;1308;1084;2403;4144
2026-06-14;6860;Volksinitiative «Keine 10-Millionen-Schweiz! (Nachhaltigkeitsinitiative)»;municipality;852;Guggisberg;2;Bern;530;231;764;1357
2026-06-14;6860;Volksinitiative «Keine 10-Millionen-Schweiz! (Nachhaltigkeitsinitiative)»;municipality;853;Rüschegg;2;Bern;580;277;861;1558
2026-06-14;6860;Volksinitiative «Keine 10-Millionen-Schweiz! (Nachhaltigkeitsinitiative)»;municipality;855;Schwarzenburg;2;Bern;1675;1602;3296;5552
2026-06-14;6860;Volksinitiative «Keine 10-Millionen-Schweiz! (Nachhaltigkeitsinitiative)»;municipality;861;Belp;2;Bern;2464;2690;5183;8138
2026-06-14;6860;Volksinitiative «Keine 10-Millionen-Schweiz! (Nachhaltigkeitsinitiative)»;municipality;863;Burgistein;2;Bern;346;226;576;917
2026-06-14;6860;Volksinitiative «Keine 10-Millionen-Schweiz! (Nachhaltigkeitsinitiative)»;municipality;866;Gerzensee;2;Bern;334;317;651;984
2026-06-14;6860;Volksinitiative «Keine 10-Millionen-Schweiz! (Nachhaltigkeitsinitiative)»;municipality;867;Gurzelen;2;Bern;294;142;438;688
2026-06-14;6860;Volksinitiative «Keine 10-Millionen-Schweiz! (Nachhaltigkeitsinitiative)»;municipality;868;Jaberg;2;Bern;68;75;143;231
2026-06-14;6860;Volksinitiative «Keine 10-Millionen-Schweiz! (Nachhaltigkeitsinitiative)»;municipality;869;Kaufdorf;2;Bern;224;348;575;835
2026-06-14;6860;Volksinitiative «Keine 10-Millionen-Schweiz! (Nachhaltigkeitsinitiative)»;municipality;870;Kehrsatz;2;Bern;566;1171;1748;2779
2026-06-14;6860;Volksinitiative «Keine 10-Millionen-Schweiz! (Nachhaltigkeitsinitiative)»;municipality;872;Kirchdorf (BE);2;Bern;562;366;931;1527
2026-06-14;6860;Volksinitiative «Keine 10-Millionen-Schweiz! (Nachhaltigkeitsinitiative)»;municipality;879;Riggisberg;2;Bern;780;468;1254;2460
2026-06-14;6860;Volksinitiative «Keine 10-Millionen-Schweiz! (Nachhaltigkeitsinitiative)»;municipality;880;Rüeggisberg;2;Bern;631;306;940;1533
2026-06-14;6860;Volksinitiative «Keine 10-Millionen-Schweiz! (Nachhaltigkeitsinitiative)»;municipality;883;Seftigen;2;Bern;575;460;1039;1708
2026-06-14;6860;Volksinitiative «Keine 10-Millionen-Schweiz! (Nachhaltigkeitsinitiative)»;municipality;884;Toffen;2;Bern;620;659;1283;1991
2026-06-14;6860;Volksinitiative «Keine 10-Millionen-Schweiz! (Nachhaltigkeitsinitiative)»;municipality;885;Uttigen;2;Bern;589;526;1124;1676
2026-06-14;6860;Volksinitiative «Keine 10-Millionen-Schweiz! (Nachhaltigkeitsinitiative)»;municipality;886;Wattenwil;2;Bern;937;573;1513;2545
2026-06-14;6860;Volksinitiative «Keine 10-Millionen-Schweiz! (Nachhaltigkeitsinitiative)»;municipality;888;Wald (BE);2;Bern;527;387;922;1433
2026-06-14;6860;Volksinitiative «Keine 10-Millionen-Schweiz! (Nachhaltigkeitsinitiative)»;municipality;889;Thurnen;2;Bern;503;559;1076;1627
2026-06-14;6860;Volksinitiative «Keine 10-Millionen-Schweiz! (Nachhaltigkeitsinitiative)»;municipality;901;Eggiwil;2;Bern;869;219;1095;2081
2026-06-14;6860;Volksinitiative «Keine 10-Millionen-Schweiz! (Nachhaltigkeitsinitiative)»;municipality;902;Langnau im Emmental;2;Bern;2057;2227;4305;7796
2026-06-14;6860;Volksinitiative «Keine 10-Millionen-Schweiz! (Nachhaltigkeitsinitiative)»;municipality;903;Lauperswil;2;Bern;781;406;1195;2294
2026-06-14;6860;Volksinitiative «Keine 10-Millionen-Schweiz! (Nachhaltigkeitsinitiative)»;municipality;904;Röthenbach im Emmental;2;Bern;530;124;655;1088
2026-06-14;6860;Volksinitiative «Keine 10-Millionen-Schweiz! (Nachhaltigkeitsinitiative)»;municipality;905;Rüderswil;2;Bern;741;355;1101;2046
2026-06-14;6860;Volksinitiative «Keine 10-Millionen-Schweiz! (Nachhaltigkeitsinitiative)»;municipality;906;Schangnau;2;Bern;427;74;502;818
2026-06-14;6860;Volksinitiative «Keine 10-Millionen-Schweiz! (Nachhaltigkeitsinitiative)»;municipality;907;Signau;2;Bern;858;420;1285;2260
2026-06-14;6860;Volksinitiative «Keine 10-Millionen-Schweiz! (Nachhaltigkeitsinitiative)»;municipality;908;Trub;2;Bern;452;217;673;1432
2026-06-14;6860;Volksinitiative «Keine 10-Millionen-Schweiz! (Nachhaltigkeitsinitiative)»;municipality;909;Trubschachen;2;Bern;383;270;661;1181
2026-06-14;6860;Volksinitiative «Keine 10-Millionen-Schweiz! (Nachhaltigkeitsinitiative)»;municipality;921;Amsoldingen;2;Bern;251;178;434;696
2026-06-14;6860;Volksinitiative «Keine 10-Millionen-Schweiz! (Nachhaltigkeitsinitiative)»;municipality;922;Blumenstein;2;Bern;400;210;612;1052
2026-06-14;6860;Volksinitiative «Keine 10-Millionen-Schweiz! (Nachhaltigkeitsinitiative)»;municipality;923;Buchholterberg;2;Bern;629;230;862;1331
2026-06-14;6860;Volksinitiative «Keine 10-Millionen-Schweiz! (Nachhaltigkeitsinitiative)»;municipality;924;Eriz;2;Bern;213;59;274;459
2026-06-14;6860;Volksinitiative «Keine 10-Millionen-Schweiz! (Nachhaltigkeitsinitiative)»;municipality;925;Fahrni;2;Bern;274;141;418;655
2026-06-14;6860;Volksinitiative «Keine 10-Millionen-Schweiz! (Nachhaltigkeitsinitiative)»;municipality;927;Heiligenschwendi;2;Bern;178;164;348;557
2026-06-14;6860;Volksinitiative «Keine 10-Millionen-Schweiz! (Nachhaltigkeitsinitiative)»;municipality;928;Heimberg;2;Bern;1593;1272;2884;5239
2026-06-14;6860;Volksinitiative «Keine 10-Millionen-Schweiz! (Nachhaltigkeitsinitiative)»;municipality;929;Hilterfingen;2;Bern;784;1236;2038;3174
2026-06-14;6860;Volksinitiative «Keine 10-Millionen-Schweiz! (Nachhaltigkeitsinitiative)»;municipality;931;Homberg;2;Bern;200;51;256;403
2026-06-14;6860;Volksinitiative «Keine 10-Millionen-Schweiz! (Nachhaltigkeitsinitiative)»;municipality;932;Horrenbach-Buchen;2;Bern;89;15;105;174
2026-06-14;6860;Volksinitiative «Keine 10-Millionen-Schweiz! (Nachhaltigkeitsinitiative)»;municipality;934;Oberhofen am Thunersee;2;Bern;550;747;1306;1950
2026-06-14;6860;Volksinitiative «Keine 10-Millionen-Schweiz! (Nachhaltigkeitsinitiative)»;municipality;935;Oberlangenegg;2;Bern;180;57;238;413
2026-06-14;6860;Volksinitiative «Keine 10-Millionen-Schweiz! (Nachhaltigkeitsinitiative)»;municipality;936;Pohlern;2;Bern;103;26;129;204
2026-06-14;6860;Volksinitiative «Keine 10-Millionen-Schweiz! (Nachhaltigkeitsinitiative)»;municipality;938;Sigriswil;2;Bern;1646;935;2592;4065
2026-06-14;6860;Volksinitiative «Keine 10-Millionen-Schweiz! (Nachhaltigkeitsinitiative)»;municipality;939;Steffisburg;2;Bern;3438;3889;7380;12320
2026-06-14;6860;Volksinitiative «Keine 10-Millionen-Schweiz! (Nachhaltigkeitsinitiative)»;municipality;940;Teuffenthal (BE);2;Bern;81;16;99;149
2026-06-14;6860;Volksinitiative «Keine 10-Millionen-Schweiz! (Nachhaltigkeitsinitiative)»;municipality;941;Thierachern;2;Bern;776;575;1362;2093
2026-06-14;6860;Volksinitiative «Keine 10-Millionen-Schweiz! (Nachhaltigkeitsinitiative)»;municipality;942;Thun;2;Bern;7685;10639;18474;31685
2026-06-14;6860;Volksinitiative «Keine 10-Millionen-Schweiz! (Nachhaltigkeitsinitiative)»;municipality;943;Uebeschi;2;Bern;260;102;364;540
2026-06-14;6860;Volksinitiative «Keine 10-Millionen-Schweiz! (Nachhaltigkeitsinitiative)»;municipality;944;Uetendorf;2;Bern;1606;1181;2800;4689
2026-06-14;6860;Volksinitiative «Keine 10-Millionen-Schweiz! (Nachhaltigkeitsinitiative)»;municipality;945;Unterlangenegg;2;Bern;342;158;501;841
2026-06-14;6860;Volksinitiative «Keine 10-Millionen-Schweiz! (Nachhaltigkeitsinitiative)»;municipality;946;Wachseldorn;2;Bern;110;23;134;183
2026-06-14;6860;Volksinitiative «Keine 10-Millionen-Schweiz! (Nachhaltigkeitsinitiative)»;municipality;948;Forst-Längenbühl;2;Bern;254;162;417;632
2026-06-14;6860;Volksinitiative «Keine 10-Millionen-Schweiz! (Nachhaltigkeitsinitiative)»;municipality;951;Affoltern im Emmental;2;Bern;469;163;635;1029
2026-06-14;6860;Volksinitiative «Keine 10-Millionen-Schweiz! (Nachhaltigkeitsinitiative)»;municipality;952;Dürrenroth;2;Bern;403;141;546;893
2026-06-14;6860;Volksinitiative «Keine 10-Millionen-Schweiz! (Nachhaltigkeitsinitiative)»;municipality;953;Eriswil;2;Bern;470;172;643;1177
2026-06-14;6860;Volksinitiative «Keine 10-Millionen-Schweiz! (Nachhaltigkeitsinitiative)»;municipality;954;Huttwil;2;Bern;1200;896;2110;3859
2026-06-14;6860;Volksinitiative «Keine 10-Millionen-Schweiz! (Nachhaltigkeitsinitiative)»;municipality;955;Lützelflüh;2;Bern;1294;809;2110;3551
2026-06-14;6860;Volksinitiative «Keine 10-Millionen-Schweiz! (Nachhaltigkeitsinitiative)»;municipality;956;Rüegsau;2;Bern;967;587;1562;2617
2026-06-14;6860;Volksinitiative «Keine 10-Millionen-Schweiz! (Nachhaltigkeitsinitiative)»;municipality;957;Sumiswald;2;Bern;1496;891;2401;4270
2026-06-14;6860;Volksinitiative «Keine 10-Millionen-Schweiz! (Nachhaltigkeitsinitiative)»;municipality;958;Trachselwald;2;Bern;330;107;439;818
2026-06-14;6860;Volksinitiative «Keine 10-Millionen-Schweiz! (Nachhaltigkeitsinitiative)»;municipality;959;Walterswil (BE);2;Bern;207;64;271;482
2026-06-14;6860;Volksinitiative «Keine 10-Millionen-Schweiz! (Nachhaltigkeitsinitiative)»;municipality;960;Wyssachen;2;Bern;409;160;571;972
2026-06-14;6860;Volksinitiative «Keine 10-Millionen-Schweiz! (Nachhaltigkeitsinitiative)»;municipality;971;Attiswil;2;Bern;442;270;716;1187
2026-06-14;6860;Volksinitiative «Keine 10-Millionen-Schweiz! (Nachhaltigkeitsinitiative)»;municipality;972;Berken;2;Bern;23;10;33;40
2026-06-14;6860;Volksinitiative «Keine 10-Millionen-Schweiz! (Nachhaltigkeitsinitiative)»;municipality;973;Bettenhausen;2;Bern;220;138;365;562
2026-06-14;6860;Volksinitiative «Keine 10-Millionen-Schweiz! (Nachhaltigkeitsinitiative)»;municipality;975;Farnern;2;Bern;98;41;139;195
2026-06-14;6860;Volksinitiative «Keine 10-Millionen-Schweiz! (Nachhaltigkeitsinitiative)»;municipality;976;Graben;2;Bern;113;56;169;260
2026-06-14;6860;Volksinitiative «Keine 10-Millionen-Schweiz! (Nachhaltigkeitsinitiative)»;municipality;977;Heimenhausen;2;Bern;330;214;546;926
2026-06-14;6860;Volksinitiative «Keine 10-Millionen-Schweiz! (Nachhaltigkeitsinitiative)»;municipality;979;Herzogenbuchsee;2;Bern;1324;1552;2891;5026
2026-06-14;6860;Volksinitiative «Keine 10-Millionen-Schweiz! (Nachhaltigkeitsinitiative)»;municipality;980;Inkwil;2;Bern;221;127;352;550
2026-06-14;6860;Volksinitiative «Keine 10-Millionen-Schweiz! (Nachhaltigkeitsinitiative)»;municipality;981;Niederbipp;2;Bern;1150;631;1796;3414
2026-06-14;6860;Volksinitiative «Keine 10-Millionen-Schweiz! (Nachhaltigkeitsinitiative)»;municipality;982;Niederönz;2;Bern;455;412;873;1387
2026-06-14;6860;Volksinitiative «Keine 10-Millionen-Schweiz! (Nachhaltigkeitsinitiative)»;municipality;983;Oberbipp;2;Bern;460;304;771;1310
2026-06-14;6860;Volksinitiative «Keine 10-Millionen-Schweiz! (Nachhaltigkeitsinitiative)»;municipality;985;Ochlenberg;2;Bern;214;85;299;475
2026-06-14;6860;Volksinitiative «Keine 10-Millionen-Schweiz! (Nachhaltigkeitsinitiative)»;municipality;987;Rumisberg;2;Bern;185;76;262;388
2026-06-14;6860;Volksinitiative «Keine 10-Millionen-Schweiz! (Nachhaltigkeitsinitiative)»;municipality;988;Seeberg;2;Bern;490;261;756;1322
2026-06-14;6860;Volksinitiative «Keine 10-Millionen-Schweiz! (Nachhaltigkeitsinitiative)»;municipality;989;Thörigen;2;Bern;345;165;512;896
2026-06-14;6860;Volksinitiative «Keine 10-Millionen-Schweiz! (Nachhaltigkeitsinitiative)»;municipality;990;Walliswil bei Niederbipp;2;Bern;70;42;112;178
2026-06-14;6860;Volksinitiative «Keine 10-Millionen-Schweiz! (Nachhaltigkeitsinitiative)»;municipality;991;Walliswil bei Wangen;2;Bern;208;104;312;491
2026-06-14;6860;Volksinitiative «Keine 10-Millionen-Schweiz! (Nachhaltigkeitsinitiative)»;municipality;992;Wangen an der Aare;2;Bern;752;513;1273;2051
2026-06-14;6860;Volksinitiative «Keine 10-Millionen-Schweiz! (Nachhaltigkeitsinitiative)»;municipality;995;Wiedlisbach;2;Bern;565;374;948;1768
2026-06-14;6860;Volksinitiative «Keine 10-Millionen-Schweiz! (Nachhaltigkeitsinitiative)»;municipality;1001;Doppleschwand;3;Luzern;366;113;490;621
2026-06-14;6860;Volksinitiative «Keine 10-Millionen-Schweiz! (Nachhaltigkeitsinitiative)»;municipality;1002;Entlebuch;3;Luzern;1234;495;1753;2487
2026-06-14;6860;Volksinitiative «Keine 10-Millionen-Schweiz! (Nachhaltigkeitsinitiative)»;municipality;1004;Flühli;3;Luzern;674;257;940;1298
2026-06-14;6860;Volksinitiative «Keine 10-Millionen-Schweiz! (Nachhaltigkeitsinitiative)»;municipality;1005;Hasle (LU);3;Luzern;763;214;982;1363
2026-06-14;6860;Volksinitiative «Keine 10-Millionen-Schweiz! (Nachhaltigkeitsinitiative)»;municipality;1007;Romoos;3;Luzern;259;81;345;469
2026-06-14;6860;Volksinitiative «Keine 10-Millionen-Schweiz! (Nachhaltigkeitsinitiative)»;municipality;1008;Schüpfheim;3;Luzern;1375;892;2281;3131
2026-06-14;6860;Volksinitiative «Keine 10-Millionen-Schweiz! (Nachhaltigkeitsinitiative)»;municipality;1009;Werthenstein;3;Luzern;647;273;933;1401
2026-06-14;6860;Volksinitiative «Keine 10-Millionen-Schweiz! (Nachhaltigkeitsinitiative)»;municipality;1010;Escholzmatt-Marbach;3;Luzern;1703;679;2408;3450
2026-06-14;6860;Volksinitiative «Keine 10-Millionen-Schweiz! (Nachhaltigkeitsinitiative)»;municipality;1021;Aesch (LU);3;Luzern;449;223;681;1025
2026-06-14;6860;Volksinitiative «Keine 10-Millionen-Schweiz! (Nachhaltigkeitsinitiative)»;municipality;1023;Ballwil;3;Luzern;862;593;1470;2106
2026-06-14;6860;Volksinitiative «Keine 10-Millionen-Schweiz! (Nachhaltigkeitsinitiative)»;municipality;1024;Emmen;3;Luzern;4214;4127;8391;16384
2026-06-14;6860;Volksinitiative «Keine 10-Millionen-Schweiz! (Nachhaltigkeitsinitiative)»;municipality;1025;Ermensee;3;Luzern;331;224;561;753
2026-06-14;6860;Volksinitiative «Keine 10-Millionen-Schweiz! (Nachhaltigkeitsinitiative)»;municipality;1026;Eschenbach (LU);3;Luzern;1004;829;1857;2618
2026-06-14;6860;Volksinitiative «Keine 10-Millionen-Schweiz! (Nachhaltigkeitsinitiative)»;municipality;1030;Hitzkirch;3;Luzern;1515;1187;2736;4080
2026-06-14;6860;Volksinitiative «Keine 10-Millionen-Schweiz! (Nachhaltigkeitsinitiative)»;municipality;1031;Hochdorf;3;Luzern;1914;2010;3989;6287
2026-06-14;6860;Volksinitiative «Keine 10-Millionen-Schweiz! (Nachhaltigkeitsinitiative)»;municipality;1032;Hohenrain;3;Luzern;839;452;1305;1774
2026-06-14;6860;Volksinitiative «Keine 10-Millionen-Schweiz! (Nachhaltigkeitsinitiative)»;municipality;1033;Inwil;3;Luzern;742;542;1306;1967
2026-06-14;6860;Volksinitiative «Keine 10-Millionen-Schweiz! (Nachhaltigkeitsinitiative)»;municipality;1037;Rain;3;Luzern;914;702;1648;2357
2026-06-14;6860;Volksinitiative «Keine 10-Millionen-Schweiz! (Nachhaltigkeitsinitiative)»;municipality;1039;Römerswil;3;Luzern;586;322;917;1262
2026-06-14;6860;Volksinitiative «Keine 10-Millionen-Schweiz! (Nachhaltigkeitsinitiative)»;municipality;1040;Rothenburg;3;Luzern;1858;2060;3972;5707
2026-06-14;6860;Volksinitiative «Keine 10-Millionen-Schweiz! (Nachhaltigkeitsinitiative)»;municipality;1041;Schongau;3;Luzern;367;177;552;780
2026-06-14;6860;Volksinitiative «Keine 10-Millionen-Schweiz! (Nachhaltigkeitsinitiative)»;municipality;1051;Adligenswil;3;Luzern;1229;1709;2970;4028
2026-06-14;6860;Volksinitiative «Keine 10-Millionen-Schweiz! (Nachhaltigkeitsinitiative)»;municipality;1052;Buchrain;3;Luzern;1354;1360;2762;4318
2026-06-14;6860;Volksinitiative «Keine 10-Millionen-Schweiz! (Nachhaltigkeitsinitiative)»;municipality;1053;Dierikon;3;Luzern;295;234;539;1034
2026-06-14;6860;Volksinitiative «Keine 10-Millionen-Schweiz! (Nachhaltigkeitsinitiative)»;municipality;1054;Ebikon;3;Luzern;2345;2764;5156;8756
2026-06-14;6860;Volksinitiative «Keine 10-Millionen-Schweiz! (Nachhaltigkeitsinitiative)»;municipality;1055;Gisikon;3;Luzern;343;238;588;923
2026-06-14;6860;Volksinitiative «Keine 10-Millionen-Schweiz! (Nachhaltigkeitsinitiative)»;municipality;1056;Greppen;3;Luzern;286;269;563;788
2026-06-14;6860;Volksinitiative «Keine 10-Millionen-Schweiz! (Nachhaltigkeitsinitiative)»;municipality;1058;Horw;3;Luzern;2978;4209;7281;10664
2026-06-14;6860;Volksinitiative «Keine 10-Millionen-Schweiz! (Nachhaltigkeitsinitiative)»;municipality;1059;Kriens;3;Luzern;4919;6710;11768;19267
2026-06-14;6860;Volksinitiative «Keine 10-Millionen-Schweiz! (Nachhaltigkeitsinitiative)»;municipality;1061;Luzern;3;Luzern;10268;23659;34193;53237
2026-06-14;6860;Volksinitiative «Keine 10-Millionen-Schweiz! (Nachhaltigkeitsinitiative)»;municipality;1062;Malters;3;Luzern;1924;1633;3603;5389
2026-06-14;6860;Volksinitiative «Keine 10-Millionen-Schweiz! (Nachhaltigkeitsinitiative)»;municipality;1063;Meggen;3;Luzern;1751;2225;3996;5325
2026-06-14;6860;Volksinitiative «Keine 10-Millionen-Schweiz! (Nachhaltigkeitsinitiative)»;municipality;1064;Meierskappel;3;Luzern;368;324;704;997
2026-06-14;6860;Volksinitiative «Keine 10-Millionen-Schweiz! (Nachhaltigkeitsinitiative)»;municipality;1065;Root;3;Luzern;1133;1032;2190;3886
2026-06-14;6860;Volksinitiative «Keine 10-Millionen-Schweiz! (Nachhaltigkeitsinitiative)»;municipality;1066;Schwarzenberg;3;Luzern;581;331;929;1303
2026-06-14;6860;Volksinitiative «Keine 10-Millionen-Schweiz! (Nachhaltigkeitsinitiative)»;municipality;1067;Udligenswil;3;Luzern;640;668;1320;1725
2026-06-14;6860;Volksinitiative «Keine 10-Millionen-Schweiz! (Nachhaltigkeitsinitiative)»;municipality;1068;Vitznau;3;Luzern;331;291;627;898
2026-06-14;6860;Volksinitiative «Keine 10-Millionen-Schweiz! (Nachhaltigkeitsinitiative)»;municipality;1069;Weggis;3;Luzern;1100;1091;2218;2964
2026-06-14;6860;Volksinitiative «Keine 10-Millionen-Schweiz! (Nachhaltigkeitsinitiative)»;municipality;1081;Beromünster;3;Luzern;1734;1278;3058;4722
2026-06-14;6860;Volksinitiative «Keine 10-Millionen-Schweiz! (Nachhaltigkeitsinitiative)»;municipality;1082;Büron;3;Luzern;593;392;1006;1648
2026-06-14;6860;Volksinitiative «Keine 10-Millionen-Schweiz! (Nachhaltigkeitsinitiative)»;municipality;1083;Buttisholz;3;Luzern;959;628;1604;2407
2026-06-14;6860;Volksinitiative «Keine 10-Millionen-Schweiz! (Nachhaltigkeitsinitiative)»;municipality;1084;Eich;3;Luzern;572;384;970;1342
2026-06-14;6860;Volksinitiative «Keine 10-Millionen-Schweiz! (Nachhaltigkeitsinitiative)»;municipality;1085;Geuensee;3;Luzern;612;509;1136;1876
2026-06-14;6860;Volksinitiative «Keine 10-Millionen-Schweiz! (Nachhaltigkeitsinitiative)»;municipality;1086;Grosswangen;3;Luzern;988;576;1578;2340
2026-06-14;6860;Volksinitiative «Keine 10-Millionen-Schweiz! (Nachhaltigkeitsinitiative)»;municipality;1088;Hildisrieden;3;Luzern;644;578;1229;1735
2026-06-14;6860;Volksinitiative «Keine 10-Millionen-Schweiz! (Nachhaltigkeitsinitiative)»;municipality;1089;Knutwil;3;Luzern;631;517;1171;1744
2026-06-14;6860;Volksinitiative «Keine 10-Millionen-Schweiz! (Nachhaltigkeitsinitiative)»;municipality;1091;Mauensee;3;Luzern;363;408;782;1132
2026-06-14;6860;Volksinitiative «Keine 10-Millionen-Schweiz! (Nachhaltigkeitsinitiative)»;municipality;1093;Neuenkirch;3;Luzern;1729;1572;3348;5105
2026-06-14;6860;Volksinitiative «Keine 10-Millionen-Schweiz! (Nachhaltigkeitsinitiative)»;municipality;1094;Nottwil;3;Luzern;925;908;1869;2794
2026-06-14;6860;Volksinitiative «Keine 10-Millionen-Schweiz! (Nachhaltigkeitsinitiative)»;municipality;1095;Oberkirch;3;Luzern;1064;1342;2431;3589
2026-06-14;6860;Volksinitiative «Keine 10-Millionen-Schweiz! (Nachhaltigkeitsinitiative)»;municipality;1097;Rickenbach (LU);3;Luzern;980;556;1559;2428
2026-06-14;6860;Volksinitiative «Keine 10-Millionen-Schweiz! (Nachhaltigkeitsinitiative)»;municipality;1098;Ruswil;3;Luzern;2173;1504;3734;5401
2026-06-14;6860;Volksinitiative «Keine 10-Millionen-Schweiz! (Nachhaltigkeitsinitiative)»;municipality;1099;Schenkon;3;Luzern;851;786;1646;2337
2026-06-14;6860;Volksinitiative «Keine 10-Millionen-Schweiz! (Nachhaltigkeitsinitiative)»;municipality;1100;Schlierbach;3;Luzern;299;196;502;686
2026-06-14;6860;Volksinitiative «Keine 10-Millionen-Schweiz! (Nachhaltigkeitsinitiative)»;municipality;1102;Sempach;3;Luzern;878;1334;2247;3173
2026-06-14;6860;Volksinitiative «Keine 10-Millionen-Schweiz! (Nachhaltigkeitsinitiative)»;municipality;1103;Sursee;3;Luzern;1828;3030;4952;7521
2026-06-14;6860;Volksinitiative «Keine 10-Millionen-Schweiz! (Nachhaltigkeitsinitiative)»;municipality;1104;Triengen;3;Luzern;1148;685;1881;2986
2026-06-14;6860;Volksinitiative «Keine 10-Millionen-Schweiz! (Nachhaltigkeitsinitiative)»;municipality;1107;Wolhusen;3;Luzern;1054;740;1828;2846
2026-06-14;6860;Volksinitiative «Keine 10-Millionen-Schweiz! (Nachhaltigkeitsinitiative)»;municipality;1121;Alberswil;3;Luzern;202;101;308;497
2026-06-14;6860;Volksinitiative «Keine 10-Millionen-Schweiz! (Nachhaltigkeitsinitiative)»;municipality;1122;Altbüron;3;Luzern;287;190;484;713
2026-06-14;6860;Volksinitiative «Keine 10-Millionen-Schweiz! (Nachhaltigkeitsinitiative)»;municipality;1123;Altishofen;3;Luzern;441;345;801;1270
2026-06-14;6860;Volksinitiative «Keine 10-Millionen-Schweiz! (Nachhaltigkeitsinitiative)»;municipality;1125;Dagmersellen;3;Luzern;1489;911;2419;3891
2026-06-14;6860;Volksinitiative «Keine 10-Millionen-Schweiz! (Nachhaltigkeitsinitiative)»;municipality;1127;Egolzwil;3;Luzern;401;333;742;1141
2026-06-14;6860;Volksinitiative «Keine 10-Millionen-Schweiz! (Nachhaltigkeitsinitiative)»;municipality;1128;Ettiswil;3;Luzern;781;486;1275;1952
2026-06-14;6860;Volksinitiative «Keine 10-Millionen-Schweiz! (Nachhaltigkeitsinitiative)»;municipality;1129;Fischbach;3;Luzern;269;63;334;521
2026-06-14;6860;Volksinitiative «Keine 10-Millionen-Schweiz! (Nachhaltigkeitsinitiative)»;municipality;1131;Grossdietwil;3;Luzern;245;177;427;669
2026-06-14;6860;Volksinitiative «Keine 10-Millionen-Schweiz! (Nachhaltigkeitsinitiative)»;municipality;1132;Hergiswil bei Willisau;3;Luzern;681;239;930;1407
2026-06-14;6860;Volksinitiative «Keine 10-Millionen-Schweiz! (Nachhaltigkeitsinitiative)»;municipality;1135;Luthern;3;Luzern;516;123;651;938
2026-06-14;6860;Volksinitiative «Keine 10-Millionen-Schweiz! (Nachhaltigkeitsinitiative)»;municipality;1136;Menznau;3;Luzern;977;449;1438;2163
2026-06-14;6860;Volksinitiative «Keine 10-Millionen-Schweiz! (Nachhaltigkeitsinitiative)»;municipality;1137;Nebikon;3;Luzern;527;420;961;1569
2026-06-14;6860;Volksinitiative «Keine 10-Millionen-Schweiz! (Nachhaltigkeitsinitiative)»;municipality;1139;Pfaffnau;3;Luzern;749;386;1150;1807
2026-06-14;6860;Volksinitiative «Keine 10-Millionen-Schweiz! (Nachhaltigkeitsinitiative)»;municipality;1140;Reiden;3;Luzern;1504;1043;2591;4460
2026-06-14;6860;Volksinitiative «Keine 10-Millionen-Schweiz! (Nachhaltigkeitsinitiative)»;municipality;1142;Roggliswil;3;Luzern;280;110;393;593
2026-06-14;6860;Volksinitiative «Keine 10-Millionen-Schweiz! (Nachhaltigkeitsinitiative)»;municipality;1143;Schötz;3;Luzern;1068;709;1804;3035
2026-06-14;6860;Volksinitiative «Keine 10-Millionen-Schweiz! (Nachhaltigkeitsinitiative)»;municipality;1145;Ufhusen;3;Luzern;356;112;476;688
2026-06-14;6860;Volksinitiative «Keine 10-Millionen-Schweiz! (Nachhaltigkeitsinitiative)»;municipality;1146;Wauwil;3;Luzern;625;482;1113;1663
2026-06-14;6860;Volksinitiative «Keine 10-Millionen-Schweiz! (Nachhaltigkeitsinitiative)»;municipality;1147;Wikon;3;Luzern;361;253;625;960
2026-06-14;6860;Volksinitiative «Keine 10-Millionen-Schweiz! (Nachhaltigkeitsinitiative)»;municipality;1150;Zell (LU);3;Luzern;703;346;1062;1588
2026-06-14;6860;Volksinitiative «Keine 10-Millionen-Schweiz! (Nachhaltigkeitsinitiative)»;municipality;1151;Willisau;3;Luzern;2409;1792;4231;6401
2026-06-14;6860;Volksinitiative «Keine 10-Millionen-Schweiz! (Nachhaltigkeitsinitiative)»;municipality;1201;Altdorf (UR);4;Uri;1955;2559;4570;7161
2026-06-14;6860;Volksinitiative «Keine 10-Millionen-Schweiz! (Nachhaltigkeitsinitiative)»;municipality;1202;Andermatt;4;Uri;304;260;569;942
2026-06-14;6860;Volksinitiative «Keine 10-Millionen-Schweiz! (Nachhaltigkeitsinitiative)»;municipality;1203;Attinghausen;4;Uri;548;265;818;1321
2026-06-14;6860;Volksinitiative «Keine 10-Millionen-Schweiz! (Nachhaltigkeitsinitiative)»;municipality;1205;Bürglen (UR);4;Uri;1368;631;2015;2972
2026-06-14;6860;Volksinitiative «Keine 10-Millionen-Schweiz! (Nachhaltigkeitsinitiative)»;municipality;1206;Erstfeld;4;Uri;996;647;1680;2467
2026-06-14;6860;Volksinitiative «Keine 10-Millionen-Schweiz! (Nachhaltigkeitsinitiative)»;municipality;1207;Flüelen;4;Uri;566;355;932;1421
2026-06-14;6860;Volksinitiative «Keine 10-Millionen-Schweiz! (Nachhaltigkeitsinitiative)»;municipality;1208;Göschenen;4;Uri;116;69;187;285
2026-06-14;6860;Volksinitiative «Keine 10-Millionen-Schweiz! (Nachhaltigkeitsinitiative)»;municipality;1209;Gurtnellen;4;Uri;155;58;213;402
2026-06-14;6860;Volksinitiative «Keine 10-Millionen-Schweiz! (Nachhaltigkeitsinitiative)»;municipality;1210;Hospental;4;Uri;48;21;70;114
2026-06-14;6860;Volksinitiative «Keine 10-Millionen-Schweiz! (Nachhaltigkeitsinitiative)»;municipality;1211;Isenthal;4;Uri;153;73;226;355
2026-06-14;6860;Volksinitiative «Keine 10-Millionen-Schweiz! (Nachhaltigkeitsinitiative)»;municipality;1212;Realp;4;Uri;36;32;69;98
2026-06-14;6860;Volksinitiative «Keine 10-Millionen-Schweiz! (Nachhaltigkeitsinitiative)»;municipality;1213;Schattdorf;4;Uri;1547;927;2517;3975
2026-06-14;6860;Volksinitiative «Keine 10-Millionen-Schweiz! (Nachhaltigkeitsinitiative)»;municipality;1214;Seedorf (UR);4;Uri;606;283;903;1484
2026-06-14;6860;Volksinitiative «Keine 10-Millionen-Schweiz! (Nachhaltigkeitsinitiative)»;municipality;1215;Seelisberg;4;Uri;241;103;351;520
2026-06-14;6860;Volksinitiative «Keine 10-Millionen-Schweiz! (Nachhaltigkeitsinitiative)»;municipality;1216;Silenen;4;Uri;614;242;865;1579
2026-06-14;6860;Volksinitiative «Keine 10-Millionen-Schweiz! (Nachhaltigkeitsinitiative)»;municipality;1217;Sisikon;4;Uri;125;44;170;232
2026-06-14;6860;Volksinitiative «Keine 10-Millionen-Schweiz! (Nachhaltigkeitsinitiative)»;municipality;1218;Spiringen;4;Uri;381;60;452;687
2026-06-14;6860;Volksinitiative «Keine 10-Millionen-Schweiz! (Nachhaltigkeitsinitiative)»;municipality;1219;Unterschächen;4;Uri;316;50;366;556
2026-06-14;6860;Volksinitiative «Keine 10-Millionen-Schweiz! (Nachhaltigkeitsinitiative)»;municipality;1220;Wassen;4;Uri;113;38;153;247
2026-06-14;6860;Volksinitiative «Keine 10-Millionen-Schweiz! (Nachhaltigkeitsinitiative)»;municipality;1301;Einsiedeln;5;Schwyz;5399;2762;8196;11576
2026-06-14;6860;Volksinitiative «Keine 10-Millionen-Schweiz! (Nachhaltigkeitsinitiative)»;municipality;1311;Gersau;5;Schwyz;573;469;1048;1559
2026-06-14;6860;Volksinitiative «Keine 10-Millionen-Schweiz! (Nachhaltigkeitsinitiative)»;municipality;1321;Feusisberg;5;Schwyz;1516;909;2435;3545
2026-06-14;6860;Volksinitiative «Keine 10-Millionen-Schweiz! (Nachhaltigkeitsinitiative)»;municipality;1322;Freienbach;5;Schwyz;3808;2942;6773;10305
2026-06-14;6860;Volksinitiative «Keine 10-Millionen-Schweiz! (Nachhaltigkeitsinitiative)»;municipality;1323;Wollerau;5;Schwyz;1945;1397;3359;4899
2026-06-14;6860;Volksinitiative «Keine 10-Millionen-Schweiz! (Nachhaltigkeitsinitiative)»;municipality;1331;Küssnacht (SZ);5;Schwyz;3265;2940;6232;8869
2026-06-14;6860;Volksinitiative «Keine 10-Millionen-Schweiz! (Nachhaltigkeitsinitiative)»;municipality;1341;Altendorf;5;Schwyz;1938;1280;3234;4861
2026-06-14;6860;Volksinitiative «Keine 10-Millionen-Schweiz! (Nachhaltigkeitsinitiative)»;municipality;1342;Galgenen;5;Schwyz;1589;789;2389;3608
2026-06-14;6860;Volksinitiative «Keine 10-Millionen-Schweiz! (Nachhaltigkeitsinitiative)»;municipality;1343;Innerthal;5;Schwyz;93;30;125;163
2026-06-14;6860;Volksinitiative «Keine 10-Millionen-Schweiz! (Nachhaltigkeitsinitiative)»;municipality;1344;Lachen;5;Schwyz;1923;1626;3572;5444
2026-06-14;6860;Volksinitiative «Keine 10-Millionen-Schweiz! (Nachhaltigkeitsinitiative)»;municipality;1345;Reichenburg;5;Schwyz;1053;501;1561;2483
2026-06-14;6860;Volksinitiative «Keine 10-Millionen-Schweiz! (Nachhaltigkeitsinitiative)»;municipality;1346;Schübelbach;5;Schwyz;2226;1058;3296;5530
2026-06-14;6860;Volksinitiative «Keine 10-Millionen-Schweiz! (Nachhaltigkeitsinitiative)»;municipality;1347;Tuggen;5;Schwyz;1134;434;1577;2385
2026-06-14;6860;Volksinitiative «Keine 10-Millionen-Schweiz! (Nachhaltigkeitsinitiative)»;municipality;1348;Vorderthal;5;Schwyz;469;77;547;790
2026-06-14;6860;Volksinitiative «Keine 10-Millionen-Schweiz! (Nachhaltigkeitsinitiative)»;municipality;1349;Wangen (SZ);5;Schwyz;1648;832;2487;3791
2026-06-14;6860;Volksinitiative «Keine 10-Millionen-Schweiz! (Nachhaltigkeitsinitiative)»;municipality;1361;Alpthal;5;Schwyz;338;45;384;509
2026-06-14;6860;Volksinitiative «Keine 10-Millionen-Schweiz! (Nachhaltigkeitsinitiative)»;municipality;1362;Arth;5;Schwyz;2939;1835;4791;7306
2026-06-14;6860;Volksinitiative «Keine 10-Millionen-Schweiz! (Nachhaltigkeitsinitiative)»;municipality;1363;Illgau;5;Schwyz;367;98;466;643
2026-06-14;6860;Volksinitiative «Keine 10-Millionen-Schweiz! (Nachhaltigkeitsinitiative)»;municipality;1364;Ingenbohl;5;Schwyz;2452;1841;4312;6340
2026-06-14;6860;Volksinitiative «Keine 10-Millionen-Schweiz! (Nachhaltigkeitsinitiative)»;municipality;1365;Lauerz;5;Schwyz;422;183;605;821
2026-06-14;6860;Volksinitiative «Keine 10-Millionen-Schweiz! (Nachhaltigkeitsinitiative)»;municipality;1366;Morschach;5;Schwyz;408;206;614;879
2026-06-14;6860;Volksinitiative «Keine 10-Millionen-Schweiz! (Nachhaltigkeitsinitiative)»;municipality;1367;Muotathal;5;Schwyz;1716;294;2018;2731
2026-06-14;6860;Volksinitiative «Keine 10-Millionen-Schweiz! (Nachhaltigkeitsinitiative)»;municipality;1368;Oberiberg;5;Schwyz;389;158;549;737
2026-06-14;6860;Volksinitiative «Keine 10-Millionen-Schweiz! (Nachhaltigkeitsinitiative)»;municipality;1369;Riemenstalden;5;Schwyz;40;9;49;65
2026-06-14;6860;Volksinitiative «Keine 10-Millionen-Schweiz! (Nachhaltigkeitsinitiative)»;municipality;1370;Rothenthurm;5;Schwyz;1073;217;1291;1765
2026-06-14;6860;Volksinitiative «Keine 10-Millionen-Schweiz! (Nachhaltigkeitsinitiative)»;municipality;1371;Sattel;5;Schwyz;828;293;1124;1463
2026-06-14;6860;Volksinitiative «Keine 10-Millionen-Schweiz! (Nachhaltigkeitsinitiative)»;municipality;1372;Schwyz;5;Schwyz;4285;3219;7545;11128
2026-06-14;6860;Volksinitiative «Keine 10-Millionen-Schweiz! (Nachhaltigkeitsinitiative)»;municipality;1373;Steinen;5;Schwyz;1286;591;1886;2759
2026-06-14;6860;Volksinitiative «Keine 10-Millionen-Schweiz! (Nachhaltigkeitsinitiative)»;municipality;1374;Steinerberg;5;Schwyz;386;99;488;716
2026-06-14;6860;Volksinitiative «Keine 10-Millionen-Schweiz! (Nachhaltigkeitsinitiative)»;municipality;1375;Unteriberg;5;Schwyz;1311;137;1451;1861
2026-06-14;6860;Volksinitiative «Keine 10-Millionen-Schweiz! (Nachhaltigkeitsinitiative)»;municipality;1401;Alpnach;6;Obwalden;1683;1195;2913;4428
2026-06-14;6860;Volksinitiative «Keine 10-Millionen-Schweiz! (Nachhaltigkeitsinitiative)»;municipality;1402;Engelberg;6;Obwalden;965;885;1887;2734
2026-06-14;6860;Volksinitiative «Keine 10-Millionen-Schweiz! (Nachhaltigkeitsinitiative)»;municipality;1403;Giswil;6;Obwalden;1239;635;1904;2885
2026-06-14;6860;Volksinitiative «Keine 10-Millionen-Schweiz! (Nachhaltigkeitsinitiative)»;municipality;1404;Kerns;6;Obwalden;2126;1103;3270;4777
2026-06-14;6860;Volksinitiative «Keine 10-Millionen-Schweiz! (Nachhaltigkeitsinitiative)»;municipality;1405;Lungern;6;Obwalden;713;429;1152;1647
2026-06-14;6860;Volksinitiative «Keine 10-Millionen-Schweiz! (Nachhaltigkeitsinitiative)»;municipality;1406;Sachseln;6;Obwalden;1451;1173;2666;3882
2026-06-14;6860;Volksinitiative «Keine 10-Millionen-Schweiz! (Nachhaltigkeitsinitiative)»;municipality;1407;Sarnen;6;Obwalden;2715;2312;5124;7614
2026-06-14;6860;Volksinitiative «Keine 10-Millionen-Schweiz! (Nachhaltigkeitsinitiative)»;municipality;1501;Beckenried;7;Nidwalden;1121;732;1881;2766
2026-06-14;6860;Volksinitiative «Keine 10-Millionen-Schweiz! (Nachhaltigkeitsinitiative)»;municipality;1502;Buochs;7;Nidwalden;1387;1053;2476;3892
2026-06-14;6860;Volksinitiative «Keine 10-Millionen-Schweiz! (Nachhaltigkeitsinitiative)»;municipality;1503;Dallenwil;7;Nidwalden;662;348;1018;1460
2026-06-14;6860;Volksinitiative «Keine 10-Millionen-Schweiz! (Nachhaltigkeitsinitiative)»;municipality;1504;Emmetten;7;Nidwalden;533;227;770;1150
2026-06-14;6860;Volksinitiative «Keine 10-Millionen-Schweiz! (Nachhaltigkeitsinitiative)»;municipality;1505;Ennetbürgen;7;Nidwalden;1378;1098;2504;3729
2026-06-14;6860;Volksinitiative «Keine 10-Millionen-Schweiz! (Nachhaltigkeitsinitiative)»;municipality;1506;Ennetmoos;7;Nidwalden;759;386;1154;1665
2026-06-14;6860;Volksinitiative «Keine 10-Millionen-Schweiz! (Nachhaltigkeitsinitiative)»;municipality;1507;Hergiswil (NW);7;Nidwalden;1527;1236;2799;4112
2026-06-14;6860;Volksinitiative «Keine 10-Millionen-Schweiz! (Nachhaltigkeitsinitiative)»;municipality;1508;Oberdorf (NW);7;Nidwalden;1040;621;1679;2334
2026-06-14;6860;Volksinitiative «Keine 10-Millionen-Schweiz! (Nachhaltigkeitsinitiative)»;municipality;1509;Stans;7;Nidwalden;1638;1970;3649;6024
2026-06-14;6860;Volksinitiative «Keine 10-Millionen-Schweiz! (Nachhaltigkeitsinitiative)»;municipality;1510;Stansstad;7;Nidwalden;1422;727;2207;3352
2026-06-14;6860;Volksinitiative «Keine 10-Millionen-Schweiz! (Nachhaltigkeitsinitiative)»;municipality;1511;Wolfenschiessen;7;Nidwalden;695;361;1066;1650
2026-06-14;6860;Volksinitiative «Keine 10-Millionen-Schweiz! (Nachhaltigkeitsinitiative)»;municipality;1630;Glarus Nord;8;Glarus;4112;2617;6903;11880
2026-06-14;6860;Volksinitiative «Keine 10-Millionen-Schweiz! (Nachhaltigkeitsinitiative)»;municipality;1631;Glarus Süd;8;Glarus;2590;1567;4172;6956
2026-06-14;6860;Volksinitiative «Keine 10-Millionen-Schweiz! (Nachhaltigkeitsinitiative)»;municipality;1632;Glarus;8;Glarus;2310;2184;4599;8021
2026-06-14;6860;Volksinitiative «Keine 10-Millionen-Schweiz! (Nachhaltigkeitsinitiative)»;municipality;1701;Baar;9;Zug;4499;5060;9647;14886
2026-06-14;6860;Volksinitiative «Keine 10-Millionen-Schweiz! (Nachhaltigkeitsinitiative)»;municipality;1702;Cham;9;Zug;3386;3904;7313;11093
2026-06-14;6860;Volksinitiative «Keine 10-Millionen-Schweiz! (Nachhaltigkeitsinitiative)»;municipality;1703;Hünenberg;9;Zug;1916;2356;4296;6074
2026-06-14;6860;Volksinitiative «Keine 10-Millionen-Schweiz! (Nachhaltigkeitsinitiative)»;municipality;1704;Menzingen;9;Zug;1293;906;2210;3145
2026-06-14;6860;Volksinitiative «Keine 10-Millionen-Schweiz! (Nachhaltigkeitsinitiative)»;municipality;1705;Neuheim;9;Zug;592;463;1056;1545
2026-06-14;6860;Volksinitiative «Keine 10-Millionen-Schweiz! (Nachhaltigkeitsinitiative)»;municipality;1706;Oberägeri;9;Zug;1753;1111;2874;4000
2026-06-14;6860;Volksinitiative «Keine 10-Millionen-Schweiz! (Nachhaltigkeitsinitiative)»;municipality;1707;Risch;9;Zug;2397;2167;4584;7116
2026-06-14;6860;Volksinitiative «Keine 10-Millionen-Schweiz! (Nachhaltigkeitsinitiative)»;municipality;1708;Steinhausen;9;Zug;1822;2411;4252;6475
2026-06-14;6860;Volksinitiative «Keine 10-Millionen-Schweiz! (Nachhaltigkeitsinitiative)»;municipality;1709;Unterägeri;9;Zug;2296;1838;4148;5993
2026-06-14;6860;Volksinitiative «Keine 10-Millionen-Schweiz! (Nachhaltigkeitsinitiative)»;municipality;1710;Walchwil;9;Zug;858;801;1662;2258
2026-06-14;6860;Volksinitiative «Keine 10-Millionen-Schweiz! (Nachhaltigkeitsinitiative)»;municipality;1711;Zug;9;Zug;4912;7257;12241;17533
2026-06-14;6860;Volksinitiative «Keine 10-Millionen-Schweiz! (Nachhaltigkeitsinitiative)»;municipality;2008;Châtillon (FR);10;Freiburg;100;134;235;386
2026-06-14;6860;Volksinitiative «Keine 10-Millionen-Schweiz! (Nachhaltigkeitsinitiative)»;municipality;2011;Cugy (FR);10;Freiburg;352;339;700;1300
2026-06-14;6860;Volksinitiative «Keine 10-Millionen-Schweiz! (Nachhaltigkeitsinitiative)»;municipality;2022;Gletterens;10;Freiburg;217;198;418;802
2026-06-14;6860;Volksinitiative «Keine 10-Millionen-Schweiz! (Nachhaltigkeitsinitiative)»;municipality;2025;Lully (FR);10;Freiburg;229;193;439;786
2026-06-14;6860;Volksinitiative «Keine 10-Millionen-Schweiz! (Nachhaltigkeitsinitiative)»;municipality;2029;Montagny (FR);10;Freiburg;470;385;859;1900
2026-06-14;6860;Volksinitiative «Keine 10-Millionen-Schweiz! (Nachhaltigkeitsinitiative)»;municipality;2035;Nuvilly;10;Freiburg;90;67;158;314
2026-06-14;6860;Volksinitiative «Keine 10-Millionen-Schweiz! (Nachhaltigkeitsinitiative)»;municipality;2038;Prévondavaux;10;Freiburg;29;20;49;82
2026-06-14;6860;Volksinitiative «Keine 10-Millionen-Schweiz! (Nachhaltigkeitsinitiative)»;municipality;2041;Saint-Aubin (FR);10;Freiburg;311;366;681;1271
2026-06-14;6860;Volksinitiative «Keine 10-Millionen-Schweiz! (Nachhaltigkeitsinitiative)»;municipality;2043;Sévaz;10;Freiburg;73;56;129;208
2026-06-14;6860;Volksinitiative «Keine 10-Millionen-Schweiz! (Nachhaltigkeitsinitiative)»;municipality;2044;Surpierre;10;Freiburg;268;160;430;837
2026-06-14;6860;Volksinitiative «Keine 10-Millionen-Schweiz! (Nachhaltigkeitsinitiative)»;municipality;2045;Vallon;10;Freiburg;89;76;174;325
2026-06-14;6860;Volksinitiative «Keine 10-Millionen-Schweiz! (Nachhaltigkeitsinitiative)»;municipality;2050;Les Montets;10;Freiburg;288;222;514;1014
2026-06-14;6860;Volksinitiative «Keine 10-Millionen-Schweiz! (Nachhaltigkeitsinitiative)»;municipality;2051;Delley-Portalban;10;Freiburg;267;215;484;955
2026-06-14;6860;Volksinitiative «Keine 10-Millionen-Schweiz! (Nachhaltigkeitsinitiative)»;municipality;2053;Belmont-Broye;10;Freiburg;968;819;1805;3542
2026-06-14;6860;Volksinitiative «Keine 10-Millionen-Schweiz! (Nachhaltigkeitsinitiative)»;municipality;2054;Estavayer;10;Freiburg;1609;1977;3741;6746
2026-06-14;6860;Volksinitiative «Keine 10-Millionen-Schweiz! (Nachhaltigkeitsinitiative)»;municipality;2055;Cheyres-Châbles;10;Freiburg;420;520;953;1795
2026-06-14;6860;Volksinitiative «Keine 10-Millionen-Schweiz! (Nachhaltigkeitsinitiative)»;municipality;2056;Fétigny-Ménières;10;Freiburg;298;292;597;1131
2026-06-14;6860;Volksinitiative «Keine 10-Millionen-Schweiz! (Nachhaltigkeitsinitiative)»;municipality;2063;Billens-Hennens;10;Freiburg;182;194;377;664
2026-06-14;6860;Volksinitiative «Keine 10-Millionen-Schweiz! (Nachhaltigkeitsinitiative)»;municipality;2067;Le Châtelard;10;Freiburg;94;43;138;261
2026-06-14;6860;Volksinitiative «Keine 10-Millionen-Schweiz! (Nachhaltigkeitsinitiative)»;municipality;2068;Châtonnaye;10;Freiburg;172;142;320;560
2026-06-14;6860;Volksinitiative «Keine 10-Millionen-Schweiz! (Nachhaltigkeitsinitiative)»;municipality;2079;Grangettes;10;Freiburg;54;29;84;147
2026-06-14;6860;Volksinitiative «Keine 10-Millionen-Schweiz! (Nachhaltigkeitsinitiative)»;municipality;2086;Massonnens;10;Freiburg;128;102;235;387
2026-06-14;6860;Volksinitiative «Keine 10-Millionen-Schweiz! (Nachhaltigkeitsinitiative)»;municipality;2087;Mézières (FR);10;Freiburg;256;191;462;775
2026-06-14;6860;Volksinitiative «Keine 10-Millionen-Schweiz! (Nachhaltigkeitsinitiative)»;municipality;2096;Romont (FR);10;Freiburg;607;910;1532;2867
2026-06-14;6860;Volksinitiative «Keine 10-Millionen-Schweiz! (Nachhaltigkeitsinitiative)»;municipality;2097;Rue;10;Freiburg;659;518;1221;1792
2026-06-14;6860;Volksinitiative «Keine 10-Millionen-Schweiz! (Nachhaltigkeitsinitiative)»;municipality;2099;Siviriez;10;Freiburg;477;388;912;1643
2026-06-14;6860;Volksinitiative «Keine 10-Millionen-Schweiz! (Nachhaltigkeitsinitiative)»;municipality;2102;Ursy;10;Freiburg;784;584;1396;2563
2026-06-14;6860;Volksinitiative «Keine 10-Millionen-Schweiz! (Nachhaltigkeitsinitiative)»;municipality;2113;Vuisternens-devant-Romont;10;Freiburg;588;329;938;1682
2026-06-14;6860;Volksinitiative «Keine 10-Millionen-Schweiz! (Nachhaltigkeitsinitiative)»;municipality;2114;Villorsonnens;10;Freiburg;371;243;616;1088
2026-06-14;6860;Volksinitiative «Keine 10-Millionen-Schweiz! (Nachhaltigkeitsinitiative)»;municipality;2115;Torny;10;Freiburg;210;206;420;744
2026-06-14;6860;Volksinitiative «Keine 10-Millionen-Schweiz! (Nachhaltigkeitsinitiative)»;municipality;2117;Villaz;10;Freiburg;415;457;896;1527
2026-06-14;6860;Volksinitiative «Keine 10-Millionen-Schweiz! (Nachhaltigkeitsinitiative)»;municipality;2121;Haut-Intyamon;10;Freiburg;330;244;578;1092
2026-06-14;6860;Volksinitiative «Keine 10-Millionen-Schweiz! (Nachhaltigkeitsinitiative)»;municipality;2122;Pont-en-Ogoz;10;Freiburg;412;386;805;1372
2026-06-14;6860;Volksinitiative «Keine 10-Millionen-Schweiz! (Nachhaltigkeitsinitiative)»;municipality;2123;Botterens;10;Freiburg;185;89;282;480
2026-06-14;6860;Volksinitiative «Keine 10-Millionen-Schweiz! (Nachhaltigkeitsinitiative)»;municipality;2124;Broc;10;Freiburg;392;441;837;1534
2026-06-14;6860;Volksinitiative «Keine 10-Millionen-Schweiz! (Nachhaltigkeitsinitiative)»;municipality;2125;Bulle;10;Freiburg;2762;3709;6545;12629
2026-06-14;6860;Volksinitiative «Keine 10-Millionen-Schweiz! (Nachhaltigkeitsinitiative)»;municipality;2128;Châtel-sur-Montsalvens;10;Freiburg;89;68;158;225
2026-06-14;6860;Volksinitiative «Keine 10-Millionen-Schweiz! (Nachhaltigkeitsinitiative)»;municipality;2129;Corbières;10;Freiburg;226;184;419;711
2026-06-14;6860;Volksinitiative «Keine 10-Millionen-Schweiz! (Nachhaltigkeitsinitiative)»;municipality;2130;Crésuz;10;Freiburg;122;110;235;330
2026-06-14;6860;Volksinitiative «Keine 10-Millionen-Schweiz! (Nachhaltigkeitsinitiative)»;municipality;2131;Echarlens;10;Freiburg;165;189;358;584
2026-06-14;6860;Volksinitiative «Keine 10-Millionen-Schweiz! (Nachhaltigkeitsinitiative)»;municipality;2134;Grandvillard;10;Freiburg;174;166;347;598
2026-06-14;6860;Volksinitiative «Keine 10-Millionen-Schweiz! (Nachhaltigkeitsinitiative)»;municipality;2135;Gruyères;10;Freiburg;378;387;788;1414
2026-06-14;6860;Volksinitiative «Keine 10-Millionen-Schweiz! (Nachhaltigkeitsinitiative)»;municipality;2137;Hauteville;10;Freiburg;127;129;259;483
2026-06-14;6860;Volksinitiative «Keine 10-Millionen-Schweiz! (Nachhaltigkeitsinitiative)»;municipality;2138;Jaun;10;Freiburg;277;61;341;493
2026-06-14;6860;Volksinitiative «Keine 10-Millionen-Schweiz! (Nachhaltigkeitsinitiative)»;municipality;2140;Marsens;10;Freiburg;366;445;818;1376
2026-06-14;6860;Volksinitiative «Keine 10-Millionen-Schweiz! (Nachhaltigkeitsinitiative)»;municipality;2143;Morlon;10;Freiburg;163;199;364;556
2026-06-14;6860;Volksinitiative «Keine 10-Millionen-Schweiz! (Nachhaltigkeitsinitiative)»;municipality;2145;Le Pâquier (FR);10;Freiburg;260;291;556;912
2026-06-14;6860;Volksinitiative «Keine 10-Millionen-Schweiz! (Nachhaltigkeitsinitiative)»;municipality;2147;Pont-la-Ville;10;Freiburg;146;111;259;464
2026-06-14;6860;Volksinitiative «Keine 10-Millionen-Schweiz! (Nachhaltigkeitsinitiative)»;municipality;2148;Riaz;10;Freiburg;558;552;1122;1841
2026-06-14;6860;Volksinitiative «Keine 10-Millionen-Schweiz! (Nachhaltigkeitsinitiative)»;municipality;2149;La Roche;10;Freiburg;488;274;766;1337
2026-06-14;6860;Volksinitiative «Keine 10-Millionen-Schweiz! (Nachhaltigkeitsinitiative)»;municipality;2152;Sâles;10;Freiburg;304;271;588;1007
2026-06-14;6860;Volksinitiative «Keine 10-Millionen-Schweiz! (Nachhaltigkeitsinitiative)»;municipality;2153;Sorens;10;Freiburg;226;217;447;787
2026-06-14;6860;Volksinitiative «Keine 10-Millionen-Schweiz! (Nachhaltigkeitsinitiative)»;municipality;2155;Vaulruz;10;Freiburg;228;190;423;780
2026-06-14;6860;Volksinitiative «Keine 10-Millionen-Schweiz! (Nachhaltigkeitsinitiative)»;municipality;2160;Vuadens;10;Freiburg;515;450;970;1644
2026-06-14;6860;Volksinitiative «Keine 10-Millionen-Schweiz! (Nachhaltigkeitsinitiative)»;municipality;2162;Bas-Intyamon;10;Freiburg;330;257;601;1081
2026-06-14;6860;Volksinitiative «Keine 10-Millionen-Schweiz! (Nachhaltigkeitsinitiative)»;municipality;2163;Val-de-Charmey;10;Freiburg;603;514;1130;1870
2026-06-14;6860;Volksinitiative «Keine 10-Millionen-Schweiz! (Nachhaltigkeitsinitiative)»;municipality;2173;Autigny;10;Freiburg;173;156;333;557
2026-06-14;6860;Volksinitiative «Keine 10-Millionen-Schweiz! (Nachhaltigkeitsinitiative)»;municipality;2174;Avry;10;Freiburg;317;459;783;1321
2026-06-14;6860;Volksinitiative «Keine 10-Millionen-Schweiz! (Nachhaltigkeitsinitiative)»;municipality;2175;Belfaux;10;Freiburg;394;666;1073;1828
2026-06-14;6860;Volksinitiative «Keine 10-Millionen-Schweiz! (Nachhaltigkeitsinitiative)»;municipality;2177;Chénens;10;Freiburg;119;168;290;548
2026-06-14;6860;Volksinitiative «Keine 10-Millionen-Schweiz! (Nachhaltigkeitsinitiative)»;municipality;2183;Corminboeuf;10;Freiburg;475;814;1298;2010
2026-06-14;6860;Volksinitiative «Keine 10-Millionen-Schweiz! (Nachhaltigkeitsinitiative)»;municipality;2186;Cottens (FR);10;Freiburg;243;340;589;1004
2026-06-14;6860;Volksinitiative «Keine 10-Millionen-Schweiz! (Nachhaltigkeitsinitiative)»;municipality;2194;Ferpicloz;10;Freiburg;60;37;97;160
2026-06-14;6860;Volksinitiative «Keine 10-Millionen-Schweiz! (Nachhaltigkeitsinitiative)»;municipality;2196;Fribourg;10;Freiburg;2743;8519;11336;20019
2026-06-14;6860;Volksinitiative «Keine 10-Millionen-Schweiz! (Nachhaltigkeitsinitiative)»;municipality;2197;Givisiez;10;Freiburg;306;512;824;1553
2026-06-14;6860;Volksinitiative «Keine 10-Millionen-Schweiz! (Nachhaltigkeitsinitiative)»;municipality;2198;Granges-Paccot;10;Freiburg;440;581;1027;1964
2026-06-14;6860;Volksinitiative «Keine 10-Millionen-Schweiz! (Nachhaltigkeitsinitiative)»;municipality;2206;Marly;10;Freiburg;1087;2034;3153;5473
2026-06-14;6860;Volksinitiative «Keine 10-Millionen-Schweiz! (Nachhaltigkeitsinitiative)»;municipality;2208;Matran;10;Freiburg;234;470;708;1278
2026-06-14;6860;Volksinitiative «Keine 10-Millionen-Schweiz! (Nachhaltigkeitsinitiative)»;municipality;2211;Neyruz (FR);10;Freiburg;339;679;1023;1767
2026-06-14;6860;Volksinitiative «Keine 10-Millionen-Schweiz! (Nachhaltigkeitsinitiative)»;municipality;2216;Pierrafortscha;10;Freiburg;33;43;76;101
2026-06-14;6860;Volksinitiative «Keine 10-Millionen-Schweiz! (Nachhaltigkeitsinitiative)»;municipality;2220;Le Mouret;10;Freiburg;698;595;1324;2204
2026-06-14;6860;Volksinitiative «Keine 10-Millionen-Schweiz! (Nachhaltigkeitsinitiative)»;municipality;2226;Treyvaux;10;Freiburg;374;367;752;1132
2026-06-14;6860;Volksinitiative «Keine 10-Millionen-Schweiz! (Nachhaltigkeitsinitiative)»;municipality;2228;Villars-sur-Glâne;10;Freiburg;1144;2761;3958;6723
2026-06-14;6860;Volksinitiative «Keine 10-Millionen-Schweiz! (Nachhaltigkeitsinitiative)»;municipality;2230;Villarsel-sur-Marly;10;Freiburg;24;11;35;45
2026-06-14;6860;Volksinitiative «Keine 10-Millionen-Schweiz! (Nachhaltigkeitsinitiative)»;municipality;2233;Hauterive (FR);10;Freiburg;428;574;1017;1768
2026-06-14;6860;Volksinitiative «Keine 10-Millionen-Schweiz! (Nachhaltigkeitsinitiative)»;municipality;2234;La Brillaz;10;Freiburg;405;476;886;1528
2026-06-14;6860;Volksinitiative «Keine 10-Millionen-Schweiz! (Nachhaltigkeitsinitiative)»;municipality;2235;La Sonnaz;10;Freiburg;219;349;571;974
2026-06-14;6860;Volksinitiative «Keine 10-Millionen-Schweiz! (Nachhaltigkeitsinitiative)»;municipality;2236;Gibloux;10;Freiburg;1515;1660;3205;5548
2026-06-14;6860;Volksinitiative «Keine 10-Millionen-Schweiz! (Nachhaltigkeitsinitiative)»;municipality;2237;Prez;10;Freiburg;408;486;900;1610
2026-06-14;6860;Volksinitiative «Keine 10-Millionen-Schweiz! (Nachhaltigkeitsinitiative)»;municipality;2238;Bois-d'Amont;10;Freiburg;423;536;972;1590
2026-06-14;6860;Volksinitiative «Keine 10-Millionen-Schweiz! (Nachhaltigkeitsinitiative)»;municipality;2239;Grolley-Ponthaux;10;Freiburg;411;508;928;1821
2026-06-14;6860;Volksinitiative «Keine 10-Millionen-Schweiz! (Nachhaltigkeitsinitiative)»;municipality;2250;Courgevaux;10;Freiburg;214;277;493;858
2026-06-14;6860;Volksinitiative «Keine 10-Millionen-Schweiz! (Nachhaltigkeitsinitiative)»;municipality;2254;Courtepin;10;Freiburg;795;832;1635;2849
2026-06-14;6860;Volksinitiative «Keine 10-Millionen-Schweiz! (Nachhaltigkeitsinitiative)»;municipality;2257;Cressier (FR);10;Freiburg;173;253;428;641
2026-06-14;6860;Volksinitiative «Keine 10-Millionen-Schweiz! (Nachhaltigkeitsinitiative)»;municipality;2258;Fräschels;10;Freiburg;122;105;229;335
2026-06-14;6860;Volksinitiative «Keine 10-Millionen-Schweiz! (Nachhaltigkeitsinitiative)»;municipality;2261;Greng;10;Freiburg;49;38;88;128
2026-06-14;6860;Volksinitiative «Keine 10-Millionen-Schweiz! (Nachhaltigkeitsinitiative)»;municipality;2262;Gurmels;10;Freiburg;1216;982;2202;3605
2026-06-14;6860;Volksinitiative «Keine 10-Millionen-Schweiz! (Nachhaltigkeitsinitiative)»;municipality;2265;Kerzers;10;Freiburg;869;976;1868;3167
2026-06-14;6860;Volksinitiative «Keine 10-Millionen-Schweiz! (Nachhaltigkeitsinitiative)»;municipality;2266;Kleinbösingen;10;Freiburg;160;139;299;528
2026-06-14;6860;Volksinitiative «Keine 10-Millionen-Schweiz! (Nachhaltigkeitsinitiative)»;municipality;2271;Meyriez;10;Freiburg;108;207;322;445
2026-06-14;6860;Volksinitiative «Keine 10-Millionen-Schweiz! (Nachhaltigkeitsinitiative)»;municipality;2272;Misery-Courtion;10;Freiburg;362;273;647;1262
2026-06-14;6860;Volksinitiative «Keine 10-Millionen-Schweiz! (Nachhaltigkeitsinitiative)»;municipality;2274;Muntelier;10;Freiburg;192;347;543;771
2026-06-14;6860;Volksinitiative «Keine 10-Millionen-Schweiz! (Nachhaltigkeitsinitiative)»;municipality;2275;Murten;10;Freiburg;1734;2050;3804;6275
2026-06-14;6860;Volksinitiative «Keine 10-Millionen-Schweiz! (Nachhaltigkeitsinitiative)»;municipality;2276;Ried bei Kerzers;10;Freiburg;347;235;589;872
2026-06-14;6860;Volksinitiative «Keine 10-Millionen-Schweiz! (Nachhaltigkeitsinitiative)»;municipality;2284;Mont-Vully;10;Freiburg;735;1071;1818;3127
2026-06-14;6860;Volksinitiative «Keine 10-Millionen-Schweiz! (Nachhaltigkeitsinitiative)»;municipality;2292;Brünisried;10;Freiburg;254;142;400;557
2026-06-14;6860;Volksinitiative «Keine 10-Millionen-Schweiz! (Nachhaltigkeitsinitiative)»;municipality;2293;Düdingen;10;Freiburg;1696;2284;4023;6424
2026-06-14;6860;Volksinitiative «Keine 10-Millionen-Schweiz! (Nachhaltigkeitsinitiative)»;municipality;2294;Giffers;10;Freiburg;410;327;743;1223
2026-06-14;6860;Volksinitiative «Keine 10-Millionen-Schweiz! (Nachhaltigkeitsinitiative)»;municipality;2295;Bösingen;10;Freiburg;721;802;1530;2444
2026-06-14;6860;Volksinitiative «Keine 10-Millionen-Schweiz! (Nachhaltigkeitsinitiative)»;municipality;2296;Heitenried;10;Freiburg;353;305;670;1077
2026-06-14;6860;Volksinitiative «Keine 10-Millionen-Schweiz! (Nachhaltigkeitsinitiative)»;municipality;2299;Plaffeien;10;Freiburg;1250;707;1967;2814
2026-06-14;6860;Volksinitiative «Keine 10-Millionen-Schweiz! (Nachhaltigkeitsinitiative)»;municipality;2300;Plasselb;10;Freiburg;332;211;545;834
2026-06-14;6860;Volksinitiative «Keine 10-Millionen-Schweiz! (Nachhaltigkeitsinitiative)»;municipality;2301;Rechthalten;10;Freiburg;352;270;623;917
2026-06-14;6860;Volksinitiative «Keine 10-Millionen-Schweiz! (Nachhaltigkeitsinitiative)»;municipality;2303;St. Silvester;10;Freiburg;363;123;488;852
2026-06-14;6860;Volksinitiative «Keine 10-Millionen-Schweiz! (Nachhaltigkeitsinitiative)»;municipality;2304;St. Ursen;10;Freiburg;333;301;640;1011
2026-06-14;6860;Volksinitiative «Keine 10-Millionen-Schweiz! (Nachhaltigkeitsinitiative)»;municipality;2305;Schmitten (FR);10;Freiburg;848;1096;1955;3064
2026-06-14;6860;Volksinitiative «Keine 10-Millionen-Schweiz! (Nachhaltigkeitsinitiative)»;municipality;2306;Tafers;10;Freiburg;1697;1765;3483;5695
2026-06-14;6860;Volksinitiative «Keine 10-Millionen-Schweiz! (Nachhaltigkeitsinitiative)»;municipality;2307;Tentlingen;10;Freiburg;326;278;609;1004
2026-06-14;6860;Volksinitiative «Keine 10-Millionen-Schweiz! (Nachhaltigkeitsinitiative)»;municipality;2308;Ueberstorf;10;Freiburg;617;584;1202;1923
2026-06-14;6860;Volksinitiative «Keine 10-Millionen-Schweiz! (Nachhaltigkeitsinitiative)»;municipality;2309;Wünnewil-Flamatt;10;Freiburg;921;1209;2156;3777
2026-06-14;6860;Volksinitiative «Keine 10-Millionen-Schweiz! (Nachhaltigkeitsinitiative)»;municipality;2321;Attalens;10;Freiburg;560;735;1327;2374
2026-06-14;6860;Volksinitiative «Keine 10-Millionen-Schweiz! (Nachhaltigkeitsinitiative)»;municipality;2323;Bossonnens;10;Freiburg;202;257;473;1026
2026-06-14;6860;Volksinitiative «Keine 10-Millionen-Schweiz! (Nachhaltigkeitsinitiative)»;municipality;2325;Châtel-Saint-Denis;10;Freiburg;1314;1362;2758;4904
2026-06-14;6860;Volksinitiative «Keine 10-Millionen-Schweiz! (Nachhaltigkeitsinitiative)»;municipality;2328;Granges (Veveyse);10;Freiburg;156;276;439;694
2026-06-14;6860;Volksinitiative «Keine 10-Millionen-Schweiz! (Nachhaltigkeitsinitiative)»;municipality;2333;Remaufens;10;Freiburg;244;244;507;877
2026-06-14;6860;Volksinitiative «Keine 10-Millionen-Schweiz! (Nachhaltigkeitsinitiative)»;municipality;2335;Saint-Martin (FR);10;Freiburg;230;194;438;739
2026-06-14;6860;Volksinitiative «Keine 10-Millionen-Schweiz! (Nachhaltigkeitsinitiative)»;municipality;2336;Semsales;10;Freiburg;316;285;616;1110
2026-06-14;6860;Volksinitiative «Keine 10-Millionen-Schweiz! (Nachhaltigkeitsinitiative)»;municipality;2337;Le Flon;10;Freiburg;273;240;522;871
2026-06-14;6860;Volksinitiative «Keine 10-Millionen-Schweiz! (Nachhaltigkeitsinitiative)»;municipality;2338;La Verrerie;10;Freiburg;270;234;518;921
2026-06-14;6860;Volksinitiative «Keine 10-Millionen-Schweiz! (Nachhaltigkeitsinitiative)»;municipality;2401;Egerkingen;11;Solothurn;802;456;1262;2304
2026-06-14;6860;Volksinitiative «Keine 10-Millionen-Schweiz! (Nachhaltigkeitsinitiative)»;municipality;2402;Härkingen;11;Solothurn;455;265;721;1198
2026-06-14;6860;Volksinitiative «Keine 10-Millionen-Schweiz! (Nachhaltigkeitsinitiative)»;municipality;2403;Kestenholz;11;Solothurn;525;364;891;1405
2026-06-14;6860;Volksinitiative «Keine 10-Millionen-Schweiz! (Nachhaltigkeitsinitiative)»;municipality;2404;Neuendorf;11;Solothurn;604;408;1019;1602
2026-06-14;6860;Volksinitiative «Keine 10-Millionen-Schweiz! (Nachhaltigkeitsinitiative)»;municipality;2405;Niederbuchsiten;11;Solothurn;364;183;549;909
2026-06-14;6860;Volksinitiative «Keine 10-Millionen-Schweiz! (Nachhaltigkeitsinitiative)»;municipality;2406;Oberbuchsiten;11;Solothurn;528;297;828;1379
2026-06-14;6860;Volksinitiative «Keine 10-Millionen-Schweiz! (Nachhaltigkeitsinitiative)»;municipality;2407;Oensingen;11;Solothurn;1145;691;1844;3386
2026-06-14;6860;Volksinitiative «Keine 10-Millionen-Schweiz! (Nachhaltigkeitsinitiative)»;municipality;2408;Wolfwil;11;Solothurn;618;418;1041;1772
2026-06-14;6860;Volksinitiative «Keine 10-Millionen-Schweiz! (Nachhaltigkeitsinitiative)»;municipality;2421;Aedermannsdorf;11;Solothurn;217;116;334;498
2026-06-14;6860;Volksinitiative «Keine 10-Millionen-Schweiz! (Nachhaltigkeitsinitiative)»;municipality;2422;Balsthal;11;Solothurn;1282;826;2124;3580
2026-06-14;6860;Volksinitiative «Keine 10-Millionen-Schweiz! (Nachhaltigkeitsinitiative)»;municipality;2424;Herbetswil;11;Solothurn;172;98;270;470
2026-06-14;6860;Volksinitiative «Keine 10-Millionen-Schweiz! (Nachhaltigkeitsinitiative)»;municipality;2425;Holderbank (SO);11;Solothurn;228;89;318;529
2026-06-14;6860;Volksinitiative «Keine 10-Millionen-Schweiz! (Nachhaltigkeitsinitiative)»;municipality;2426;Laupersdorf;11;Solothurn;571;351;928;1362
2026-06-14;6860;Volksinitiative «Keine 10-Millionen-Schweiz! (Nachhaltigkeitsinitiative)»;municipality;2427;Matzendorf;11;Solothurn;455;187;646;1065
2026-06-14;6860;Volksinitiative «Keine 10-Millionen-Schweiz! (Nachhaltigkeitsinitiative)»;municipality;2428;Mümliswil-Ramiswil;11;Solothurn;880;344;1228;1810
2026-06-14;6860;Volksinitiative «Keine 10-Millionen-Schweiz! (Nachhaltigkeitsinitiative)»;municipality;2430;Welschenrohr-Gänsbrunnen;11;Solothurn;331;170;502;907
2026-06-14;6860;Volksinitiative «Keine 10-Millionen-Schweiz! (Nachhaltigkeitsinitiative)»;municipality;2445;Biezwil;11;Solothurn;116;69;185;281
2026-06-14;6860;Volksinitiative «Keine 10-Millionen-Schweiz! (Nachhaltigkeitsinitiative)»;municipality;2455;Lüterkofen-Ichertswil;11;Solothurn;223;194;421;765
2026-06-14;6860;Volksinitiative «Keine 10-Millionen-Schweiz! (Nachhaltigkeitsinitiative)»;municipality;2457;Messen;11;Solothurn;436;280;719;1181
2026-06-14;6860;Volksinitiative «Keine 10-Millionen-Schweiz! (Nachhaltigkeitsinitiative)»;municipality;2461;Schnottwil;11;Solothurn;268;251;527;893
2026-06-14;6860;Volksinitiative «Keine 10-Millionen-Schweiz! (Nachhaltigkeitsinitiative)»;municipality;2463;Unterramsern;11;Solothurn;63;62;125;187
2026-06-14;6860;Volksinitiative «Keine 10-Millionen-Schweiz! (Nachhaltigkeitsinitiative)»;municipality;2464;Lüsslingen-Nennigkofen;11;Solothurn;235;336;574;880
2026-06-14;6860;Volksinitiative «Keine 10-Millionen-Schweiz! (Nachhaltigkeitsinitiative)»;municipality;2465;Buchegg;11;Solothurn;799;677;1483;2412
2026-06-14;6860;Volksinitiative «Keine 10-Millionen-Schweiz! (Nachhaltigkeitsinitiative)»;municipality;2471;Bättwil;11;Solothurn;225;253;484;853
2026-06-14;6860;Volksinitiative «Keine 10-Millionen-Schweiz! (Nachhaltigkeitsinitiative)»;municipality;2472;Büren (SO);11;Solothurn;242;221;465;743
2026-06-14;6860;Volksinitiative «Keine 10-Millionen-Schweiz! (Nachhaltigkeitsinitiative)»;municipality;2473;Dornach;11;Solothurn;947;1548;2515;4212
2026-06-14;6860;Volksinitiative «Keine 10-Millionen-Schweiz! (Nachhaltigkeitsinitiative)»;municipality;2474;Gempen;11;Solothurn;187;226;415;646
2026-06-14;6860;Volksinitiative «Keine 10-Millionen-Schweiz! (Nachhaltigkeitsinitiative)»;municipality;2475;Hochwald;11;Solothurn;324;361;687;961
2026-06-14;6860;Volksinitiative «Keine 10-Millionen-Schweiz! (Nachhaltigkeitsinitiative)»;municipality;2476;Hofstetten-Flüh;11;Solothurn;639;751;1398;2285
2026-06-14;6860;Volksinitiative «Keine 10-Millionen-Schweiz! (Nachhaltigkeitsinitiative)»;municipality;2477;Metzerlen-Mariastein;11;Solothurn;249;230;480;716
2026-06-14;6860;Volksinitiative «Keine 10-Millionen-Schweiz! (Nachhaltigkeitsinitiative)»;municipality;2478;Nuglar-St. Pantaleon;11;Solothurn;420;357;779;1194
2026-06-14;6860;Volksinitiative «Keine 10-Millionen-Schweiz! (Nachhaltigkeitsinitiative)»;municipality;2479;Rodersdorf;11;Solothurn;263;475;745;1055
2026-06-14;6860;Volksinitiative «Keine 10-Millionen-Schweiz! (Nachhaltigkeitsinitiative)»;municipality;2480;Seewen;11;Solothurn;310;195;511;830
2026-06-14;6860;Volksinitiative «Keine 10-Millionen-Schweiz! (Nachhaltigkeitsinitiative)»;municipality;2481;Witterswil;11;Solothurn;295;318;617;959
2026-06-14;6860;Volksinitiative «Keine 10-Millionen-Schweiz! (Nachhaltigkeitsinitiative)»;municipality;2491;Hauenstein-Ifenthal;11;Solothurn;89;83;174;266
2026-06-14;6860;Volksinitiative «Keine 10-Millionen-Schweiz! (Nachhaltigkeitsinitiative)»;municipality;2492;Kienberg;11;Solothurn;151;82;234;376
2026-06-14;6860;Volksinitiative «Keine 10-Millionen-Schweiz! (Nachhaltigkeitsinitiative)»;municipality;2493;Lostorf;11;Solothurn;1021;932;1959;2994
2026-06-14;6860;Volksinitiative «Keine 10-Millionen-Schweiz! (Nachhaltigkeitsinitiative)»;municipality;2495;Niedergösgen;11;Solothurn;762;583;1351;2452
2026-06-14;6860;Volksinitiative «Keine 10-Millionen-Schweiz! (Nachhaltigkeitsinitiative)»;municipality;2497;Obergösgen;11;Solothurn;528;333;866;1552
2026-06-14;6860;Volksinitiative «Keine 10-Millionen-Schweiz! (Nachhaltigkeitsinitiative)»;municipality;2499;Stüsslingen;11;Solothurn;333;264;599;966
2026-06-14;6860;Volksinitiative «Keine 10-Millionen-Schweiz! (Nachhaltigkeitsinitiative)»;municipality;2500;Trimbach;11;Solothurn;794;899;1699;3338
2026-06-14;6860;Volksinitiative «Keine 10-Millionen-Schweiz! (Nachhaltigkeitsinitiative)»;municipality;2501;Winznau;11;Solothurn;409;390;807;1404
2026-06-14;6860;Volksinitiative «Keine 10-Millionen-Schweiz! (Nachhaltigkeitsinitiative)»;municipality;2502;Wisen (SO);11;Solothurn;104;123;228;356
2026-06-14;6860;Volksinitiative «Keine 10-Millionen-Schweiz! (Nachhaltigkeitsinitiative)»;municipality;2503;Erlinsbach (SO);11;Solothurn;785;673;1472;2509
2026-06-14;6860;Volksinitiative «Keine 10-Millionen-Schweiz! (Nachhaltigkeitsinitiative)»;municipality;2511;Aeschi (SO);11;Solothurn;372;315;694;1053
2026-06-14;6860;Volksinitiative «Keine 10-Millionen-Schweiz! (Nachhaltigkeitsinitiative)»;municipality;2513;Biberist;11;Solothurn;1506;1873;3416;5910
2026-06-14;6860;Volksinitiative «Keine 10-Millionen-Schweiz! (Nachhaltigkeitsinitiative)»;municipality;2514;Bolken;11;Solothurn;194;112;308;443
2026-06-14;6860;Volksinitiative «Keine 10-Millionen-Schweiz! (Nachhaltigkeitsinitiative)»;municipality;2516;Deitingen;11;Solothurn;573;543;1124;1764
2026-06-14;6860;Volksinitiative «Keine 10-Millionen-Schweiz! (Nachhaltigkeitsinitiative)»;municipality;2517;Derendingen;11;Solothurn;1066;989;2072;4089
2026-06-14;6860;Volksinitiative «Keine 10-Millionen-Schweiz! (Nachhaltigkeitsinitiative)»;municipality;2518;Etziken;11;Solothurn;279;183;464;763
2026-06-14;6860;Volksinitiative «Keine 10-Millionen-Schweiz! (Nachhaltigkeitsinitiative)»;municipality;2519;Gerlafingen;11;Solothurn;695;641;1342;2800
2026-06-14;6860;Volksinitiative «Keine 10-Millionen-Schweiz! (Nachhaltigkeitsinitiative)»;municipality;2523;Horriwil;11;Solothurn;244;197;444;691
2026-06-14;6860;Volksinitiative «Keine 10-Millionen-Schweiz! (Nachhaltigkeitsinitiative)»;municipality;2524;Hüniken;11;Solothurn;47;40;87;121
2026-06-14;6860;Volksinitiative «Keine 10-Millionen-Schweiz! (Nachhaltigkeitsinitiative)»;municipality;2525;Kriegstetten;11;Solothurn;780;640;1424;2342
2026-06-14;6860;Volksinitiative «Keine 10-Millionen-Schweiz! (Nachhaltigkeitsinitiative)»;municipality;2526;Lohn-Ammannsegg;11;Solothurn;616;829;1457;2246
2026-06-14;6860;Volksinitiative «Keine 10-Millionen-Schweiz! (Nachhaltigkeitsinitiative)»;municipality;2527;Luterbach;11;Solothurn;746;719;1472;2456
2026-06-14;6860;Volksinitiative «Keine 10-Millionen-Schweiz! (Nachhaltigkeitsinitiative)»;municipality;2528;Obergerlafingen;11;Solothurn;328;187;519;870
2026-06-14;6860;Volksinitiative «Keine 10-Millionen-Schweiz! (Nachhaltigkeitsinitiative)»;municipality;2530;Recherswil;11;Solothurn;552;366;920;1593
2026-06-14;6860;Volksinitiative «Keine 10-Millionen-Schweiz! (Nachhaltigkeitsinitiative)»;municipality;2532;Subingen;11;Solothurn;706;602;1314;2252
2026-06-14;6860;Volksinitiative «Keine 10-Millionen-Schweiz! (Nachhaltigkeitsinitiative)»;municipality;2534;Zuchwil;11;Solothurn;1041;1377;2435;4706
2026-06-14;6860;Volksinitiative «Keine 10-Millionen-Schweiz! (Nachhaltigkeitsinitiative)»;municipality;2535;Drei Höfe;11;Solothurn;217;150;370;574
2026-06-14;6860;Volksinitiative «Keine 10-Millionen-Schweiz! (Nachhaltigkeitsinitiative)»;municipality;2541;Balm bei Günsberg;11;Solothurn;64;61;126;162
2026-06-14;6860;Volksinitiative «Keine 10-Millionen-Schweiz! (Nachhaltigkeitsinitiative)»;municipality;2542;Bellach;11;Solothurn;974;880;1886;3280
2026-06-14;6860;Volksinitiative «Keine 10-Millionen-Schweiz! (Nachhaltigkeitsinitiative)»;municipality;2543;Bettlach;11;Solothurn;1059;784;1860;3395
2026-06-14;6860;Volksinitiative «Keine 10-Millionen-Schweiz! (Nachhaltigkeitsinitiative)»;municipality;2544;Feldbrunnen-St. Niklaus;11;Solothurn;222;360;586;814
2026-06-14;6860;Volksinitiative «Keine 10-Millionen-Schweiz! (Nachhaltigkeitsinitiative)»;municipality;2545;Flumenthal;11;Solothurn;274;158;433;772
2026-06-14;6860;Volksinitiative «Keine 10-Millionen-Schweiz! (Nachhaltigkeitsinitiative)»;municipality;2546;Grenchen;11;Solothurn;2575;1987;4597;9901
2026-06-14;6860;Volksinitiative «Keine 10-Millionen-Schweiz! (Nachhaltigkeitsinitiative)»;municipality;2547;Günsberg;11;Solothurn;361;243;604;969
2026-06-14;6860;Volksinitiative «Keine 10-Millionen-Schweiz! (Nachhaltigkeitsinitiative)»;municipality;2548;Hubersdorf;11;Solothurn;204;158;363;578
2026-06-14;6860;Volksinitiative «Keine 10-Millionen-Schweiz! (Nachhaltigkeitsinitiative)»;municipality;2549;Kammersrohr;11;Solothurn;8;8;16;32
2026-06-14;6860;Volksinitiative «Keine 10-Millionen-Schweiz! (Nachhaltigkeitsinitiative)»;municipality;2550;Langendorf;11;Solothurn;669;1020;1703;2736
2026-06-14;6860;Volksinitiative «Keine 10-Millionen-Schweiz! (Nachhaltigkeitsinitiative)»;municipality;2551;Lommiswil;11;Solothurn;419;388;814;1233
2026-06-14;6860;Volksinitiative «Keine 10-Millionen-Schweiz! (Nachhaltigkeitsinitiative)»;municipality;2553;Oberdorf (SO);11;Solothurn;388;565;960;1383
2026-06-14;6860;Volksinitiative «Keine 10-Millionen-Schweiz! (Nachhaltigkeitsinitiative)»;municipality;2554;Riedholz;11;Solothurn;500;569;1079;1688
2026-06-14;6860;Volksinitiative «Keine 10-Millionen-Schweiz! (Nachhaltigkeitsinitiative)»;municipality;2555;Rüttenen;11;Solothurn;315;440;758;1164
2026-06-14;6860;Volksinitiative «Keine 10-Millionen-Schweiz! (Nachhaltigkeitsinitiative)»;municipality;2556;Selzach;11;Solothurn;819;621;1445;2575
2026-06-14;6860;Volksinitiative «Keine 10-Millionen-Schweiz! (Nachhaltigkeitsinitiative)»;municipality;2571;Boningen;11;Solothurn;229;83;314;539
2026-06-14;6860;Volksinitiative «Keine 10-Millionen-Schweiz! (Nachhaltigkeitsinitiative)»;municipality;2572;Däniken;11;Solothurn;693;425;1122;1925
2026-06-14;6860;Volksinitiative «Keine 10-Millionen-Schweiz! (Nachhaltigkeitsinitiative)»;municipality;2573;Dulliken;11;Solothurn;704;602;1318;2538
2026-06-14;6860;Volksinitiative «Keine 10-Millionen-Schweiz! (Nachhaltigkeitsinitiative)»;municipality;2574;Eppenberg-Wöschnau;11;Solothurn;72;37;112;194
2026-06-14;6860;Volksinitiative «Keine 10-Millionen-Schweiz! (Nachhaltigkeitsinitiative)»;municipality;2575;Fulenbach;11;Solothurn;446;303;752;1307
2026-06-14;6860;Volksinitiative «Keine 10-Millionen-Schweiz! (Nachhaltigkeitsinitiative)»;municipality;2576;Gretzenbach;11;Solothurn;560;451;1017;1733
2026-06-14;6860;Volksinitiative «Keine 10-Millionen-Schweiz! (Nachhaltigkeitsinitiative)»;municipality;2578;Gunzgen;11;Solothurn;499;245;750;1258
2026-06-14;6860;Volksinitiative «Keine 10-Millionen-Schweiz! (Nachhaltigkeitsinitiative)»;municipality;2579;Hägendorf;11;Solothurn;1092;777;1874;3217
2026-06-14;6860;Volksinitiative «Keine 10-Millionen-Schweiz! (Nachhaltigkeitsinitiative)»;municipality;2580;Kappel (SO);11;Solothurn;678;609;1296;2197
2026-06-14;6860;Volksinitiative «Keine 10-Millionen-Schweiz! (Nachhaltigkeitsinitiative)»;municipality;2581;Olten;11;Solothurn;2198;4819;7068;11450
2026-06-14;6860;Volksinitiative «Keine 10-Millionen-Schweiz! (Nachhaltigkeitsinitiative)»;municipality;2582;Rickenbach (SO);11;Solothurn;267;211;479;803
2026-06-14;6860;Volksinitiative «Keine 10-Millionen-Schweiz! (Nachhaltigkeitsinitiative)»;municipality;2583;Schönenwerd;11;Solothurn;705;702;1419;2721
2026-06-14;6860;Volksinitiative «Keine 10-Millionen-Schweiz! (Nachhaltigkeitsinitiative)»;municipality;2584;Starrkirch-Wil;11;Solothurn;330;539;872;1354
2026-06-14;6860;Volksinitiative «Keine 10-Millionen-Schweiz! (Nachhaltigkeitsinitiative)»;municipality;2585;Walterswil (SO);11;Solothurn;192;87;280;558
2026-06-14;6860;Volksinitiative «Keine 10-Millionen-Schweiz! (Nachhaltigkeitsinitiative)»;municipality;2586;Wangen bei Olten;11;Solothurn;841;983;1833;3308
2026-06-14;6860;Volksinitiative «Keine 10-Millionen-Schweiz! (Nachhaltigkeitsinitiative)»;municipality;2601;Solothurn;11;Solothurn;1988;5160;7194;11572
2026-06-14;6860;Volksinitiative «Keine 10-Millionen-Schweiz! (Nachhaltigkeitsinitiative)»;municipality;2611;Bärschwil;11;Solothurn;240;137;377;629
2026-06-14;6860;Volksinitiative «Keine 10-Millionen-Schweiz! (Nachhaltigkeitsinitiative)»;municipality;2612;Beinwil (SO);11;Solothurn;94;30;125;194
2026-06-14;6860;Volksinitiative «Keine 10-Millionen-Schweiz! (Nachhaltigkeitsinitiative)»;municipality;2613;Breitenbach;11;Solothurn;797;662;1469;2685
2026-06-14;6860;Volksinitiative «Keine 10-Millionen-Schweiz! (Nachhaltigkeitsinitiative)»;municipality;2614;Büsserach;11;Solothurn;591;364;979;1713
2026-06-14;6860;Volksinitiative «Keine 10-Millionen-Schweiz! (Nachhaltigkeitsinitiative)»;municipality;2615;Erschwil;11;Solothurn;251;154;407;691
2026-06-14;6860;Volksinitiative «Keine 10-Millionen-Schweiz! (Nachhaltigkeitsinitiative)»;municipality;2616;Fehren;11;Solothurn;184;106;290;493
2026-06-14;6860;Volksinitiative «Keine 10-Millionen-Schweiz! (Nachhaltigkeitsinitiative)»;municipality;2617;Grindel;11;Solothurn;145;68;213;392
2026-06-14;6860;Volksinitiative «Keine 10-Millionen-Schweiz! (Nachhaltigkeitsinitiative)»;municipality;2618;Himmelried;11;Solothurn;244;202;451;711
2026-06-14;6860;Volksinitiative «Keine 10-Millionen-Schweiz! (Nachhaltigkeitsinitiative)»;municipality;2619;Kleinlützel;11;Solothurn;313;231;545;919
2026-06-14;6860;Volksinitiative «Keine 10-Millionen-Schweiz! (Nachhaltigkeitsinitiative)»;municipality;2620;Meltingen;11;Solothurn;188;111;300;478
2026-06-14;6860;Volksinitiative «Keine 10-Millionen-Schweiz! (Nachhaltigkeitsinitiative)»;municipality;2621;Nunningen;11;Solothurn;530;371;905;1535
2026-06-14;6860;Volksinitiative «Keine 10-Millionen-Schweiz! (Nachhaltigkeitsinitiative)»;municipality;2622;Zullwil;11;Solothurn;158;86;245;481
2026-06-14;6860;Volksinitiative «Keine 10-Millionen-Schweiz! (Nachhaltigkeitsinitiative)»;municipality;2701;Basel;12;Basel-Stadt;14610;43177;58356;90700
2026-06-14;6860;Volksinitiative «Keine 10-Millionen-Schweiz! (Nachhaltigkeitsinitiative)»;municipality;2702;Bettingen;12;Basel-Stadt;187;324;517;771
2026-06-14;6860;Volksinitiative «Keine 10-Millionen-Schweiz! (Nachhaltigkeitsinitiative)»;municipality;2703;Riehen;12;Basel-Stadt;3072;5897;9075;13112
2026-06-14;6860;Volksinitiative «Keine 10-Millionen-Schweiz! (Nachhaltigkeitsinitiative)»;municipality;2761;Aesch (BL);13;Basel-Landschaft;1709;2066;3841;7002
2026-06-14;6860;Volksinitiative «Keine 10-Millionen-Schweiz! (Nachhaltigkeitsinitiative)»;municipality;2762;Allschwil;13;Basel-Landschaft;2791;4427;7504;13201
2026-06-14;6860;Volksinitiative «Keine 10-Millionen-Schweiz! (Nachhaltigkeitsinitiative)»;municipality;2763;Arlesheim;13;Basel-Landschaft;1199;2636;3977;6316
2026-06-14;6860;Volksinitiative «Keine 10-Millionen-Schweiz! (Nachhaltigkeitsinitiative)»;municipality;2764;Biel-Benken;13;Basel-Landschaft;694;967;1702;2602
2026-06-14;6860;Volksinitiative «Keine 10-Millionen-Schweiz! (Nachhaltigkeitsinitiative)»;municipality;2765;Binningen;13;Basel-Landschaft;2002;4186;6341;9849
2026-06-14;6860;Volksinitiative «Keine 10-Millionen-Schweiz! (Nachhaltigkeitsinitiative)»;municipality;2766;Birsfelden;13;Basel-Landschaft;1369;1793;3292;5973
2026-06-14;6860;Volksinitiative «Keine 10-Millionen-Schweiz! (Nachhaltigkeitsinitiative)»;municipality;2767;Bottmingen;13;Basel-Landschaft;981;1819;2889;4356
2026-06-14;6860;Volksinitiative «Keine 10-Millionen-Schweiz! (Nachhaltigkeitsinitiative)»;municipality;2768;Ettingen;13;Basel-Landschaft;1026;1219;2296;3708
2026-06-14;6860;Volksinitiative «Keine 10-Millionen-Schweiz! (Nachhaltigkeitsinitiative)»;municipality;2769;Münchenstein;13;Basel-Landschaft;1589;2684;4359;7682
2026-06-14;6860;Volksinitiative «Keine 10-Millionen-Schweiz! (Nachhaltigkeitsinitiative)»;municipality;2770;Muttenz;13;Basel-Landschaft;2799;3919;6844;11633
2026-06-14;6860;Volksinitiative «Keine 10-Millionen-Schweiz! (Nachhaltigkeitsinitiative)»;municipality;2771;Oberwil (BL);13;Basel-Landschaft;1635;2834;4585;7448
2026-06-14;6860;Volksinitiative «Keine 10-Millionen-Schweiz! (Nachhaltigkeitsinitiative)»;municipality;2772;Pfeffingen;13;Basel-Landschaft;528;634;1188;1715
2026-06-14;6860;Volksinitiative «Keine 10-Millionen-Schweiz! (Nachhaltigkeitsinitiative)»;municipality;2773;Reinach (BL);13;Basel-Landschaft;3147;4321;7674;13443
2026-06-14;6860;Volksinitiative «Keine 10-Millionen-Schweiz! (Nachhaltigkeitsinitiative)»;municipality;2774;Schönenbuch;13;Basel-Landschaft;325;385;731;1106
2026-06-14;6860;Volksinitiative «Keine 10-Millionen-Schweiz! (Nachhaltigkeitsinitiative)»;municipality;2775;Therwil;13;Basel-Landschaft;1684;2483;4259;7012
2026-06-14;6860;Volksinitiative «Keine 10-Millionen-Schweiz! (Nachhaltigkeitsinitiative)»;municipality;2781;Blauen;13;Basel-Landschaft;193;154;351;554
2026-06-14;6860;Volksinitiative «Keine 10-Millionen-Schweiz! (Nachhaltigkeitsinitiative)»;municipality;2782;Brislach;13;Basel-Landschaft;496;224;735;1290
2026-06-14;6860;Volksinitiative «Keine 10-Millionen-Schweiz! (Nachhaltigkeitsinitiative)»;municipality;2783;Burg im Leimental;13;Basel-Landschaft;71;54;125;216
2026-06-14;6860;Volksinitiative «Keine 10-Millionen-Schweiz! (Nachhaltigkeitsinitiative)»;municipality;2784;Dittingen;13;Basel-Landschaft;151;140;297;531
2026-06-14;6860;Volksinitiative «Keine 10-Millionen-Schweiz! (Nachhaltigkeitsinitiative)»;municipality;2785;Duggingen;13;Basel-Landschaft;327;305;650;1049
2026-06-14;6860;Volksinitiative «Keine 10-Millionen-Schweiz! (Nachhaltigkeitsinitiative)»;municipality;2786;Grellingen;13;Basel-Landschaft;311;276;612;1192
2026-06-14;6860;Volksinitiative «Keine 10-Millionen-Schweiz! (Nachhaltigkeitsinitiative)»;municipality;2787;Laufen;13;Basel-Landschaft;898;1110;2032;3652
2026-06-14;6860;Volksinitiative «Keine 10-Millionen-Schweiz! (Nachhaltigkeitsinitiative)»;municipality;2788;Liesberg;13;Basel-Landschaft;347;160;510;847
2026-06-14;6860;Volksinitiative «Keine 10-Millionen-Schweiz! (Nachhaltigkeitsinitiative)»;municipality;2789;Nenzlingen;13;Basel-Landschaft;131;90;222;342
2026-06-14;6860;Volksinitiative «Keine 10-Millionen-Schweiz! (Nachhaltigkeitsinitiative)»;municipality;2790;Roggenburg;13;Basel-Landschaft;85;38;124;231
2026-06-14;6860;Volksinitiative «Keine 10-Millionen-Schweiz! (Nachhaltigkeitsinitiative)»;municipality;2791;Röschenz;13;Basel-Landschaft;545;404;967;1469
2026-06-14;6860;Volksinitiative «Keine 10-Millionen-Schweiz! (Nachhaltigkeitsinitiative)»;municipality;2792;Wahlen;13;Basel-Landschaft;428;178;612;1114
2026-06-14;6860;Volksinitiative «Keine 10-Millionen-Schweiz! (Nachhaltigkeitsinitiative)»;municipality;2793;Zwingen;13;Basel-Landschaft;461;372;834;1708
2026-06-14;6860;Volksinitiative «Keine 10-Millionen-Schweiz! (Nachhaltigkeitsinitiative)»;municipality;2821;Arisdorf;13;Basel-Landschaft;395;301;712;1212
2026-06-14;6860;Volksinitiative «Keine 10-Millionen-Schweiz! (Nachhaltigkeitsinitiative)»;municipality;2822;Augst;13;Basel-Landschaft;199;219;428;733
2026-06-14;6860;Volksinitiative «Keine 10-Millionen-Schweiz! (Nachhaltigkeitsinitiative)»;municipality;2823;Bubendorf;13;Basel-Landschaft;818;1060;1904;3109
2026-06-14;6860;Volksinitiative «Keine 10-Millionen-Schweiz! (Nachhaltigkeitsinitiative)»;municipality;2824;Frenkendorf;13;Basel-Landschaft;837;1029;1902;3551
2026-06-14;6860;Volksinitiative «Keine 10-Millionen-Schweiz! (Nachhaltigkeitsinitiative)»;municipality;2825;Füllinsdorf;13;Basel-Landschaft;733;780;1546;2737
2026-06-14;6860;Volksinitiative «Keine 10-Millionen-Schweiz! (Nachhaltigkeitsinitiative)»;municipality;2826;Giebenach;13;Basel-Landschaft;237;145;391;693
2026-06-14;6860;Volksinitiative «Keine 10-Millionen-Schweiz! (Nachhaltigkeitsinitiative)»;municipality;2827;Hersberg;13;Basel-Landschaft;107;75;185;288
2026-06-14;6860;Volksinitiative «Keine 10-Millionen-Schweiz! (Nachhaltigkeitsinitiative)»;municipality;2828;Lausen;13;Basel-Landschaft;965;1010;2027;3541
2026-06-14;6860;Volksinitiative «Keine 10-Millionen-Schweiz! (Nachhaltigkeitsinitiative)»;municipality;2829;Liestal;13;Basel-Landschaft;1979;3388;5469;9639
2026-06-14;6860;Volksinitiative «Keine 10-Millionen-Schweiz! (Nachhaltigkeitsinitiative)»;municipality;2830;Lupsingen;13;Basel-Landschaft;303;373;683;1132
2026-06-14;6860;Volksinitiative «Keine 10-Millionen-Schweiz! (Nachhaltigkeitsinitiative)»;municipality;2831;Pratteln;13;Basel-Landschaft;1687;2093;3886;8145
2026-06-14;6860;Volksinitiative «Keine 10-Millionen-Schweiz! (Nachhaltigkeitsinitiative)»;municipality;2832;Ramlinsburg;13;Basel-Landschaft;170;183;358;546
2026-06-14;6860;Volksinitiative «Keine 10-Millionen-Schweiz! (Nachhaltigkeitsinitiative)»;municipality;2833;Seltisberg;13;Basel-Landschaft;272;433;724;1041
2026-06-14;6860;Volksinitiative «Keine 10-Millionen-Schweiz! (Nachhaltigkeitsinitiative)»;municipality;2834;Ziefen;13;Basel-Landschaft;364;488;872;1278
2026-06-14;6860;Volksinitiative «Keine 10-Millionen-Schweiz! (Nachhaltigkeitsinitiative)»;municipality;2841;Anwil;13;Basel-Landschaft;176;98;275;425
2026-06-14;6860;Volksinitiative «Keine 10-Millionen-Schweiz! (Nachhaltigkeitsinitiative)»;municipality;2842;Böckten;13;Basel-Landschaft;195;204;405;611
2026-06-14;6860;Volksinitiative «Keine 10-Millionen-Schweiz! (Nachhaltigkeitsinitiative)»;municipality;2843;Buckten;13;Basel-Landschaft;158;142;307;505
2026-06-14;6860;Volksinitiative «Keine 10-Millionen-Schweiz! (Nachhaltigkeitsinitiative)»;municipality;2844;Buus;13;Basel-Landschaft;279;199;489;817
2026-06-14;6860;Volksinitiative «Keine 10-Millionen-Schweiz! (Nachhaltigkeitsinitiative)»;municipality;2845;Diepflingen;13;Basel-Landschaft;204;124;335;548
2026-06-14;6860;Volksinitiative «Keine 10-Millionen-Schweiz! (Nachhaltigkeitsinitiative)»;municipality;2846;Gelterkinden;13;Basel-Landschaft;1173;1459;2679;4461
2026-06-14;6860;Volksinitiative «Keine 10-Millionen-Schweiz! (Nachhaltigkeitsinitiative)»;municipality;2847;Häfelfingen;13;Basel-Landschaft;88;46;134;206
2026-06-14;6860;Volksinitiative «Keine 10-Millionen-Schweiz! (Nachhaltigkeitsinitiative)»;municipality;2848;Hemmiken;13;Basel-Landschaft;92;34;132;210
2026-06-14;6860;Volksinitiative «Keine 10-Millionen-Schweiz! (Nachhaltigkeitsinitiative)»;municipality;2849;Itingen;13;Basel-Landschaft;460;507;979;1568
2026-06-14;6860;Volksinitiative «Keine 10-Millionen-Schweiz! (Nachhaltigkeitsinitiative)»;municipality;2850;Känerkinden;13;Basel-Landschaft;151;113;264;421
2026-06-14;6860;Volksinitiative «Keine 10-Millionen-Schweiz! (Nachhaltigkeitsinitiative)»;municipality;2851;Kilchberg (BL);13;Basel-Landschaft;47;65;113;139
2026-06-14;6860;Volksinitiative «Keine 10-Millionen-Schweiz! (Nachhaltigkeitsinitiative)»;municipality;2852;Läufelfingen;13;Basel-Landschaft;384;275;663;1040
2026-06-14;6860;Volksinitiative «Keine 10-Millionen-Schweiz! (Nachhaltigkeitsinitiative)»;municipality;2853;Maisprach;13;Basel-Landschaft;233;221;465;689
2026-06-14;6860;Volksinitiative «Keine 10-Millionen-Schweiz! (Nachhaltigkeitsinitiative)»;municipality;2854;Nusshof;13;Basel-Landschaft;67;70;137;223
2026-06-14;6860;Volksinitiative «Keine 10-Millionen-Schweiz! (Nachhaltigkeitsinitiative)»;municipality;2855;Oltingen;13;Basel-Landschaft;128;134;266;391
2026-06-14;6860;Volksinitiative «Keine 10-Millionen-Schweiz! (Nachhaltigkeitsinitiative)»;municipality;2856;Ormalingen;13;Basel-Landschaft;559;426;990;1698
2026-06-14;6860;Volksinitiative «Keine 10-Millionen-Schweiz! (Nachhaltigkeitsinitiative)»;municipality;2857;Rickenbach (BL);13;Basel-Landschaft;164;116;285;452
2026-06-14;6860;Volksinitiative «Keine 10-Millionen-Schweiz! (Nachhaltigkeitsinitiative)»;municipality;2858;Rothenfluh;13;Basel-Landschaft;232;134;373;608
2026-06-14;6860;Volksinitiative «Keine 10-Millionen-Schweiz! (Nachhaltigkeitsinitiative)»;municipality;2859;Rümlingen;13;Basel-Landschaft;105;60;169;297
2026-06-14;6860;Volksinitiative «Keine 10-Millionen-Schweiz! (Nachhaltigkeitsinitiative)»;municipality;2860;Rünenberg;13;Basel-Landschaft;198;196;402;630
2026-06-14;6860;Volksinitiative «Keine 10-Millionen-Schweiz! (Nachhaltigkeitsinitiative)»;municipality;2861;Sissach;13;Basel-Landschaft;1246;1786;3081;4838
2026-06-14;6860;Volksinitiative «Keine 10-Millionen-Schweiz! (Nachhaltigkeitsinitiative)»;municipality;2862;Tecknau;13;Basel-Landschaft;148;113;263;486
2026-06-14;6860;Volksinitiative «Keine 10-Millionen-Schweiz! (Nachhaltigkeitsinitiative)»;municipality;2863;Tenniken;13;Basel-Landschaft;209;181;405;687
2026-06-14;6860;Volksinitiative «Keine 10-Millionen-Schweiz! (Nachhaltigkeitsinitiative)»;municipality;2864;Thürnen;13;Basel-Landschaft;341;231;585;983
2026-06-14;6860;Volksinitiative «Keine 10-Millionen-Schweiz! (Nachhaltigkeitsinitiative)»;municipality;2865;Wenslingen;13;Basel-Landschaft;203;170;377;576
2026-06-14;6860;Volksinitiative «Keine 10-Millionen-Schweiz! (Nachhaltigkeitsinitiative)»;municipality;2866;Wintersingen;13;Basel-Landschaft;178;104;282;450
2026-06-14;6860;Volksinitiative «Keine 10-Millionen-Schweiz! (Nachhaltigkeitsinitiative)»;municipality;2867;Wittinsburg;13;Basel-Landschaft;131;111;246;363
2026-06-14;6860;Volksinitiative «Keine 10-Millionen-Schweiz! (Nachhaltigkeitsinitiative)»;municipality;2868;Zeglingen;13;Basel-Landschaft;137;119;256;379
2026-06-14;6860;Volksinitiative «Keine 10-Millionen-Schweiz! (Nachhaltigkeitsinitiative)»;municipality;2869;Zunzgen;13;Basel-Landschaft;617;492;1128;1829
2026-06-14;6860;Volksinitiative «Keine 10-Millionen-Schweiz! (Nachhaltigkeitsinitiative)»;municipality;2881;Arboldswil;13;Basel-Landschaft;190;107;300;445
2026-06-14;6860;Volksinitiative «Keine 10-Millionen-Schweiz! (Nachhaltigkeitsinitiative)»;municipality;2882;Bennwil;13;Basel-Landschaft;219;92;316;505
2026-06-14;6860;Volksinitiative «Keine 10-Millionen-Schweiz! (Nachhaltigkeitsinitiative)»;municipality;2883;Bretzwil;13;Basel-Landschaft;239;112;353;578
2026-06-14;6860;Volksinitiative «Keine 10-Millionen-Schweiz! (Nachhaltigkeitsinitiative)»;municipality;2884;Diegten;13;Basel-Landschaft;444;291;735;1158
2026-06-14;6860;Volksinitiative «Keine 10-Millionen-Schweiz! (Nachhaltigkeitsinitiative)»;municipality;2885;Eptingen;13;Basel-Landschaft;212;71;289;411
2026-06-14;6860;Volksinitiative «Keine 10-Millionen-Schweiz! (Nachhaltigkeitsinitiative)»;municipality;2886;Hölstein;13;Basel-Landschaft;486;487;1015;1755
2026-06-14;6860;Volksinitiative «Keine 10-Millionen-Schweiz! (Nachhaltigkeitsinitiative)»;municipality;2887;Lampenberg;13;Basel-Landschaft;162;110;277;440
2026-06-14;6860;Volksinitiative «Keine 10-Millionen-Schweiz! (Nachhaltigkeitsinitiative)»;municipality;2888;Langenbruck;13;Basel-Landschaft;236;188;425;721
2026-06-14;6860;Volksinitiative «Keine 10-Millionen-Schweiz! (Nachhaltigkeitsinitiative)»;municipality;2889;Lauwil;13;Basel-Landschaft;131;66;200;280
2026-06-14;6860;Volksinitiative «Keine 10-Millionen-Schweiz! (Nachhaltigkeitsinitiative)»;municipality;2890;Liedertswil;13;Basel-Landschaft;52;21;73;113
2026-06-14;6860;Volksinitiative «Keine 10-Millionen-Schweiz! (Nachhaltigkeitsinitiative)»;municipality;2891;Niederdorf;13;Basel-Landschaft;347;260;620;1139
2026-06-14;6860;Volksinitiative «Keine 10-Millionen-Schweiz! (Nachhaltigkeitsinitiative)»;municipality;2892;Oberdorf (BL);13;Basel-Landschaft;420;418;853;1624
2026-06-14;6860;Volksinitiative «Keine 10-Millionen-Schweiz! (Nachhaltigkeitsinitiative)»;municipality;2893;Reigoldswil;13;Basel-Landschaft;354;322;696;1218
2026-06-14;6860;Volksinitiative «Keine 10-Millionen-Schweiz! (Nachhaltigkeitsinitiative)»;municipality;2894;Titterten;13;Basel-Landschaft;132;110;248;356
2026-06-14;6860;Volksinitiative «Keine 10-Millionen-Schweiz! (Nachhaltigkeitsinitiative)»;municipality;2895;Waldenburg;13;Basel-Landschaft;199;137;337;706
2026-06-14;6860;Volksinitiative «Keine 10-Millionen-Schweiz! (Nachhaltigkeitsinitiative)»;municipality;2901;Gächlingen;14;Schaffhausen;280;160;451;718
2026-06-14;6860;Volksinitiative «Keine 10-Millionen-Schweiz! (Nachhaltigkeitsinitiative)»;municipality;2903;Löhningen;14;Schaffhausen;493;324;850;1118
2026-06-14;6860;Volksinitiative «Keine 10-Millionen-Schweiz! (Nachhaltigkeitsinitiative)»;municipality;2904;Neunkirch;14;Schaffhausen;719;607;1376;1768
2026-06-14;6860;Volksinitiative «Keine 10-Millionen-Schweiz! (Nachhaltigkeitsinitiative)»;municipality;2914;Büttenhardt;14;Schaffhausen;164;113;282;341
2026-06-14;6860;Volksinitiative «Keine 10-Millionen-Schweiz! (Nachhaltigkeitsinitiative)»;municipality;2915;Dörflingen;14;Schaffhausen;303;247;567;733
2026-06-14;6860;Volksinitiative «Keine 10-Millionen-Schweiz! (Nachhaltigkeitsinitiative)»;municipality;2917;Lohn (SH);14;Schaffhausen;253;180;446;545
2026-06-14;6860;Volksinitiative «Keine 10-Millionen-Schweiz! (Nachhaltigkeitsinitiative)»;municipality;2919;Stetten (SH);14;Schaffhausen;361;366;750;978
2026-06-14;6860;Volksinitiative «Keine 10-Millionen-Schweiz! (Nachhaltigkeitsinitiative)»;municipality;2920;Thayngen;14;Schaffhausen;1560;1069;2714;3560
2026-06-14;6860;Volksinitiative «Keine 10-Millionen-Schweiz! (Nachhaltigkeitsinitiative)»;municipality;2931;Bargen (SH);14;Schaffhausen;113;41;156;211
2026-06-14;6860;Volksinitiative «Keine 10-Millionen-Schweiz! (Nachhaltigkeitsinitiative)»;municipality;2932;Beringen;14;Schaffhausen;1339;1083;2510;3340
2026-06-14;6860;Volksinitiative «Keine 10-Millionen-Schweiz! (Nachhaltigkeitsinitiative)»;municipality;2933;Buchberg;14;Schaffhausen;307;253;575;685
2026-06-14;6860;Volksinitiative «Keine 10-Millionen-Schweiz! (Nachhaltigkeitsinitiative)»;municipality;2936;Merishausen;14;Schaffhausen;302;214;533;673
2026-06-14;6860;Volksinitiative «Keine 10-Millionen-Schweiz! (Nachhaltigkeitsinitiative)»;municipality;2937;Neuhausen am Rheinfall;14;Schaffhausen;1841;1921;3906;5743
2026-06-14;6860;Volksinitiative «Keine 10-Millionen-Schweiz! (Nachhaltigkeitsinitiative)»;municipality;2938;Rüdlingen;14;Schaffhausen;287;223;522;621
2026-06-14;6860;Volksinitiative «Keine 10-Millionen-Schweiz! (Nachhaltigkeitsinitiative)»;municipality;2939;Schaffhausen;14;Schaffhausen;6790;10057;17463;23821
2026-06-14;6860;Volksinitiative «Keine 10-Millionen-Schweiz! (Nachhaltigkeitsinitiative)»;municipality;2951;Beggingen;14;Schaffhausen;204;73;283;372
2026-06-14;6860;Volksinitiative «Keine 10-Millionen-Schweiz! (Nachhaltigkeitsinitiative)»;municipality;2952;Schleitheim;14;Schaffhausen;572;314;914;1189
2026-06-14;6860;Volksinitiative «Keine 10-Millionen-Schweiz! (Nachhaltigkeitsinitiative)»;municipality;2953;Siblingen;14;Schaffhausen;285;209;508;659
2026-06-14;6860;Volksinitiative «Keine 10-Millionen-Schweiz! (Nachhaltigkeitsinitiative)»;municipality;2961;Buch (SH);14;Schaffhausen;100;74;176;210
2026-06-14;6860;Volksinitiative «Keine 10-Millionen-Schweiz! (Nachhaltigkeitsinitiative)»;municipality;2962;Hemishofen;14;Schaffhausen;159;129;290;362
2026-06-14;6860;Volksinitiative «Keine 10-Millionen-Schweiz! (Nachhaltigkeitsinitiative)»;municipality;2963;Ramsen;14;Schaffhausen;412;255;687;982
2026-06-14;6860;Volksinitiative «Keine 10-Millionen-Schweiz! (Nachhaltigkeitsinitiative)»;municipality;2964;Stein am Rhein;14;Schaffhausen;913;1017;1974;2573
2026-06-14;6860;Volksinitiative «Keine 10-Millionen-Schweiz! (Nachhaltigkeitsinitiative)»;municipality;2971;Hallau;14;Schaffhausen;742;511;1286;1757
2026-06-14;6860;Volksinitiative «Keine 10-Millionen-Schweiz! (Nachhaltigkeitsinitiative)»;municipality;2972;Oberhallau;14;Schaffhausen;173;86;265;353
2026-06-14;6860;Volksinitiative «Keine 10-Millionen-Schweiz! (Nachhaltigkeitsinitiative)»;municipality;2973;Trasadingen;14;Schaffhausen;202;120;328;424
2026-06-14;6860;Volksinitiative «Keine 10-Millionen-Schweiz! (Nachhaltigkeitsinitiative)»;municipality;2974;Wilchingen;14;Schaffhausen;537;371;929;1275
2026-06-14;6860;Volksinitiative «Keine 10-Millionen-Schweiz! (Nachhaltigkeitsinitiative)»;municipality;3001;Herisau;15;Appenzell Ausserrhoden;3042;2773;5837;10216
2026-06-14;6860;Volksinitiative «Keine 10-Millionen-Schweiz! (Nachhaltigkeitsinitiative)»;municipality;3002;Hundwil;15;Appenzell Ausserrhoden;372;93;471;744
2026-06-14;6860;Volksinitiative «Keine 10-Millionen-Schweiz! (Nachhaltigkeitsinitiative)»;municipality;3003;Schönengrund;15;Appenzell Ausserrhoden;217;69;297;429
2026-06-14;6860;Volksinitiative «Keine 10-Millionen-Schweiz! (Nachhaltigkeitsinitiative)»;municipality;3004;Schwellbrunn;15;Appenzell Ausserrhoden;592;194;786;1170
2026-06-14;6860;Volksinitiative «Keine 10-Millionen-Schweiz! (Nachhaltigkeitsinitiative)»;municipality;3005;Stein (AR);15;Appenzell Ausserrhoden;440;324;778;1123
2026-06-14;6860;Volksinitiative «Keine 10-Millionen-Schweiz! (Nachhaltigkeitsinitiative)»;municipality;3006;Urnäsch;15;Appenzell Ausserrhoden;847;322;1181;1750
2026-06-14;6860;Volksinitiative «Keine 10-Millionen-Schweiz! (Nachhaltigkeitsinitiative)»;municipality;3007;Waldstatt;15;Appenzell Ausserrhoden;529;355;889;1369
2026-06-14;6860;Volksinitiative «Keine 10-Millionen-Schweiz! (Nachhaltigkeitsinitiative)»;municipality;3021;Bühler;15;Appenzell Ausserrhoden;442;319;767;1227
2026-06-14;6860;Volksinitiative «Keine 10-Millionen-Schweiz! (Nachhaltigkeitsinitiative)»;municipality;3022;Gais;15;Appenzell Ausserrhoden;808;759;1585;2322
2026-06-14;6860;Volksinitiative «Keine 10-Millionen-Schweiz! (Nachhaltigkeitsinitiative)»;municipality;3023;Speicher;15;Appenzell Ausserrhoden;844;1284;2155;3168
2026-06-14;6860;Volksinitiative «Keine 10-Millionen-Schweiz! (Nachhaltigkeitsinitiative)»;municipality;3024;Teufen (AR);15;Appenzell Ausserrhoden;1547;1864;3422;5001
2026-06-14;6860;Volksinitiative «Keine 10-Millionen-Schweiz! (Nachhaltigkeitsinitiative)»;municipality;3025;Trogen;15;Appenzell Ausserrhoden;335;613;950;1410
2026-06-14;6860;Volksinitiative «Keine 10-Millionen-Schweiz! (Nachhaltigkeitsinitiative)»;municipality;3031;Grub (AR);15;Appenzell Ausserrhoden;262;187;454;689
2026-06-14;6860;Volksinitiative «Keine 10-Millionen-Schweiz! (Nachhaltigkeitsinitiative)»;municipality;3032;Heiden;15;Appenzell Ausserrhoden;831;851;1773;2840
2026-06-14;6860;Volksinitiative «Keine 10-Millionen-Schweiz! (Nachhaltigkeitsinitiative)»;municipality;3033;Lutzenberg;15;Appenzell Ausserrhoden;336;238;586;900
2026-06-14;6860;Volksinitiative «Keine 10-Millionen-Schweiz! (Nachhaltigkeitsinitiative)»;municipality;3034;Rehetobel;15;Appenzell Ausserrhoden;368;484;869;1274
2026-06-14;6860;Volksinitiative «Keine 10-Millionen-Schweiz! (Nachhaltigkeitsinitiative)»;municipality;3035;Reute (AR);15;Appenzell Ausserrhoden;215;106;327;535
2026-06-14;6860;Volksinitiative «Keine 10-Millionen-Schweiz! (Nachhaltigkeitsinitiative)»;municipality;3036;Wald (AR);15;Appenzell Ausserrhoden;226;175;404;677
2026-06-14;6860;Volksinitiative «Keine 10-Millionen-Schweiz! (Nachhaltigkeitsinitiative)»;municipality;3037;Walzenhausen;15;Appenzell Ausserrhoden;507;312;843;1371
2026-06-14;6860;Volksinitiative «Keine 10-Millionen-Schweiz! (Nachhaltigkeitsinitiative)»;municipality;3038;Wolfhalden;15;Appenzell Ausserrhoden;492;329;822;1355
2026-06-14;6860;Volksinitiative «Keine 10-Millionen-Schweiz! (Nachhaltigkeitsinitiative)»;municipality;3101;Appenzell;16;Appenzell Innerrhoden;1531;999;2611;4085
2026-06-14;6860;Volksinitiative «Keine 10-Millionen-Schweiz! (Nachhaltigkeitsinitiative)»;municipality;3102;Gonten;16;Appenzell Innerrhoden;573;164;745;1068
2026-06-14;6860;Volksinitiative «Keine 10-Millionen-Schweiz! (Nachhaltigkeitsinitiative)»;municipality;3104;Schlatt-Haslen;16;Appenzell Innerrhoden;407;129;541;816
2026-06-14;6860;Volksinitiative «Keine 10-Millionen-Schweiz! (Nachhaltigkeitsinitiative)»;municipality;3111;Oberegg;16;Appenzell Innerrhoden;660;311;977;1445
2026-06-14;6860;Volksinitiative «Keine 10-Millionen-Schweiz! (Nachhaltigkeitsinitiative)»;municipality;3112;Schwende-Rüte;16;Appenzell Innerrhoden;2061;1024;3101;4504
2026-06-14;6860;Volksinitiative «Keine 10-Millionen-Schweiz! (Nachhaltigkeitsinitiative)»;municipality;3201;Häggenschwil;17;St. Gallen;410;260;672;960
2026-06-14;6860;Volksinitiative «Keine 10-Millionen-Schweiz! (Nachhaltigkeitsinitiative)»;municipality;3202;Muolen;17;St. Gallen;385;229;615;901
2026-06-14;6860;Volksinitiative «Keine 10-Millionen-Schweiz! (Nachhaltigkeitsinitiative)»;municipality;3203;St. Gallen;17;St. Gallen;7995;16997;25170;43938
2026-06-14;6860;Volksinitiative «Keine 10-Millionen-Schweiz! (Nachhaltigkeitsinitiative)»;municipality;3204;Wittenbach;17;St. Gallen;1648;1599;3260;5860
2026-06-14;6860;Volksinitiative «Keine 10-Millionen-Schweiz! (Nachhaltigkeitsinitiative)»;municipality;3211;Berg (SG);17;St. Gallen;250;225;479;694
2026-06-14;6860;Volksinitiative «Keine 10-Millionen-Schweiz! (Nachhaltigkeitsinitiative)»;municipality;3212;Eggersriet;17;St. Gallen;569;554;1125;1702
2026-06-14;6860;Volksinitiative «Keine 10-Millionen-Schweiz! (Nachhaltigkeitsinitiative)»;municipality;3213;Goldach;17;St. Gallen;1657;1586;3254;5854
2026-06-14;6860;Volksinitiative «Keine 10-Millionen-Schweiz! (Nachhaltigkeitsinitiative)»;municipality;3214;Mörschwil;17;St. Gallen;875;996;1876;2714
2026-06-14;6860;Volksinitiative «Keine 10-Millionen-Schweiz! (Nachhaltigkeitsinitiative)»;municipality;3215;Rorschach;17;St. Gallen;864;1074;1948;4167
2026-06-14;6860;Volksinitiative «Keine 10-Millionen-Schweiz! (Nachhaltigkeitsinitiative)»;municipality;3216;Rorschacherberg;17;St. Gallen;1387;1129;2522;4420
2026-06-14;6860;Volksinitiative «Keine 10-Millionen-Schweiz! (Nachhaltigkeitsinitiative)»;municipality;3217;Steinach;17;St. Gallen;683;572;1263;2192
2026-06-14;6860;Volksinitiative «Keine 10-Millionen-Schweiz! (Nachhaltigkeitsinitiative)»;municipality;3218;Tübach;17;St. Gallen;358;299;659;1071
2026-06-14;6860;Volksinitiative «Keine 10-Millionen-Schweiz! (Nachhaltigkeitsinitiative)»;municipality;3219;Untereggen;17;St. Gallen;264;236;502;731
2026-06-14;6860;Volksinitiative «Keine 10-Millionen-Schweiz! (Nachhaltigkeitsinitiative)»;municipality;3231;Au (SG);17;St. Gallen;1370;1011;2390;4368
2026-06-14;6860;Volksinitiative «Keine 10-Millionen-Schweiz! (Nachhaltigkeitsinitiative)»;municipality;3232;Balgach;17;St. Gallen;1041;844;1890;3174
2026-06-14;6860;Volksinitiative «Keine 10-Millionen-Schweiz! (Nachhaltigkeitsinitiative)»;municipality;3233;Berneck;17;St. Gallen;837;717;1558;2559
2026-06-14;6860;Volksinitiative «Keine 10-Millionen-Schweiz! (Nachhaltigkeitsinitiative)»;municipality;3234;Diepoldsau;17;St. Gallen;1547;1039;2590;4089
2026-06-14;6860;Volksinitiative «Keine 10-Millionen-Schweiz! (Nachhaltigkeitsinitiative)»;municipality;3235;Rheineck;17;St. Gallen;550;413;968;1874
2026-06-14;6860;Volksinitiative «Keine 10-Millionen-Schweiz! (Nachhaltigkeitsinitiative)»;municipality;3236;St. Margrethen;17;St. Gallen;801;497;1299;2577
2026-06-14;6860;Volksinitiative «Keine 10-Millionen-Schweiz! (Nachhaltigkeitsinitiative)»;municipality;3237;Thal;17;St. Gallen;1576;1093;2676;4461
2026-06-14;6860;Volksinitiative «Keine 10-Millionen-Schweiz! (Nachhaltigkeitsinitiative)»;municipality;3238;Widnau;17;St. Gallen;2076;1522;3609;6011
2026-06-14;6860;Volksinitiative «Keine 10-Millionen-Schweiz! (Nachhaltigkeitsinitiative)»;municipality;3251;Altstätten;17;St. Gallen;2648;1740;4402;7298
2026-06-14;6860;Volksinitiative «Keine 10-Millionen-Schweiz! (Nachhaltigkeitsinitiative)»;municipality;3252;Eichberg;17;St. Gallen;521;172;694;1047
2026-06-14;6860;Volksinitiative «Keine 10-Millionen-Schweiz! (Nachhaltigkeitsinitiative)»;municipality;3253;Marbach (SG);17;St. Gallen;460;360;824;1362
2026-06-14;6860;Volksinitiative «Keine 10-Millionen-Schweiz! (Nachhaltigkeitsinitiative)»;municipality;3254;Oberriet (SG);17;St. Gallen;2960;1065;4037;6110
2026-06-14;6860;Volksinitiative «Keine 10-Millionen-Schweiz! (Nachhaltigkeitsinitiative)»;municipality;3255;Rebstein;17;St. Gallen;896;602;1505;2727
2026-06-14;6860;Volksinitiative «Keine 10-Millionen-Schweiz! (Nachhaltigkeitsinitiative)»;municipality;3256;Rüthi (SG);17;St. Gallen;680;297;979;1495
2026-06-14;6860;Volksinitiative «Keine 10-Millionen-Schweiz! (Nachhaltigkeitsinitiative)»;municipality;3271;Buchs (SG);17;St. Gallen;1921;1801;3738;6351
2026-06-14;6860;Volksinitiative «Keine 10-Millionen-Schweiz! (Nachhaltigkeitsinitiative)»;municipality;3272;Gams;17;St. Gallen;863;562;1427;2203
2026-06-14;6860;Volksinitiative «Keine 10-Millionen-Schweiz! (Nachhaltigkeitsinitiative)»;municipality;3273;Grabs;17;St. Gallen;1659;1346;3021;4670
2026-06-14;6860;Volksinitiative «Keine 10-Millionen-Schweiz! (Nachhaltigkeitsinitiative)»;municipality;3274;Sennwald;17;St. Gallen;1355;719;2075;3370
2026-06-14;6860;Volksinitiative «Keine 10-Millionen-Schweiz! (Nachhaltigkeitsinitiative)»;municipality;3275;Sevelen;17;St. Gallen;934;650;1589;2609
2026-06-14;6860;Volksinitiative «Keine 10-Millionen-Schweiz! (Nachhaltigkeitsinitiative)»;municipality;3276;Wartau;17;St. Gallen;1121;749;1872;3030
2026-06-14;6860;Volksinitiative «Keine 10-Millionen-Schweiz! (Nachhaltigkeitsinitiative)»;municipality;3291;Bad Ragaz;17;St. Gallen;1314;1103;2429;3953
2026-06-14;6860;Volksinitiative «Keine 10-Millionen-Schweiz! (Nachhaltigkeitsinitiative)»;municipality;3292;Flums;17;St. Gallen;1473;571;2047;3354
2026-06-14;6860;Volksinitiative «Keine 10-Millionen-Schweiz! (Nachhaltigkeitsinitiative)»;municipality;3293;Mels;17;St. Gallen;2526;1312;3854;6170
2026-06-14;6860;Volksinitiative «Keine 10-Millionen-Schweiz! (Nachhaltigkeitsinitiative)»;municipality;3294;Pfäfers;17;St. Gallen;469;234;705;1139
2026-06-14;6860;Volksinitiative «Keine 10-Millionen-Schweiz! (Nachhaltigkeitsinitiative)»;municipality;3295;Quarten;17;St. Gallen;892;426;1323;2070
2026-06-14;6860;Volksinitiative «Keine 10-Millionen-Schweiz! (Nachhaltigkeitsinitiative)»;municipality;3296;Sargans;17;St. Gallen;1185;1075;2269;3752
2026-06-14;6860;Volksinitiative «Keine 10-Millionen-Schweiz! (Nachhaltigkeitsinitiative)»;municipality;3297;Vilters-Wangs;17;St. Gallen;1388;854;2256;3447
2026-06-14;6860;Volksinitiative «Keine 10-Millionen-Schweiz! (Nachhaltigkeitsinitiative)»;municipality;3298;Walenstadt;17;St. Gallen;1343;1084;2437;3966
2026-06-14;6860;Volksinitiative «Keine 10-Millionen-Schweiz! (Nachhaltigkeitsinitiative)»;municipality;3311;Amden;17;St. Gallen;629;332;965;1409
2026-06-14;6860;Volksinitiative «Keine 10-Millionen-Schweiz! (Nachhaltigkeitsinitiative)»;municipality;3312;Benken (SG);17;St. Gallen;954;409;1363;2108
2026-06-14;6860;Volksinitiative «Keine 10-Millionen-Schweiz! (Nachhaltigkeitsinitiative)»;municipality;3313;Kaltbrunn;17;St. Gallen;1358;641;2011;3292
2026-06-14;6860;Volksinitiative «Keine 10-Millionen-Schweiz! (Nachhaltigkeitsinitiative)»;municipality;3315;Schänis;17;St. Gallen;1233;522;1765;2742
2026-06-14;6860;Volksinitiative «Keine 10-Millionen-Schweiz! (Nachhaltigkeitsinitiative)»;municipality;3316;Weesen;17;St. Gallen;475;358;834;1319
2026-06-14;6860;Volksinitiative «Keine 10-Millionen-Schweiz! (Nachhaltigkeitsinitiative)»;municipality;3338;Schmerikon;17;St. Gallen;831;697;1539;2442
2026-06-14;6860;Volksinitiative «Keine 10-Millionen-Schweiz! (Nachhaltigkeitsinitiative)»;municipality;3339;Uznach;17;St. Gallen;1245;1085;2345;3938
2026-06-14;6860;Volksinitiative «Keine 10-Millionen-Schweiz! (Nachhaltigkeitsinitiative)»;municipality;3340;Rapperswil-Jona;17;St. Gallen;5000;6442;11522;19062
2026-06-14;6860;Volksinitiative «Keine 10-Millionen-Schweiz! (Nachhaltigkeitsinitiative)»;municipality;3341;Gommiswald;17;St. Gallen;1726;923;2657;3992
2026-06-14;6860;Volksinitiative «Keine 10-Millionen-Schweiz! (Nachhaltigkeitsinitiative)»;municipality;3342;Eschenbach (SG);17;St. Gallen;3011;1468;4495;6858
2026-06-14;6860;Volksinitiative «Keine 10-Millionen-Schweiz! (Nachhaltigkeitsinitiative)»;municipality;3352;Ebnat-Kappel;17;St. Gallen;1357;901;2264;3587
2026-06-14;6860;Volksinitiative «Keine 10-Millionen-Schweiz! (Nachhaltigkeitsinitiative)»;municipality;3359;Wildhaus-Alt St. Johann;17;St. Gallen;877;383;1268;1771
2026-06-14;6860;Volksinitiative «Keine 10-Millionen-Schweiz! (Nachhaltigkeitsinitiative)»;municipality;3360;Nesslau;17;St. Gallen;1317;569;1891;2879
2026-06-14;6860;Volksinitiative «Keine 10-Millionen-Schweiz! (Nachhaltigkeitsinitiative)»;municipality;3374;Lichtensteig;17;St. Gallen;400;409;809;1386
2026-06-14;6860;Volksinitiative «Keine 10-Millionen-Schweiz! (Nachhaltigkeitsinitiative)»;municipality;3379;Wattwil;17;St. Gallen;1870;1398;3293;5532
2026-06-14;6860;Volksinitiative «Keine 10-Millionen-Schweiz! (Nachhaltigkeitsinitiative)»;municipality;3392;Kirchberg (SG);17;St. Gallen;2084;1241;3335;5355
2026-06-14;6860;Volksinitiative «Keine 10-Millionen-Schweiz! (Nachhaltigkeitsinitiative)»;municipality;3393;Lütisburg;17;St. Gallen;471;243;718;1021
2026-06-14;6860;Volksinitiative «Keine 10-Millionen-Schweiz! (Nachhaltigkeitsinitiative)»;municipality;3394;Mosnang;17;St. Gallen;1099;392;1494;2142
2026-06-14;6860;Volksinitiative «Keine 10-Millionen-Schweiz! (Nachhaltigkeitsinitiative)»;municipality;3395;Bütschwil-Ganterschwil;17;St. Gallen;1449;744;2203;3546
2026-06-14;6860;Volksinitiative «Keine 10-Millionen-Schweiz! (Nachhaltigkeitsinitiative)»;municipality;3396;Neckertal;17;St. Gallen;1991;889;2884;4519
2026-06-14;6860;Volksinitiative «Keine 10-Millionen-Schweiz! (Nachhaltigkeitsinitiative)»;municipality;3401;Degersheim;17;St. Gallen;761;752;1518;2675
2026-06-14;6860;Volksinitiative «Keine 10-Millionen-Schweiz! (Nachhaltigkeitsinitiative)»;municipality;3402;Flawil;17;St. Gallen;1723;1748;3487;6003
2026-06-14;6860;Volksinitiative «Keine 10-Millionen-Schweiz! (Nachhaltigkeitsinitiative)»;municipality;3405;Jonschwil;17;St. Gallen;1025;711;1742;2672
2026-06-14;6860;Volksinitiative «Keine 10-Millionen-Schweiz! (Nachhaltigkeitsinitiative)»;municipality;3407;Oberuzwil;17;St. Gallen;1325;1155;2493;4204
2026-06-14;6860;Volksinitiative «Keine 10-Millionen-Schweiz! (Nachhaltigkeitsinitiative)»;municipality;3408;Uzwil;17;St. Gallen;2496;1987;4505;8108
2026-06-14;6860;Volksinitiative «Keine 10-Millionen-Schweiz! (Nachhaltigkeitsinitiative)»;municipality;3422;Niederbüren;17;St. Gallen;521;217;741;1087
2026-06-14;6860;Volksinitiative «Keine 10-Millionen-Schweiz! (Nachhaltigkeitsinitiative)»;municipality;3423;Niederhelfenschwil;17;St. Gallen;969;578;1554;2324
2026-06-14;6860;Volksinitiative «Keine 10-Millionen-Schweiz! (Nachhaltigkeitsinitiative)»;municipality;3424;Oberbüren;17;St. Gallen;1276;671;1951;3229
2026-06-14;6860;Volksinitiative «Keine 10-Millionen-Schweiz! (Nachhaltigkeitsinitiative)»;municipality;3426;Zuzwil (SG);17;St. Gallen;1283;1043;2334;3505
2026-06-14;6860;Volksinitiative «Keine 10-Millionen-Schweiz! (Nachhaltigkeitsinitiative)»;municipality;3427;Wil (SG);17;St. Gallen;3891;4686;8630;14344
2026-06-14;6860;Volksinitiative «Keine 10-Millionen-Schweiz! (Nachhaltigkeitsinitiative)»;municipality;3441;Andwil (SG);17;St. Gallen;544;450;1001;1530
2026-06-14;6860;Volksinitiative «Keine 10-Millionen-Schweiz! (Nachhaltigkeitsinitiative)»;municipality;3442;Gaiserwald;17;St. Gallen;1751;2066;3832;5959
2026-06-14;6860;Volksinitiative «Keine 10-Millionen-Schweiz! (Nachhaltigkeitsinitiative)»;municipality;3443;Gossau (SG);17;St. Gallen;3644;3251;6923;11866
2026-06-14;6860;Volksinitiative «Keine 10-Millionen-Schweiz! (Nachhaltigkeitsinitiative)»;municipality;3444;Waldkirch;17;St. Gallen;1035;568;1605;2496
2026-06-14;6860;Volksinitiative «Keine 10-Millionen-Schweiz! (Nachhaltigkeitsinitiative)»;municipality;3506;Vaz/Obervaz;18;Graubünden;542;665;1230;1856
2026-06-14;6860;Volksinitiative «Keine 10-Millionen-Schweiz! (Nachhaltigkeitsinitiative)»;municipality;3513;Lantsch/Lenz;18;Graubünden;99;142;247;396
2026-06-14;6860;Volksinitiative «Keine 10-Millionen-Schweiz! (Nachhaltigkeitsinitiative)»;municipality;3514;Schmitten (GR);18;Graubünden;54;33;87;160
2026-06-14;6860;Volksinitiative «Keine 10-Millionen-Schweiz! (Nachhaltigkeitsinitiative)»;municipality;3542;Albula/Alvra;18;Graubünden;309;272;593;969
2026-06-14;6860;Volksinitiative «Keine 10-Millionen-Schweiz! (Nachhaltigkeitsinitiative)»;municipality;3543;Surses;18;Graubünden;454;598;1062;1816
2026-06-14;6860;Volksinitiative «Keine 10-Millionen-Schweiz! (Nachhaltigkeitsinitiative)»;municipality;3544;Bergün Filisur;18;Graubünden;181;265;452;663
2026-06-14;6860;Volksinitiative «Keine 10-Millionen-Schweiz! (Nachhaltigkeitsinitiative)»;municipality;3551;Brusio;18;Graubünden;254;211;475;887
2026-06-14;6860;Volksinitiative «Keine 10-Millionen-Schweiz! (Nachhaltigkeitsinitiative)»;municipality;3561;Poschiavo;18;Graubünden;733;843;1608;2857
2026-06-14;6860;Volksinitiative «Keine 10-Millionen-Schweiz! (Nachhaltigkeitsinitiative)»;municipality;3572;Falera;18;Graubünden;150;182;337;501
2026-06-14;6860;Volksinitiative «Keine 10-Millionen-Schweiz! (Nachhaltigkeitsinitiative)»;municipality;3575;Laax;18;Graubünden;412;490;927;1457
2026-06-14;6860;Volksinitiative «Keine 10-Millionen-Schweiz! (Nachhaltigkeitsinitiative)»;municipality;3581;Sagogn;18;Graubünden;136;215;351;591
2026-06-14;6860;Volksinitiative «Keine 10-Millionen-Schweiz! (Nachhaltigkeitsinitiative)»;municipality;3582;Schluein;18;Graubünden;118;90;208;408
2026-06-14;6860;Volksinitiative «Keine 10-Millionen-Schweiz! (Nachhaltigkeitsinitiative)»;municipality;3603;Vals;18;Graubünden;150;286;439;685
2026-06-14;6860;Volksinitiative «Keine 10-Millionen-Schweiz! (Nachhaltigkeitsinitiative)»;municipality;3618;Lumnezia;18;Graubünden;543;513;1061;1717
2026-06-14;6860;Volksinitiative «Keine 10-Millionen-Schweiz! (Nachhaltigkeitsinitiative)»;municipality;3619;Ilanz/Glion;18;Graubünden;996;1043;2056;3561
2026-06-14;6860;Volksinitiative «Keine 10-Millionen-Schweiz! (Nachhaltigkeitsinitiative)»;municipality;3633;Fürstenau;18;Graubünden;99;77;178;268
2026-06-14;6860;Volksinitiative «Keine 10-Millionen-Schweiz! (Nachhaltigkeitsinitiative)»;municipality;3637;Rothenbrunnen;18;Graubünden;89;58;149;248
2026-06-14;6860;Volksinitiative «Keine 10-Millionen-Schweiz! (Nachhaltigkeitsinitiative)»;municipality;3638;Scharans;18;Graubünden;186;225;415;668
2026-06-14;6860;Volksinitiative «Keine 10-Millionen-Schweiz! (Nachhaltigkeitsinitiative)»;municipality;3640;Sils im Domleschg;18;Graubünden;212;182;397;672
2026-06-14;6860;Volksinitiative «Keine 10-Millionen-Schweiz! (Nachhaltigkeitsinitiative)»;municipality;3661;Cazis;18;Graubünden;501;441;951;1804
2026-06-14;6860;Volksinitiative «Keine 10-Millionen-Schweiz! (Nachhaltigkeitsinitiative)»;municipality;3662;Flerden;18;Graubünden;75;65;142;205
2026-06-14;6860;Volksinitiative «Keine 10-Millionen-Schweiz! (Nachhaltigkeitsinitiative)»;municipality;3663;Masein;18;Graubünden;101;165;267;419
2026-06-14;6860;Volksinitiative «Keine 10-Millionen-Schweiz! (Nachhaltigkeitsinitiative)»;municipality;3668;Thusis;18;Graubünden;489;444;943;1992
2026-06-14;6860;Volksinitiative «Keine 10-Millionen-Schweiz! (Nachhaltigkeitsinitiative)»;municipality;3669;Tschappina;18;Graubünden;35;40;75;120
2026-06-14;6860;Volksinitiative «Keine 10-Millionen-Schweiz! (Nachhaltigkeitsinitiative)»;municipality;3670;Urmein;18;Graubünden;57;48;108;131
2026-06-14;6860;Volksinitiative «Keine 10-Millionen-Schweiz! (Nachhaltigkeitsinitiative)»;municipality;3672;Safiental;18;Graubünden;248;274;532;812
2026-06-14;6860;Volksinitiative «Keine 10-Millionen-Schweiz! (Nachhaltigkeitsinitiative)»;municipality;3673;Domleschg;18;Graubünden;525;585;1131;1702
2026-06-14;6860;Volksinitiative «Keine 10-Millionen-Schweiz! (Nachhaltigkeitsinitiative)»;municipality;3681;Avers;18;Graubünden;47;49;96;128
2026-06-14;6860;Volksinitiative «Keine 10-Millionen-Schweiz! (Nachhaltigkeitsinitiative)»;municipality;3695;Sufers;18;Graubünden;31;43;79;105
2026-06-14;6860;Volksinitiative «Keine 10-Millionen-Schweiz! (Nachhaltigkeitsinitiative)»;municipality;3701;Andeer;18;Graubünden;165;223;395;657
2026-06-14;6860;Volksinitiative «Keine 10-Millionen-Schweiz! (Nachhaltigkeitsinitiative)»;municipality;3711;Rongellen;18;Graubünden;18;9;27;41
2026-06-14;6860;Volksinitiative «Keine 10-Millionen-Schweiz! (Nachhaltigkeitsinitiative)»;municipality;3712;Zillis-Reischen;18;Graubünden;116;81;201;299
2026-06-14;6860;Volksinitiative «Keine 10-Millionen-Schweiz! (Nachhaltigkeitsinitiative)»;municipality;3713;Ferrera;18;Graubünden;22;13;37;53
2026-06-14;6860;Volksinitiative «Keine 10-Millionen-Schweiz! (Nachhaltigkeitsinitiative)»;municipality;3714;Rheinwald;18;Graubünden;167;161;331;474
2026-06-14;6860;Volksinitiative «Keine 10-Millionen-Schweiz! (Nachhaltigkeitsinitiative)»;municipality;3715;Muntogna da Schons;18;Graubünden;117;100;218;302
2026-06-14;6860;Volksinitiative «Keine 10-Millionen-Schweiz! (Nachhaltigkeitsinitiative)»;municipality;3721;Bonaduz;18;Graubünden;706;760;1503;2519
2026-06-14;6860;Volksinitiative «Keine 10-Millionen-Schweiz! (Nachhaltigkeitsinitiative)»;municipality;3722;Domat/Ems;18;Graubünden;1312;1401;2739;5268
2026-06-14;6860;Volksinitiative «Keine 10-Millionen-Schweiz! (Nachhaltigkeitsinitiative)»;municipality;3723;Rhäzüns;18;Graubünden;274;327;610;1062
2026-06-14;6860;Volksinitiative «Keine 10-Millionen-Schweiz! (Nachhaltigkeitsinitiative)»;municipality;3731;Felsberg;18;Graubünden;559;601;1171;1953
2026-06-14;6860;Volksinitiative «Keine 10-Millionen-Schweiz! (Nachhaltigkeitsinitiative)»;municipality;3732;Flims;18;Graubünden;505;755;1271;2003
2026-06-14;6860;Volksinitiative «Keine 10-Millionen-Schweiz! (Nachhaltigkeitsinitiative)»;municipality;3733;Tamins;18;Graubünden;256;250;522;895
2026-06-14;6860;Volksinitiative «Keine 10-Millionen-Schweiz! (Nachhaltigkeitsinitiative)»;municipality;3734;Trin;18;Graubünden;284;483;776;1131
2026-06-14;6860;Volksinitiative «Keine 10-Millionen-Schweiz! (Nachhaltigkeitsinitiative)»;municipality;3746;Zernez;18;Graubünden;382;354;751;1108
2026-06-14;6860;Volksinitiative «Keine 10-Millionen-Schweiz! (Nachhaltigkeitsinitiative)»;municipality;3752;Samnaun;18;Graubünden;175;98;273;483
2026-06-14;6860;Volksinitiative «Keine 10-Millionen-Schweiz! (Nachhaltigkeitsinitiative)»;municipality;3762;Scuol;18;Graubünden;760;1128;1930;3200
2026-06-14;6860;Volksinitiative «Keine 10-Millionen-Schweiz! (Nachhaltigkeitsinitiative)»;municipality;3764;Valsot;18;Graubünden;218;195;415;702
2026-06-14;6860;Volksinitiative «Keine 10-Millionen-Schweiz! (Nachhaltigkeitsinitiative)»;municipality;3781;Bever;18;Graubünden;122;187;312;459
2026-06-14;6860;Volksinitiative «Keine 10-Millionen-Schweiz! (Nachhaltigkeitsinitiative)»;municipality;3782;Celerina/Schlarigna;18;Graubünden;217;319;548;930
2026-06-14;6860;Volksinitiative «Keine 10-Millionen-Schweiz! (Nachhaltigkeitsinitiative)»;municipality;3783;Madulain;18;Graubünden;56;41;97;153
2026-06-14;6860;Volksinitiative «Keine 10-Millionen-Schweiz! (Nachhaltigkeitsinitiative)»;municipality;3784;Pontresina;18;Graubünden;331;430;768;1252
2026-06-14;6860;Volksinitiative «Keine 10-Millionen-Schweiz! (Nachhaltigkeitsinitiative)»;municipality;3785;La Punt Chamues-ch;18;Graubünden;150;126;285;533
2026-06-14;6860;Volksinitiative «Keine 10-Millionen-Schweiz! (Nachhaltigkeitsinitiative)»;municipality;3786;Samedan;18;Graubünden;477;671;1170;1954
2026-06-14;6860;Volksinitiative «Keine 10-Millionen-Schweiz! (Nachhaltigkeitsinitiative)»;municipality;3787;St. Moritz;18;Graubünden;694;918;1646;2568
2026-06-14;6860;Volksinitiative «Keine 10-Millionen-Schweiz! (Nachhaltigkeitsinitiative)»;municipality;3788;S-chanf;18;Graubünden;158;137;303;515
2026-06-14;6860;Volksinitiative «Keine 10-Millionen-Schweiz! (Nachhaltigkeitsinitiative)»;municipality;3789;Sils im Engadin/Segl;18;Graubünden;115;147;263;431
2026-06-14;6860;Volksinitiative «Keine 10-Millionen-Schweiz! (Nachhaltigkeitsinitiative)»;municipality;3790;Silvaplana;18;Graubünden;194;186;385;677
2026-06-14;6860;Volksinitiative «Keine 10-Millionen-Schweiz! (Nachhaltigkeitsinitiative)»;municipality;3791;Zuoz;18;Graubünden;200;251;456;738
2026-06-14;6860;Volksinitiative «Keine 10-Millionen-Schweiz! (Nachhaltigkeitsinitiative)»;municipality;3792;Bregaglia;18;Graubünden;283;432;736;1268
2026-06-14;6860;Volksinitiative «Keine 10-Millionen-Schweiz! (Nachhaltigkeitsinitiative)»;municipality;3804;Buseno;18;Graubünden;41;33;75;92
2026-06-14;6860;Volksinitiative «Keine 10-Millionen-Schweiz! (Nachhaltigkeitsinitiative)»;municipality;3805;Castaneda;18;Graubünden;69;79;151;240
2026-06-14;6860;Volksinitiative «Keine 10-Millionen-Schweiz! (Nachhaltigkeitsinitiative)»;municipality;3808;Rossa;18;Graubünden;74;51;130;204
2026-06-14;6860;Volksinitiative «Keine 10-Millionen-Schweiz! (Nachhaltigkeitsinitiative)»;municipality;3810;Santa Maria in Calanca;18;Graubünden;47;25;72;103
2026-06-14;6860;Volksinitiative «Keine 10-Millionen-Schweiz! (Nachhaltigkeitsinitiative)»;municipality;3821;Lostallo;18;Graubünden;199;130;332;612
2026-06-14;6860;Volksinitiative «Keine 10-Millionen-Schweiz! (Nachhaltigkeitsinitiative)»;municipality;3822;Mesocco;18;Graubünden;389;229;639;1048
2026-06-14;6860;Volksinitiative «Keine 10-Millionen-Schweiz! (Nachhaltigkeitsinitiative)»;municipality;3823;Soazza;18;Graubünden;87;62;152;249
2026-06-14;6860;Volksinitiative «Keine 10-Millionen-Schweiz! (Nachhaltigkeitsinitiative)»;municipality;3831;Cama;18;Graubünden;140;68;212;446
2026-06-14;6860;Volksinitiative «Keine 10-Millionen-Schweiz! (Nachhaltigkeitsinitiative)»;municipality;3832;Grono;18;Graubünden;305;225;541;972
2026-06-14;6860;Volksinitiative «Keine 10-Millionen-Schweiz! (Nachhaltigkeitsinitiative)»;municipality;3834;Roveredo (GR);18;Graubünden;573;350;944;1675
2026-06-14;6860;Volksinitiative «Keine 10-Millionen-Schweiz! (Nachhaltigkeitsinitiative)»;municipality;3835;San Vittore;18;Graubünden;233;138;374;620
2026-06-14;6860;Volksinitiative «Keine 10-Millionen-Schweiz! (Nachhaltigkeitsinitiative)»;municipality;3837;Calanca;18;Graubünden;50;55;106;218
2026-06-14;6860;Volksinitiative «Keine 10-Millionen-Schweiz! (Nachhaltigkeitsinitiative)»;municipality;3847;Val Müstair;18;Graubünden;331;386;723;1225
2026-06-14;6860;Volksinitiative «Keine 10-Millionen-Schweiz! (Nachhaltigkeitsinitiative)»;municipality;3851;Davos;18;Graubünden;1901;2233;4194;6658
2026-06-14;6860;Volksinitiative «Keine 10-Millionen-Schweiz! (Nachhaltigkeitsinitiative)»;municipality;3861;Fideris;18;Graubünden;189;114;306;479
2026-06-14;6860;Volksinitiative «Keine 10-Millionen-Schweiz! (Nachhaltigkeitsinitiative)»;municipality;3862;Furna;18;Graubünden;81;23;106;156
2026-06-14;6860;Volksinitiative «Keine 10-Millionen-Schweiz! (Nachhaltigkeitsinitiative)»;municipality;3863;Jenaz;18;Graubünden;329;190;529;897
2026-06-14;6860;Volksinitiative «Keine 10-Millionen-Schweiz! (Nachhaltigkeitsinitiative)»;municipality;3871;Klosters;18;Graubünden;1165;905;2119;3273
2026-06-14;6860;Volksinitiative «Keine 10-Millionen-Schweiz! (Nachhaltigkeitsinitiative)»;municipality;3881;Conters im Prättigau;18;Graubünden;78;37;115;191
2026-06-14;6860;Volksinitiative «Keine 10-Millionen-Schweiz! (Nachhaltigkeitsinitiative)»;municipality;3882;Küblis;18;Graubünden;232;112;346;604
2026-06-14;6860;Volksinitiative «Keine 10-Millionen-Schweiz! (Nachhaltigkeitsinitiative)»;municipality;3891;Luzein;18;Graubünden;606;273;884;1328
2026-06-14;6860;Volksinitiative «Keine 10-Millionen-Schweiz! (Nachhaltigkeitsinitiative)»;municipality;3901;Chur;18;Graubünden;6128;8870;15146;26459
2026-06-14;6860;Volksinitiative «Keine 10-Millionen-Schweiz! (Nachhaltigkeitsinitiative)»;municipality;3911;Churwalden;18;Graubünden;364;421;801;1348
2026-06-14;6860;Volksinitiative «Keine 10-Millionen-Schweiz! (Nachhaltigkeitsinitiative)»;municipality;3921;Arosa;18;Graubünden;695;589;1293;2123
2026-06-14;6860;Volksinitiative «Keine 10-Millionen-Schweiz! (Nachhaltigkeitsinitiative)»;municipality;3945;Trimmis;18;Graubünden;889;600;1511;2490
2026-06-14;6860;Volksinitiative «Keine 10-Millionen-Schweiz! (Nachhaltigkeitsinitiative)»;municipality;3946;Untervaz;18;Graubünden;614;472;1098;1971
2026-06-14;6860;Volksinitiative «Keine 10-Millionen-Schweiz! (Nachhaltigkeitsinitiative)»;municipality;3947;Zizers;18;Graubünden;751;740;1504;2684
2026-06-14;6860;Volksinitiative «Keine 10-Millionen-Schweiz! (Nachhaltigkeitsinitiative)»;municipality;3951;Fläsch;18;Graubünden;236;180;429;664
2026-06-14;6860;Volksinitiative «Keine 10-Millionen-Schweiz! (Nachhaltigkeitsinitiative)»;municipality;3952;Jenins;18;Graubünden;274;214;497;738
2026-06-14;6860;Volksinitiative «Keine 10-Millionen-Schweiz! (Nachhaltigkeitsinitiative)»;municipality;3953;Maienfeld;18;Graubünden;826;789;1636;2562
2026-06-14;6860;Volksinitiative «Keine 10-Millionen-Schweiz! (Nachhaltigkeitsinitiative)»;municipality;3954;Malans;18;Graubünden;562;746;1330;1922
2026-06-14;6860;Volksinitiative «Keine 10-Millionen-Schweiz! (Nachhaltigkeitsinitiative)»;municipality;3955;Landquart;18;Graubünden;1748;1390;3176;5891
2026-06-14;6860;Volksinitiative «Keine 10-Millionen-Schweiz! (Nachhaltigkeitsinitiative)»;municipality;3961;Grüsch;18;Graubünden;668;370;1046;1706
2026-06-14;6860;Volksinitiative «Keine 10-Millionen-Schweiz! (Nachhaltigkeitsinitiative)»;municipality;3962;Schiers;18;Graubünden;714;400;1127;1984
2026-06-14;6860;Volksinitiative «Keine 10-Millionen-Schweiz! (Nachhaltigkeitsinitiative)»;municipality;3972;Seewis im Prättigau;18;Graubünden;405;266;678;1091
2026-06-14;6860;Volksinitiative «Keine 10-Millionen-Schweiz! (Nachhaltigkeitsinitiative)»;municipality;3981;Breil/Brigels;18;Graubünden;424;381;821;1397
2026-06-14;6860;Volksinitiative «Keine 10-Millionen-Schweiz! (Nachhaltigkeitsinitiative)»;municipality;3982;Disentis/Mustér;18;Graubünden;425;509;945;1570
2026-06-14;6860;Volksinitiative «Keine 10-Millionen-Schweiz! (Nachhaltigkeitsinitiative)»;municipality;3983;Medel (Lucmagn);18;Graubünden;66;95;165;299
2026-06-14;6860;Volksinitiative «Keine 10-Millionen-Schweiz! (Nachhaltigkeitsinitiative)»;municipality;3985;Sumvitg;18;Graubünden;236;315;559;911
2026-06-14;6860;Volksinitiative «Keine 10-Millionen-Schweiz! (Nachhaltigkeitsinitiative)»;municipality;3986;Tujetsch;18;Graubünden;219;340;575;976
2026-06-14;6860;Volksinitiative «Keine 10-Millionen-Schweiz! (Nachhaltigkeitsinitiative)»;municipality;3987;Trun;18;Graubünden;224;242;468;878
2026-06-14;6860;Volksinitiative «Keine 10-Millionen-Schweiz! (Nachhaltigkeitsinitiative)»;municipality;3988;Obersaxen Mundaun;18;Graubünden;296;278;577;950
2026-06-14;6860;Volksinitiative «Keine 10-Millionen-Schweiz! (Nachhaltigkeitsinitiative)»;municipality;4001;Aarau;19;Aargau;2961;6777;9812;14657
2026-06-14;6860;Volksinitiative «Keine 10-Millionen-Schweiz! (Nachhaltigkeitsinitiative)»;municipality;4002;Biberstein;19;Aargau;395;509;908;1239
2026-06-14;6860;Volksinitiative «Keine 10-Millionen-Schweiz! (Nachhaltigkeitsinitiative)»;municipality;4003;Buchs (AG);19;Aargau;1133;1375;2524;4280
2026-06-14;6860;Volksinitiative «Keine 10-Millionen-Schweiz! (Nachhaltigkeitsinitiative)»;municipality;4004;Densbüren;19;Aargau;218;132;351;561
2026-06-14;6860;Volksinitiative «Keine 10-Millionen-Schweiz! (Nachhaltigkeitsinitiative)»;municipality;4005;Erlinsbach (AG);19;Aargau;991;1019;2024;3094
2026-06-14;6860;Volksinitiative «Keine 10-Millionen-Schweiz! (Nachhaltigkeitsinitiative)»;municipality;4006;Gränichen;19;Aargau;1802;1422;3242;5262
2026-06-14;6860;Volksinitiative «Keine 10-Millionen-Schweiz! (Nachhaltigkeitsinitiative)»;municipality;4007;Hirschthal;19;Aargau;499;329;833;1292
2026-06-14;6860;Volksinitiative «Keine 10-Millionen-Schweiz! (Nachhaltigkeitsinitiative)»;municipality;4008;Küttigen;19;Aargau;1288;1997;3300;4792
2026-06-14;6860;Volksinitiative «Keine 10-Millionen-Schweiz! (Nachhaltigkeitsinitiative)»;municipality;4009;Muhen;19;Aargau;1052;650;1714;2772
2026-06-14;6860;Volksinitiative «Keine 10-Millionen-Schweiz! (Nachhaltigkeitsinitiative)»;municipality;4010;Oberentfelden;19;Aargau;1430;1175;2622;4709
2026-06-14;6860;Volksinitiative «Keine 10-Millionen-Schweiz! (Nachhaltigkeitsinitiative)»;municipality;4012;Suhr;19;Aargau;1418;2066;3499;5920
2026-06-14;6860;Volksinitiative «Keine 10-Millionen-Schweiz! (Nachhaltigkeitsinitiative)»;municipality;4013;Unterentfelden;19;Aargau;749;880;1642;2572
2026-06-14;6860;Volksinitiative «Keine 10-Millionen-Schweiz! (Nachhaltigkeitsinitiative)»;municipality;4021;Baden;19;Aargau;2551;6471;9075;14111
2026-06-14;6860;Volksinitiative «Keine 10-Millionen-Schweiz! (Nachhaltigkeitsinitiative)»;municipality;4022;Bellikon;19;Aargau;428;340;775;1145
2026-06-14;6860;Volksinitiative «Keine 10-Millionen-Schweiz! (Nachhaltigkeitsinitiative)»;municipality;4023;Bergdietikon;19;Aargau;630;622;1256;1894
2026-06-14;6860;Volksinitiative «Keine 10-Millionen-Schweiz! (Nachhaltigkeitsinitiative)»;municipality;4024;Birmenstorf (AG);19;Aargau;579;614;1197;1930
2026-06-14;6860;Volksinitiative «Keine 10-Millionen-Schweiz! (Nachhaltigkeitsinitiative)»;municipality;4026;Ennetbaden;19;Aargau;402;1393;1798;2452
2026-06-14;6860;Volksinitiative «Keine 10-Millionen-Schweiz! (Nachhaltigkeitsinitiative)»;municipality;4027;Fislisbach;19;Aargau;988;1083;2081;3606
2026-06-14;6860;Volksinitiative «Keine 10-Millionen-Schweiz! (Nachhaltigkeitsinitiative)»;municipality;4028;Freienwil;19;Aargau;249;290;546;780
2026-06-14;6860;Volksinitiative «Keine 10-Millionen-Schweiz! (Nachhaltigkeitsinitiative)»;municipality;4029;Gebenstorf;19;Aargau;890;1050;1949;3365
2026-06-14;6860;Volksinitiative «Keine 10-Millionen-Schweiz! (Nachhaltigkeitsinitiative)»;municipality;4030;Killwangen;19;Aargau;307;374;684;1320
2026-06-14;6860;Volksinitiative «Keine 10-Millionen-Schweiz! (Nachhaltigkeitsinitiative)»;municipality;4031;Künten;19;Aargau;467;347;817;1278
2026-06-14;6860;Volksinitiative «Keine 10-Millionen-Schweiz! (Nachhaltigkeitsinitiative)»;municipality;4032;Mägenwil;19;Aargau;422;337;762;1315
2026-06-14;6860;Volksinitiative «Keine 10-Millionen-Schweiz! (Nachhaltigkeitsinitiative)»;municipality;4033;Mellingen;19;Aargau;891;924;1822;3340
2026-06-14;6860;Volksinitiative «Keine 10-Millionen-Schweiz! (Nachhaltigkeitsinitiative)»;municipality;4034;Neuenhof;19;Aargau;883;805;1696;3654
2026-06-14;6860;Volksinitiative «Keine 10-Millionen-Schweiz! (Nachhaltigkeitsinitiative)»;municipality;4035;Niederrohrdorf;19;Aargau;908;1092;2016;3101
2026-06-14;6860;Volksinitiative «Keine 10-Millionen-Schweiz! (Nachhaltigkeitsinitiative)»;municipality;4037;Oberrohrdorf;19;Aargau;874;1018;1903;2766
2026-06-14;6860;Volksinitiative «Keine 10-Millionen-Schweiz! (Nachhaltigkeitsinitiative)»;municipality;4038;Obersiggenthal;19;Aargau;1211;1867;3092;5009
2026-06-14;6860;Volksinitiative «Keine 10-Millionen-Schweiz! (Nachhaltigkeitsinitiative)»;municipality;4039;Remetschwil;19;Aargau;522;426;951;1475
2026-06-14;6860;Volksinitiative «Keine 10-Millionen-Schweiz! (Nachhaltigkeitsinitiative)»;municipality;4040;Spreitenbach;19;Aargau;1197;973;2180;5095
2026-06-14;6860;Volksinitiative «Keine 10-Millionen-Schweiz! (Nachhaltigkeitsinitiative)»;municipality;4041;Stetten (AG);19;Aargau;491;354;847;1506
2026-06-14;6860;Volksinitiative «Keine 10-Millionen-Schweiz! (Nachhaltigkeitsinitiative)»;municipality;4044;Untersiggenthal;19;Aargau;1232;1524;2769;4386
2026-06-14;6860;Volksinitiative «Keine 10-Millionen-Schweiz! (Nachhaltigkeitsinitiative)»;municipality;4045;Wettingen;19;Aargau;3091;4809;7958;12584
2026-06-14;6860;Volksinitiative «Keine 10-Millionen-Schweiz! (Nachhaltigkeitsinitiative)»;municipality;4046;Wohlenschwil;19;Aargau;352;327;682;1131
2026-06-14;6860;Volksinitiative «Keine 10-Millionen-Schweiz! (Nachhaltigkeitsinitiative)»;municipality;4047;Würenlingen;19;Aargau;1075;794;1885;3071
2026-06-14;6860;Volksinitiative «Keine 10-Millionen-Schweiz! (Nachhaltigkeitsinitiative)»;municipality;4048;Würenlos;19;Aargau;1397;1473;2890;4451
2026-06-14;6860;Volksinitiative «Keine 10-Millionen-Schweiz! (Nachhaltigkeitsinitiative)»;municipality;4049;Ehrendingen;19;Aargau;976;1028;2010;3226
2026-06-14;6860;Volksinitiative «Keine 10-Millionen-Schweiz! (Nachhaltigkeitsinitiative)»;municipality;4061;Arni (AG);19;Aargau;460;473;936;1350
2026-06-14;6860;Volksinitiative «Keine 10-Millionen-Schweiz! (Nachhaltigkeitsinitiative)»;municipality;4062;Berikon;19;Aargau;989;927;1924;3176
2026-06-14;6860;Volksinitiative «Keine 10-Millionen-Schweiz! (Nachhaltigkeitsinitiative)»;municipality;4063;Bremgarten (AG);19;Aargau;1507;1788;3311;5625
2026-06-14;6860;Volksinitiative «Keine 10-Millionen-Schweiz! (Nachhaltigkeitsinitiative)»;municipality;4064;Büttikon;19;Aargau;328;139;469;729
2026-06-14;6860;Volksinitiative «Keine 10-Millionen-Schweiz! (Nachhaltigkeitsinitiative)»;municipality;4065;Dottikon;19;Aargau;702;445;1154;1997
2026-06-14;6860;Volksinitiative «Keine 10-Millionen-Schweiz! (Nachhaltigkeitsinitiative)»;municipality;4066;Eggenwil;19;Aargau;216;214;433;696
2026-06-14;6860;Volksinitiative «Keine 10-Millionen-Schweiz! (Nachhaltigkeitsinitiative)»;municipality;4067;Fischbach-Göslikon;19;Aargau;429;277;707;1201
2026-06-14;6860;Volksinitiative «Keine 10-Millionen-Schweiz! (Nachhaltigkeitsinitiative)»;municipality;4068;Hägglingen;19;Aargau;695;469;1170;1829
2026-06-14;6860;Volksinitiative «Keine 10-Millionen-Schweiz! (Nachhaltigkeitsinitiative)»;municipality;4071;Jonen;19;Aargau;523;520;1049;1572
2026-06-14;6860;Volksinitiative «Keine 10-Millionen-Schweiz! (Nachhaltigkeitsinitiative)»;municipality;4072;Niederwil (AG);19;Aargau;725;469;1197;1942
2026-06-14;6860;Volksinitiative «Keine 10-Millionen-Schweiz! (Nachhaltigkeitsinitiative)»;municipality;4073;Oberlunkhofen;19;Aargau;533;564;1102;1584
2026-06-14;6860;Volksinitiative «Keine 10-Millionen-Schweiz! (Nachhaltigkeitsinitiative)»;municipality;4074;Oberwil-Lieli;19;Aargau;750;569;1322;1926
2026-06-14;6860;Volksinitiative «Keine 10-Millionen-Schweiz! (Nachhaltigkeitsinitiative)»;municipality;4075;Rudolfstetten-Friedlisberg;19;Aargau;766;681;1458;2586
2026-06-14;6860;Volksinitiative «Keine 10-Millionen-Schweiz! (Nachhaltigkeitsinitiative)»;municipality;4076;Sarmenstorf;19;Aargau;848;543;1397;2134
2026-06-14;6860;Volksinitiative «Keine 10-Millionen-Schweiz! (Nachhaltigkeitsinitiative)»;municipality;4077;Tägerig;19;Aargau;369;225;596;989
2026-06-14;6860;Volksinitiative «Keine 10-Millionen-Schweiz! (Nachhaltigkeitsinitiative)»;municipality;4078;Uezwil;19;Aargau;172;67;241;372
2026-06-14;6860;Volksinitiative «Keine 10-Millionen-Schweiz! (Nachhaltigkeitsinitiative)»;municipality;4079;Unterlunkhofen;19;Aargau;444;335;779;1171
2026-06-14;6860;Volksinitiative «Keine 10-Millionen-Schweiz! (Nachhaltigkeitsinitiative)»;municipality;4080;Villmergen;19;Aargau;1493;855;2357;4352
2026-06-14;6860;Volksinitiative «Keine 10-Millionen-Schweiz! (Nachhaltigkeitsinitiative)»;municipality;4081;Widen;19;Aargau;882;844;1729;2650
2026-06-14;6860;Volksinitiative «Keine 10-Millionen-Schweiz! (Nachhaltigkeitsinitiative)»;municipality;4082;Wohlen (AG);19;Aargau;2531;2180;4726;8495
2026-06-14;6860;Volksinitiative «Keine 10-Millionen-Schweiz! (Nachhaltigkeitsinitiative)»;municipality;4083;Zufikon;19;Aargau;1112;976;2097;3168
2026-06-14;6860;Volksinitiative «Keine 10-Millionen-Schweiz! (Nachhaltigkeitsinitiative)»;municipality;4084;Islisberg;19;Aargau;189;153;342;467
2026-06-14;6860;Volksinitiative «Keine 10-Millionen-Schweiz! (Nachhaltigkeitsinitiative)»;municipality;4091;Auenstein;19;Aargau;433;372;808;1249
2026-06-14;6860;Volksinitiative «Keine 10-Millionen-Schweiz! (Nachhaltigkeitsinitiative)»;municipality;4092;Birr;19;Aargau;542;444;987;2081
2026-06-14;6860;Volksinitiative «Keine 10-Millionen-Schweiz! (Nachhaltigkeitsinitiative)»;municipality;4093;Birrhard;19;Aargau;249;119;369;596
2026-06-14;6860;Volksinitiative «Keine 10-Millionen-Schweiz! (Nachhaltigkeitsinitiative)»;municipality;4095;Brugg;19;Aargau;2213;3136;5384;8705
2026-06-14;6860;Volksinitiative «Keine 10-Millionen-Schweiz! (Nachhaltigkeitsinitiative)»;municipality;4099;Habsburg;19;Aargau;132;110;243;316
2026-06-14;6860;Volksinitiative «Keine 10-Millionen-Schweiz! (Nachhaltigkeitsinitiative)»;municipality;4100;Hausen (AG);19;Aargau;714;671;1398;2279
2026-06-14;6860;Volksinitiative «Keine 10-Millionen-Schweiz! (Nachhaltigkeitsinitiative)»;municipality;4104;Lupfig;19;Aargau;801;560;1364;2244
2026-06-14;6860;Volksinitiative «Keine 10-Millionen-Schweiz! (Nachhaltigkeitsinitiative)»;municipality;4105;Mandach;19;Aargau;123;45;168;231
2026-06-14;6860;Volksinitiative «Keine 10-Millionen-Schweiz! (Nachhaltigkeitsinitiative)»;municipality;4106;Mönthal;19;Aargau;115;55;173;281
2026-06-14;6860;Volksinitiative «Keine 10-Millionen-Schweiz! (Nachhaltigkeitsinitiative)»;municipality;4107;Mülligen;19;Aargau;215;212;430;722
2026-06-14;6860;Volksinitiative «Keine 10-Millionen-Schweiz! (Nachhaltigkeitsinitiative)»;municipality;4110;Remigen;19;Aargau;323;243;570;900
2026-06-14;6860;Volksinitiative «Keine 10-Millionen-Schweiz! (Nachhaltigkeitsinitiative)»;municipality;4111;Riniken;19;Aargau;308;317;630;974
2026-06-14;6860;Volksinitiative «Keine 10-Millionen-Schweiz! (Nachhaltigkeitsinitiative)»;municipality;4112;Rüfenach;19;Aargau;229;181;413;600
2026-06-14;6860;Volksinitiative «Keine 10-Millionen-Schweiz! (Nachhaltigkeitsinitiative)»;municipality;4117;Thalheim (AG);19;Aargau;330;170;501;704
2026-06-14;6860;Volksinitiative «Keine 10-Millionen-Schweiz! (Nachhaltigkeitsinitiative)»;municipality;4120;Veltheim (AG);19;Aargau;358;271;632;1020
2026-06-14;6860;Volksinitiative «Keine 10-Millionen-Schweiz! (Nachhaltigkeitsinitiative)»;municipality;4121;Villigen;19;Aargau;492;374;869;1398
2026-06-14;6860;Volksinitiative «Keine 10-Millionen-Schweiz! (Nachhaltigkeitsinitiative)»;municipality;4123;Windisch;19;Aargau;1018;1845;2880;4699
2026-06-14;6860;Volksinitiative «Keine 10-Millionen-Schweiz! (Nachhaltigkeitsinitiative)»;municipality;4124;Bözberg;19;Aargau;460;353;819;1225
2026-06-14;6860;Volksinitiative «Keine 10-Millionen-Schweiz! (Nachhaltigkeitsinitiative)»;municipality;4125;Schinznach;19;Aargau;622;502;1131;1683
2026-06-14;6860;Volksinitiative «Keine 10-Millionen-Schweiz! (Nachhaltigkeitsinitiative)»;municipality;4131;Beinwil am See;19;Aargau;889;714;1608;2505
2026-06-14;6860;Volksinitiative «Keine 10-Millionen-Schweiz! (Nachhaltigkeitsinitiative)»;municipality;4132;Birrwil;19;Aargau;363;268;635;959
2026-06-14;6860;Volksinitiative «Keine 10-Millionen-Schweiz! (Nachhaltigkeitsinitiative)»;municipality;4134;Dürrenäsch;19;Aargau;474;182;660;945
2026-06-14;6860;Volksinitiative «Keine 10-Millionen-Schweiz! (Nachhaltigkeitsinitiative)»;municipality;4135;Gontenschwil;19;Aargau;715;241;960;1493
2026-06-14;6860;Volksinitiative «Keine 10-Millionen-Schweiz! (Nachhaltigkeitsinitiative)»;municipality;4136;Holziken;19;Aargau;446;167;616;1100
2026-06-14;6860;Volksinitiative «Keine 10-Millionen-Schweiz! (Nachhaltigkeitsinitiative)»;municipality;4137;Leimbach (AG);19;Aargau;152;81;233;366
2026-06-14;6860;Volksinitiative «Keine 10-Millionen-Schweiz! (Nachhaltigkeitsinitiative)»;municipality;4138;Leutwil;19;Aargau;301;99;400;580
2026-06-14;6860;Volksinitiative «Keine 10-Millionen-Schweiz! (Nachhaltigkeitsinitiative)»;municipality;4139;Menziken;19;Aargau;1486;751;2246;4243
2026-06-14;6860;Volksinitiative «Keine 10-Millionen-Schweiz! (Nachhaltigkeitsinitiative)»;municipality;4140;Oberkulm;19;Aargau;805;353;1158;1821
2026-06-14;6860;Volksinitiative «Keine 10-Millionen-Schweiz! (Nachhaltigkeitsinitiative)»;municipality;4141;Reinach (AG);19;Aargau;1606;768;2382;4529
2026-06-14;6860;Volksinitiative «Keine 10-Millionen-Schweiz! (Nachhaltigkeitsinitiative)»;municipality;4142;Schlossrued;19;Aargau;291;122;416;638
2026-06-14;6860;Volksinitiative «Keine 10-Millionen-Schweiz! (Nachhaltigkeitsinitiative)»;municipality;4143;Schmiedrued;19;Aargau;420;100;520;858
2026-06-14;6860;Volksinitiative «Keine 10-Millionen-Schweiz! (Nachhaltigkeitsinitiative)»;municipality;4144;Schöftland;19;Aargau;1127;732;1862;3131
2026-06-14;6860;Volksinitiative «Keine 10-Millionen-Schweiz! (Nachhaltigkeitsinitiative)»;municipality;4145;Teufenthal (AG);19;Aargau;369;225;595;1028
2026-06-14;6860;Volksinitiative «Keine 10-Millionen-Schweiz! (Nachhaltigkeitsinitiative)»;municipality;4146;Unterkulm;19;Aargau;821;392;1218;2103
2026-06-14;6860;Volksinitiative «Keine 10-Millionen-Schweiz! (Nachhaltigkeitsinitiative)»;municipality;4147;Zetzwil;19;Aargau;416;185;604;961
2026-06-14;6860;Volksinitiative «Keine 10-Millionen-Schweiz! (Nachhaltigkeitsinitiative)»;municipality;4161;Eiken;19;Aargau;479;361;841;1540
2026-06-14;6860;Volksinitiative «Keine 10-Millionen-Schweiz! (Nachhaltigkeitsinitiative)»;municipality;4163;Frick;19;Aargau;1019;1104;2139;3660
2026-06-14;6860;Volksinitiative «Keine 10-Millionen-Schweiz! (Nachhaltigkeitsinitiative)»;municipality;4164;Gansingen;19;Aargau;319;202;523;758
2026-06-14;6860;Volksinitiative «Keine 10-Millionen-Schweiz! (Nachhaltigkeitsinitiative)»;municipality;4165;Gipf-Oberfrick;19;Aargau;815;924;1751;2647
2026-06-14;6860;Volksinitiative «Keine 10-Millionen-Schweiz! (Nachhaltigkeitsinitiative)»;municipality;4169;Kaisten;19;Aargau;694;552;1249;1989
2026-06-14;6860;Volksinitiative «Keine 10-Millionen-Schweiz! (Nachhaltigkeitsinitiative)»;municipality;4170;Laufenburg;19;Aargau;579;626;1213;2020
2026-06-14;6860;Volksinitiative «Keine 10-Millionen-Schweiz! (Nachhaltigkeitsinitiative)»;municipality;4172;Münchwilen (AG);19;Aargau;196;143;340;596
2026-06-14;6860;Volksinitiative «Keine 10-Millionen-Schweiz! (Nachhaltigkeitsinitiative)»;municipality;4173;Oberhof;19;Aargau;190;128;320;439
2026-06-14;6860;Volksinitiative «Keine 10-Millionen-Schweiz! (Nachhaltigkeitsinitiative)»;municipality;4175;Oeschgen;19;Aargau;281;226;509;832
2026-06-14;6860;Volksinitiative «Keine 10-Millionen-Schweiz! (Nachhaltigkeitsinitiative)»;municipality;4176;Schwaderloch;19;Aargau;173;63;236;411
2026-06-14;6860;Volksinitiative «Keine 10-Millionen-Schweiz! (Nachhaltigkeitsinitiative)»;municipality;4177;Sisseln;19;Aargau;324;217;541;929
2026-06-14;6860;Volksinitiative «Keine 10-Millionen-Schweiz! (Nachhaltigkeitsinitiative)»;municipality;4181;Wittnau;19;Aargau;412;292;707;1041
2026-06-14;6860;Volksinitiative «Keine 10-Millionen-Schweiz! (Nachhaltigkeitsinitiative)»;municipality;4182;Wölflinswil;19;Aargau;338;204;543;818
2026-06-14;6860;Volksinitiative «Keine 10-Millionen-Schweiz! (Nachhaltigkeitsinitiative)»;municipality;4183;Zeihen;19;Aargau;277;214;492;809
2026-06-14;6860;Volksinitiative «Keine 10-Millionen-Schweiz! (Nachhaltigkeitsinitiative)»;municipality;4184;Mettauertal;19;Aargau;513;399;918;1433
2026-06-14;6860;Volksinitiative «Keine 10-Millionen-Schweiz! (Nachhaltigkeitsinitiative)»;municipality;4185;Böztal;19;Aargau;680;489;1174;1892
2026-06-14;6860;Volksinitiative «Keine 10-Millionen-Schweiz! (Nachhaltigkeitsinitiative)»;municipality;4186;Herznach-Ueken;19;Aargau;701;567;1277;1837
2026-06-14;6860;Volksinitiative «Keine 10-Millionen-Schweiz! (Nachhaltigkeitsinitiative)»;municipality;4191;Ammerswil;19;Aargau;198;131;329;519
2026-06-14;6860;Volksinitiative «Keine 10-Millionen-Schweiz! (Nachhaltigkeitsinitiative)»;municipality;4192;Boniswil;19;Aargau;504;299;804;1212
2026-06-14;6860;Volksinitiative «Keine 10-Millionen-Schweiz! (Nachhaltigkeitsinitiative)»;municipality;4193;Brunegg;19;Aargau;174;111;285;529
2026-06-14;6860;Volksinitiative «Keine 10-Millionen-Schweiz! (Nachhaltigkeitsinitiative)»;municipality;4194;Dintikon;19;Aargau;544;254;802;1369
2026-06-14;6860;Volksinitiative «Keine 10-Millionen-Schweiz! (Nachhaltigkeitsinitiative)»;municipality;4195;Egliswil;19;Aargau;443;274;725;1171
2026-06-14;6860;Volksinitiative «Keine 10-Millionen-Schweiz! (Nachhaltigkeitsinitiative)»;municipality;4196;Fahrwangen;19;Aargau;545;323;871;1501
2026-06-14;6860;Volksinitiative «Keine 10-Millionen-Schweiz! (Nachhaltigkeitsinitiative)»;municipality;4197;Hallwil;19;Aargau;247;137;386;663
2026-06-14;6860;Volksinitiative «Keine 10-Millionen-Schweiz! (Nachhaltigkeitsinitiative)»;municipality;4198;Hendschiken;19;Aargau;283;197;481;841
2026-06-14;6860;Volksinitiative «Keine 10-Millionen-Schweiz! (Nachhaltigkeitsinitiative)»;municipality;4199;Holderbank (AG);19;Aargau;276;140;417;863
2026-06-14;6860;Volksinitiative «Keine 10-Millionen-Schweiz! (Nachhaltigkeitsinitiative)»;municipality;4200;Hunzenschwil;19;Aargau;746;424;1175;2382
2026-06-14;6860;Volksinitiative «Keine 10-Millionen-Schweiz! (Nachhaltigkeitsinitiative)»;municipality;4201;Lenzburg;19;Aargau;1468;2609;4098;6555
2026-06-14;6860;Volksinitiative «Keine 10-Millionen-Schweiz! (Nachhaltigkeitsinitiative)»;municipality;4202;Meisterschwanden;19;Aargau;874;641;1520;2346
2026-06-14;6860;Volksinitiative «Keine 10-Millionen-Schweiz! (Nachhaltigkeitsinitiative)»;municipality;4203;Möriken-Wildegg;19;Aargau;1042;932;1984;3088
2026-06-14;6860;Volksinitiative «Keine 10-Millionen-Schweiz! (Nachhaltigkeitsinitiative)»;municipality;4204;Niederlenz;19;Aargau;741;854;1604;2755
2026-06-14;6860;Volksinitiative «Keine 10-Millionen-Schweiz! (Nachhaltigkeitsinitiative)»;municipality;4205;Othmarsingen;19;Aargau;584;469;1056;1938
2026-06-14;6860;Volksinitiative «Keine 10-Millionen-Schweiz! (Nachhaltigkeitsinitiative)»;municipality;4206;Rupperswil;19;Aargau;1264;889;2162;3701
2026-06-14;6860;Volksinitiative «Keine 10-Millionen-Schweiz! (Nachhaltigkeitsinitiative)»;municipality;4207;Schafisheim;19;Aargau;702;533;1241;1977
2026-06-14;6860;Volksinitiative «Keine 10-Millionen-Schweiz! (Nachhaltigkeitsinitiative)»;municipality;4208;Seengen;19;Aargau;1276;871;2158;3213
2026-06-14;6860;Volksinitiative «Keine 10-Millionen-Schweiz! (Nachhaltigkeitsinitiative)»;municipality;4209;Seon;19;Aargau;1189;847;2047;3437
2026-06-14;6860;Volksinitiative «Keine 10-Millionen-Schweiz! (Nachhaltigkeitsinitiative)»;municipality;4210;Staufen;19;Aargau;827;943;1779;2759
2026-06-14;6860;Volksinitiative «Keine 10-Millionen-Schweiz! (Nachhaltigkeitsinitiative)»;municipality;4221;Abtwil;19;Aargau;288;157;445;717
2026-06-14;6860;Volksinitiative «Keine 10-Millionen-Schweiz! (Nachhaltigkeitsinitiative)»;municipality;4222;Aristau;19;Aargau;372;281;654;1060
2026-06-14;6860;Volksinitiative «Keine 10-Millionen-Schweiz! (Nachhaltigkeitsinitiative)»;municipality;4223;Auw;19;Aargau;598;299;900;1451
2026-06-14;6860;Volksinitiative «Keine 10-Millionen-Schweiz! (Nachhaltigkeitsinitiative)»;municipality;4224;Beinwil (Freiamt);19;Aargau;421;161;585;883
2026-06-14;6860;Volksinitiative «Keine 10-Millionen-Schweiz! (Nachhaltigkeitsinitiative)»;municipality;4226;Besenbüren;19;Aargau;202;113;317;488
2026-06-14;6860;Volksinitiative «Keine 10-Millionen-Schweiz! (Nachhaltigkeitsinitiative)»;municipality;4227;Bettwil;19;Aargau;233;128;361;532
2026-06-14;6860;Volksinitiative «Keine 10-Millionen-Schweiz! (Nachhaltigkeitsinitiative)»;municipality;4228;Boswil;19;Aargau;759;438;1204;2040
2026-06-14;6860;Volksinitiative «Keine 10-Millionen-Schweiz! (Nachhaltigkeitsinitiative)»;municipality;4229;Bünzen;19;Aargau;333;199;533;814
2026-06-14;6860;Volksinitiative «Keine 10-Millionen-Schweiz! (Nachhaltigkeitsinitiative)»;municipality;4230;Buttwil;19;Aargau;344;226;575;877
2026-06-14;6860;Volksinitiative «Keine 10-Millionen-Schweiz! (Nachhaltigkeitsinitiative)»;municipality;4231;Dietwil;19;Aargau;396;208;606;971
2026-06-14;6860;Volksinitiative «Keine 10-Millionen-Schweiz! (Nachhaltigkeitsinitiative)»;municipality;4232;Geltwil;19;Aargau;66;39;105;158
2026-06-14;6860;Volksinitiative «Keine 10-Millionen-Schweiz! (Nachhaltigkeitsinitiative)»;municipality;4233;Kallern;19;Aargau;133;63;197;280
2026-06-14;6860;Volksinitiative «Keine 10-Millionen-Schweiz! (Nachhaltigkeitsinitiative)»;municipality;4234;Merenschwand;19;Aargau;879;623;1508;2430
2026-06-14;6860;Volksinitiative «Keine 10-Millionen-Schweiz! (Nachhaltigkeitsinitiative)»;municipality;4235;Mühlau;19;Aargau;335;192;528;865
2026-06-14;6860;Volksinitiative «Keine 10-Millionen-Schweiz! (Nachhaltigkeitsinitiative)»;municipality;4236;Muri (AG);19;Aargau;1621;1620;3260;5500
2026-06-14;6860;Volksinitiative «Keine 10-Millionen-Schweiz! (Nachhaltigkeitsinitiative)»;municipality;4237;Oberrüti;19;Aargau;354;276;633;1042
2026-06-14;6860;Volksinitiative «Keine 10-Millionen-Schweiz! (Nachhaltigkeitsinitiative)»;municipality;4238;Rottenschwil;19;Aargau;300;163;465;724
2026-06-14;6860;Volksinitiative «Keine 10-Millionen-Schweiz! (Nachhaltigkeitsinitiative)»;municipality;4239;Sins;19;Aargau;1019;724;1744;2887
2026-06-14;6860;Volksinitiative «Keine 10-Millionen-Schweiz! (Nachhaltigkeitsinitiative)»;municipality;4240;Waltenschwil;19;Aargau;786;536;1327;2175
2026-06-14;6860;Volksinitiative «Keine 10-Millionen-Schweiz! (Nachhaltigkeitsinitiative)»;municipality;4251;Hellikon;19;Aargau;272;131;405;613
2026-06-14;6860;Volksinitiative «Keine 10-Millionen-Schweiz! (Nachhaltigkeitsinitiative)»;municipality;4252;Kaiseraugst;19;Aargau;802;908;1724;3359
2026-06-14;6860;Volksinitiative «Keine 10-Millionen-Schweiz! (Nachhaltigkeitsinitiative)»;municipality;4253;Magden;19;Aargau;818;997;1823;2639
2026-06-14;6860;Volksinitiative «Keine 10-Millionen-Schweiz! (Nachhaltigkeitsinitiative)»;municipality;4254;Möhlin;19;Aargau;1986;1991;3997;6773
2026-06-14;6860;Volksinitiative «Keine 10-Millionen-Schweiz! (Nachhaltigkeitsinitiative)»;municipality;4255;Mumpf;19;Aargau;236;174;411;829
2026-06-14;6860;Volksinitiative «Keine 10-Millionen-Schweiz! (Nachhaltigkeitsinitiative)»;municipality;4256;Obermumpf;19;Aargau;204;185;389;715
2026-06-14;6860;Volksinitiative «Keine 10-Millionen-Schweiz! (Nachhaltigkeitsinitiative)»;municipality;4257;Olsberg;19;Aargau;96;78;175;250
2026-06-14;6860;Volksinitiative «Keine 10-Millionen-Schweiz! (Nachhaltigkeitsinitiative)»;municipality;4258;Rheinfelden;19;Aargau;1714;2631;4367;7711
2026-06-14;6860;Volksinitiative «Keine 10-Millionen-Schweiz! (Nachhaltigkeitsinitiative)»;municipality;4259;Schupfart;19;Aargau;247;167;416;636
2026-06-14;6860;Volksinitiative «Keine 10-Millionen-Schweiz! (Nachhaltigkeitsinitiative)»;municipality;4260;Stein (AG);19;Aargau;425;437;863;1677
2026-06-14;6860;Volksinitiative «Keine 10-Millionen-Schweiz! (Nachhaltigkeitsinitiative)»;municipality;4261;Wallbach;19;Aargau;446;431;892;1392
2026-06-14;6860;Volksinitiative «Keine 10-Millionen-Schweiz! (Nachhaltigkeitsinitiative)»;municipality;4262;Wegenstetten;19;Aargau;331;158;490;765
2026-06-14;6860;Volksinitiative «Keine 10-Millionen-Schweiz! (Nachhaltigkeitsinitiative)»;municipality;4263;Zeiningen;19;Aargau;478;499;983;1676
2026-06-14;6860;Volksinitiative «Keine 10-Millionen-Schweiz! (Nachhaltigkeitsinitiative)»;municipality;4264;Zuzgen;19;Aargau;196;148;346;608
2026-06-14;6860;Volksinitiative «Keine 10-Millionen-Schweiz! (Nachhaltigkeitsinitiative)»;municipality;4271;Aarburg;19;Aargau;1032;984;2027;4079
2026-06-14;6860;Volksinitiative «Keine 10-Millionen-Schweiz! (Nachhaltigkeitsinitiative)»;municipality;4273;Bottenwil;19;Aargau;243;140;385;619
2026-06-14;6860;Volksinitiative «Keine 10-Millionen-Schweiz! (Nachhaltigkeitsinitiative)»;municipality;4274;Brittnau;19;Aargau;1086;722;1818;3067
2026-06-14;6860;Volksinitiative «Keine 10-Millionen-Schweiz! (Nachhaltigkeitsinitiative)»;municipality;4275;Kirchleerau;19;Aargau;281;111;393;625
2026-06-14;6860;Volksinitiative «Keine 10-Millionen-Schweiz! (Nachhaltigkeitsinitiative)»;municipality;4276;Kölliken;19;Aargau;1077;684;1770;3081
2026-06-14;6860;Volksinitiative «Keine 10-Millionen-Schweiz! (Nachhaltigkeitsinitiative)»;municipality;4277;Moosleerau;19;Aargau;293;108;402;655
2026-06-14;6860;Volksinitiative «Keine 10-Millionen-Schweiz! (Nachhaltigkeitsinitiative)»;municipality;4279;Murgenthal;19;Aargau;749;385;1137;2025
2026-06-14;6860;Volksinitiative «Keine 10-Millionen-Schweiz! (Nachhaltigkeitsinitiative)»;municipality;4280;Oftringen;19;Aargau;1962;1546;3524;7207
2026-06-14;6860;Volksinitiative «Keine 10-Millionen-Schweiz! (Nachhaltigkeitsinitiative)»;municipality;4281;Reitnau;19;Aargau;518;226;746;1161
2026-06-14;6860;Volksinitiative «Keine 10-Millionen-Schweiz! (Nachhaltigkeitsinitiative)»;municipality;4282;Rothrist;19;Aargau;1767;1205;2984;5848
2026-06-14;6860;Volksinitiative «Keine 10-Millionen-Schweiz! (Nachhaltigkeitsinitiative)»;municipality;4283;Safenwil;19;Aargau;939;517;1465;2644
2026-06-14;6860;Volksinitiative «Keine 10-Millionen-Schweiz! (Nachhaltigkeitsinitiative)»;municipality;4284;Staffelbach;19;Aargau;413;181;597;971
2026-06-14;6860;Volksinitiative «Keine 10-Millionen-Schweiz! (Nachhaltigkeitsinitiative)»;municipality;4285;Strengelbach;19;Aargau;906;794;1711;2973
2026-06-14;6860;Volksinitiative «Keine 10-Millionen-Schweiz! (Nachhaltigkeitsinitiative)»;municipality;4286;Uerkheim;19;Aargau;471;194;668;1075
2026-06-14;6860;Volksinitiative «Keine 10-Millionen-Schweiz! (Nachhaltigkeitsinitiative)»;municipality;4287;Vordemwald;19;Aargau;594;327;921;1513
2026-06-14;6860;Volksinitiative «Keine 10-Millionen-Schweiz! (Nachhaltigkeitsinitiative)»;municipality;4288;Wiliberg;19;Aargau;79;33;114;142
2026-06-14;6860;Volksinitiative «Keine 10-Millionen-Schweiz! (Nachhaltigkeitsinitiative)»;municipality;4289;Zofingen;19;Aargau;2141;3241;5410;8428
2026-06-14;6860;Volksinitiative «Keine 10-Millionen-Schweiz! (Nachhaltigkeitsinitiative)»;municipality;4303;Böttstein;19;Aargau;759;431;1195;2084
2026-06-14;6860;Volksinitiative «Keine 10-Millionen-Schweiz! (Nachhaltigkeitsinitiative)»;municipality;4304;Döttingen;19;Aargau;588;538;1133;2060
2026-06-14;6860;Volksinitiative «Keine 10-Millionen-Schweiz! (Nachhaltigkeitsinitiative)»;municipality;4305;Endingen;19;Aargau;587;577;1169;1798
2026-06-14;6860;Volksinitiative «Keine 10-Millionen-Schweiz! (Nachhaltigkeitsinitiative)»;municipality;4306;Fisibach;19;Aargau;118;63;181;323
2026-06-14;6860;Volksinitiative «Keine 10-Millionen-Schweiz! (Nachhaltigkeitsinitiative)»;municipality;4307;Full-Reuenthal;19;Aargau;241;161;403;648
2026-06-14;6860;Volksinitiative «Keine 10-Millionen-Schweiz! (Nachhaltigkeitsinitiative)»;municipality;4309;Klingnau;19;Aargau;666;613;1283;2078
2026-06-14;6860;Volksinitiative «Keine 10-Millionen-Schweiz! (Nachhaltigkeitsinitiative)»;municipality;4310;Koblenz;19;Aargau;236;177;413;778
2026-06-14;6860;Volksinitiative «Keine 10-Millionen-Schweiz! (Nachhaltigkeitsinitiative)»;municipality;4311;Leibstadt;19;Aargau;326;117;443;765
2026-06-14;6860;Volksinitiative «Keine 10-Millionen-Schweiz! (Nachhaltigkeitsinitiative)»;municipality;4312;Lengnau (AG);19;Aargau;697;579;1280;1979
2026-06-14;6860;Volksinitiative «Keine 10-Millionen-Schweiz! (Nachhaltigkeitsinitiative)»;municipality;4313;Leuggern;19;Aargau;652;311;965;1457
2026-06-14;6860;Volksinitiative «Keine 10-Millionen-Schweiz! (Nachhaltigkeitsinitiative)»;municipality;4314;Mellikon;19;Aargau;46;61;108;163
2026-06-14;6860;Volksinitiative «Keine 10-Millionen-Schweiz! (Nachhaltigkeitsinitiative)»;municipality;4318;Schneisingen;19;Aargau;355;369;727;1119
2026-06-14;6860;Volksinitiative «Keine 10-Millionen-Schweiz! (Nachhaltigkeitsinitiative)»;municipality;4319;Siglistorf;19;Aargau;199;138;340;531
2026-06-14;6860;Volksinitiative «Keine 10-Millionen-Schweiz! (Nachhaltigkeitsinitiative)»;municipality;4320;Tegerfelden;19;Aargau;325;229;555;855
2026-06-14;6860;Volksinitiative «Keine 10-Millionen-Schweiz! (Nachhaltigkeitsinitiative)»;municipality;4324;Zurzach;19;Aargau;1326;1091;2429;4419
2026-06-14;6860;Volksinitiative «Keine 10-Millionen-Schweiz! (Nachhaltigkeitsinitiative)»;municipality;4401;Arbon;20;Thurgau;2285;2177;4558;8584
2026-06-14;6860;Volksinitiative «Keine 10-Millionen-Schweiz! (Nachhaltigkeitsinitiative)»;municipality;4406;Dozwil;20;Thurgau;268;66;345;465
2026-06-14;6860;Volksinitiative «Keine 10-Millionen-Schweiz! (Nachhaltigkeitsinitiative)»;municipality;4411;Egnach;20;Thurgau;1278;873;2208;3469
2026-06-14;6860;Volksinitiative «Keine 10-Millionen-Schweiz! (Nachhaltigkeitsinitiative)»;municipality;4416;Hefenhofen;20;Thurgau;344;204;559;899
2026-06-14;6860;Volksinitiative «Keine 10-Millionen-Schweiz! (Nachhaltigkeitsinitiative)»;municipality;4421;Horn;20;Thurgau;660;619;1315;2175
2026-06-14;6860;Volksinitiative «Keine 10-Millionen-Schweiz! (Nachhaltigkeitsinitiative)»;municipality;4426;Kesswil;20;Thurgau;244;201;462;663
2026-06-14;6860;Volksinitiative «Keine 10-Millionen-Schweiz! (Nachhaltigkeitsinitiative)»;municipality;4431;Roggwil (TG);20;Thurgau;841;635;1516;2397
2026-06-14;6860;Volksinitiative «Keine 10-Millionen-Schweiz! (Nachhaltigkeitsinitiative)»;municipality;4436;Romanshorn;20;Thurgau;1808;1822;3707;6453
2026-06-14;6860;Volksinitiative «Keine 10-Millionen-Schweiz! (Nachhaltigkeitsinitiative)»;municipality;4441;Salmsach;20;Thurgau;273;183;470;877
2026-06-14;6860;Volksinitiative «Keine 10-Millionen-Schweiz! (Nachhaltigkeitsinitiative)»;municipality;4446;Sommeri;20;Thurgau;186;91;285;437
2026-06-14;6860;Volksinitiative «Keine 10-Millionen-Schweiz! (Nachhaltigkeitsinitiative)»;municipality;4451;Uttwil;20;Thurgau;484;354;857;1265
2026-06-14;6860;Volksinitiative «Keine 10-Millionen-Schweiz! (Nachhaltigkeitsinitiative)»;municipality;4461;Amriswil;20;Thurgau;2503;1744;4318;8148
2026-06-14;6860;Volksinitiative «Keine 10-Millionen-Schweiz! (Nachhaltigkeitsinitiative)»;municipality;4471;Bischofszell;20;Thurgau;1245;835;2122;3708
2026-06-14;6860;Volksinitiative «Keine 10-Millionen-Schweiz! (Nachhaltigkeitsinitiative)»;municipality;4476;Erlen;20;Thurgau;850;415;1295;2216
2026-06-14;6860;Volksinitiative «Keine 10-Millionen-Schweiz! (Nachhaltigkeitsinitiative)»;municipality;4486;Hauptwil-Gottshaus;20;Thurgau;600;284;901;1454
2026-06-14;6860;Volksinitiative «Keine 10-Millionen-Schweiz! (Nachhaltigkeitsinitiative)»;municipality;4495;Hohentannen;20;Thurgau;229;98;329;489
2026-06-14;6860;Volksinitiative «Keine 10-Millionen-Schweiz! (Nachhaltigkeitsinitiative)»;municipality;4501;Kradolf-Schönenberg;20;Thurgau;869;461;1349;2275
2026-06-14;6860;Volksinitiative «Keine 10-Millionen-Schweiz! (Nachhaltigkeitsinitiative)»;municipality;4506;Sulgen;20;Thurgau;875;490;1392;2419
2026-06-14;6860;Volksinitiative «Keine 10-Millionen-Schweiz! (Nachhaltigkeitsinitiative)»;municipality;4511;Zihlschlacht-Sitterdorf;20;Thurgau;711;355;1090;1715
2026-06-14;6860;Volksinitiative «Keine 10-Millionen-Schweiz! (Nachhaltigkeitsinitiative)»;municipality;4536;Basadingen-Schlattingen;20;Thurgau;505;322;846;1272
2026-06-14;6860;Volksinitiative «Keine 10-Millionen-Schweiz! (Nachhaltigkeitsinitiative)»;municipality;4545;Diessenhofen;20;Thurgau;655;573;1276;2150
2026-06-14;6860;Volksinitiative «Keine 10-Millionen-Schweiz! (Nachhaltigkeitsinitiative)»;municipality;4546;Schlatt (TG);20;Thurgau;495;318;838;1280
2026-06-14;6860;Volksinitiative «Keine 10-Millionen-Schweiz! (Nachhaltigkeitsinitiative)»;municipality;4551;Aadorf;20;Thurgau;2155;1736;3986;6442
2026-06-14;6860;Volksinitiative «Keine 10-Millionen-Schweiz! (Nachhaltigkeitsinitiative)»;municipality;4561;Felben-Wellhausen;20;Thurgau;636;482;1165;2111
2026-06-14;6860;Volksinitiative «Keine 10-Millionen-Schweiz! (Nachhaltigkeitsinitiative)»;municipality;4566;Frauenfeld;20;Thurgau;4256;5630;10123;16362
2026-06-14;6860;Volksinitiative «Keine 10-Millionen-Schweiz! (Nachhaltigkeitsinitiative)»;municipality;4571;Gachnang;20;Thurgau;960;857;1891;3158
2026-06-14;6860;Volksinitiative «Keine 10-Millionen-Schweiz! (Nachhaltigkeitsinitiative)»;municipality;4590;Hüttlingen;20;Thurgau;225;170;408;609
2026-06-14;6860;Volksinitiative «Keine 10-Millionen-Schweiz! (Nachhaltigkeitsinitiative)»;municipality;4591;Matzingen;20;Thurgau;599;415;1042;1914
2026-06-14;6860;Volksinitiative «Keine 10-Millionen-Schweiz! (Nachhaltigkeitsinitiative)»;municipality;4601;Neunforn;20;Thurgau;337;234;588;848
2026-06-14;6860;Volksinitiative «Keine 10-Millionen-Schweiz! (Nachhaltigkeitsinitiative)»;municipality;4606;Stettfurt;20;Thurgau;342;285;636;900
2026-06-14;6860;Volksinitiative «Keine 10-Millionen-Schweiz! (Nachhaltigkeitsinitiative)»;municipality;4611;Thundorf;20;Thurgau;419;371;810;1255
2026-06-14;6860;Volksinitiative «Keine 10-Millionen-Schweiz! (Nachhaltigkeitsinitiative)»;municipality;4616;Uesslingen-Buch;20;Thurgau;395;221;636;898
2026-06-14;6860;Volksinitiative «Keine 10-Millionen-Schweiz! (Nachhaltigkeitsinitiative)»;municipality;4621;Warth-Weiningen;20;Thurgau;366;321;703;1064
2026-06-14;6860;Volksinitiative «Keine 10-Millionen-Schweiz! (Nachhaltigkeitsinitiative)»;municipality;4641;Altnau;20;Thurgau;489;462;961;1438
2026-06-14;6860;Volksinitiative «Keine 10-Millionen-Schweiz! (Nachhaltigkeitsinitiative)»;municipality;4643;Bottighofen;20;Thurgau;408;527;951;1415
2026-06-14;6860;Volksinitiative «Keine 10-Millionen-Schweiz! (Nachhaltigkeitsinitiative)»;municipality;4646;Ermatingen;20;Thurgau;677;748;1469;2200
2026-06-14;6860;Volksinitiative «Keine 10-Millionen-Schweiz! (Nachhaltigkeitsinitiative)»;municipality;4651;Gottlieben;20;Thurgau;42;83;125;169
2026-06-14;6860;Volksinitiative «Keine 10-Millionen-Schweiz! (Nachhaltigkeitsinitiative)»;municipality;4656;Güttingen;20;Thurgau;454;306;783;1173
2026-06-14;6860;Volksinitiative «Keine 10-Millionen-Schweiz! (Nachhaltigkeitsinitiative)»;municipality;4666;Kemmental;20;Thurgau;671;411;1126;1779
2026-06-14;6860;Volksinitiative «Keine 10-Millionen-Schweiz! (Nachhaltigkeitsinitiative)»;municipality;4671;Kreuzlingen;20;Thurgau;1985;2943;5051;8483
2026-06-14;6860;Volksinitiative «Keine 10-Millionen-Schweiz! (Nachhaltigkeitsinitiative)»;municipality;4681;Langrickenbach;20;Thurgau;426;219;659;989
2026-06-14;6860;Volksinitiative «Keine 10-Millionen-Schweiz! (Nachhaltigkeitsinitiative)»;municipality;4683;Lengwil;20;Thurgau;348;291;655;1005
2026-06-14;6860;Volksinitiative «Keine 10-Millionen-Schweiz! (Nachhaltigkeitsinitiative)»;municipality;4691;Münsterlingen;20;Thurgau;573;560;1163;1770
2026-06-14;6860;Volksinitiative «Keine 10-Millionen-Schweiz! (Nachhaltigkeitsinitiative)»;municipality;4696;Tägerwilen;20;Thurgau;696;887;1649;2672
2026-06-14;6860;Volksinitiative «Keine 10-Millionen-Schweiz! (Nachhaltigkeitsinitiative)»;municipality;4701;Wäldi;20;Thurgau;329;166;500;745
2026-06-14;6860;Volksinitiative «Keine 10-Millionen-Schweiz! (Nachhaltigkeitsinitiative)»;municipality;4711;Affeltrangen;20;Thurgau;794;330;1150;1796
2026-06-14;6860;Volksinitiative «Keine 10-Millionen-Schweiz! (Nachhaltigkeitsinitiative)»;municipality;4716;Bettwiesen;20;Thurgau;336;167;508;833
2026-06-14;6860;Volksinitiative «Keine 10-Millionen-Schweiz! (Nachhaltigkeitsinitiative)»;municipality;4721;Bichelsee-Balterswil;20;Thurgau;815;477;1305;2112
2026-06-14;6860;Volksinitiative «Keine 10-Millionen-Schweiz! (Nachhaltigkeitsinitiative)»;municipality;4723;Braunau;20;Thurgau;258;149;418;637
2026-06-14;6860;Volksinitiative «Keine 10-Millionen-Schweiz! (Nachhaltigkeitsinitiative)»;municipality;4724;Eschlikon;20;Thurgau;1139;811;1999;3346
2026-06-14;6860;Volksinitiative «Keine 10-Millionen-Schweiz! (Nachhaltigkeitsinitiative)»;municipality;4726;Fischingen;20;Thurgau;929;420;1379;2186
2026-06-14;6860;Volksinitiative «Keine 10-Millionen-Schweiz! (Nachhaltigkeitsinitiative)»;municipality;4741;Lommis;20;Thurgau;394;196;602;932
2026-06-14;6860;Volksinitiative «Keine 10-Millionen-Schweiz! (Nachhaltigkeitsinitiative)»;municipality;4746;Münchwilen (TG);20;Thurgau;1168;708;1919;3671
2026-06-14;6860;Volksinitiative «Keine 10-Millionen-Schweiz! (Nachhaltigkeitsinitiative)»;municipality;4751;Rickenbach (TG);20;Thurgau;431;357;795;1512
2026-06-14;6860;Volksinitiative «Keine 10-Millionen-Schweiz! (Nachhaltigkeitsinitiative)»;municipality;4756;Schönholzerswilen;20;Thurgau;304;108;414;610
2026-06-14;6860;Volksinitiative «Keine 10-Millionen-Schweiz! (Nachhaltigkeitsinitiative)»;municipality;4761;Sirnach;20;Thurgau;1562;1125;2763;5118
2026-06-14;6860;Volksinitiative «Keine 10-Millionen-Schweiz! (Nachhaltigkeitsinitiative)»;municipality;4776;Tobel-Tägerschen;20;Thurgau;436;213;688;1128
2026-06-14;6860;Volksinitiative «Keine 10-Millionen-Schweiz! (Nachhaltigkeitsinitiative)»;municipality;4781;Wängi;20;Thurgau;1225;765;2068;3319
2026-06-14;6860;Volksinitiative «Keine 10-Millionen-Schweiz! (Nachhaltigkeitsinitiative)»;municipality;4786;Wilen (TG);20;Thurgau;483;488;984;1623
2026-06-14;6860;Volksinitiative «Keine 10-Millionen-Schweiz! (Nachhaltigkeitsinitiative)»;municipality;4791;Wuppenau;20;Thurgau;376;195;582;835
2026-06-14;6860;Volksinitiative «Keine 10-Millionen-Schweiz! (Nachhaltigkeitsinitiative)»;municipality;4801;Berlingen;20;Thurgau;203;181;384;578
2026-06-14;6860;Volksinitiative «Keine 10-Millionen-Schweiz! (Nachhaltigkeitsinitiative)»;municipality;4806;Eschenz;20;Thurgau;432;333;790;1267
2026-06-14;6860;Volksinitiative «Keine 10-Millionen-Schweiz! (Nachhaltigkeitsinitiative)»;municipality;4811;Herdern;20;Thurgau;315;237;567;811
2026-06-14;6860;Volksinitiative «Keine 10-Millionen-Schweiz! (Nachhaltigkeitsinitiative)»;municipality;4816;Homburg;20;Thurgau;524;212;754;1115
2026-06-14;6860;Volksinitiative «Keine 10-Millionen-Schweiz! (Nachhaltigkeitsinitiative)»;municipality;4821;Hüttwilen;20;Thurgau;457;401;871;1246
2026-06-14;6860;Volksinitiative «Keine 10-Millionen-Schweiz! (Nachhaltigkeitsinitiative)»;municipality;4826;Mammern;20;Thurgau;130;145;280;404
2026-06-14;6860;Volksinitiative «Keine 10-Millionen-Schweiz! (Nachhaltigkeitsinitiative)»;municipality;4831;Müllheim;20;Thurgau;758;444;1232;2193
2026-06-14;6860;Volksinitiative «Keine 10-Millionen-Schweiz! (Nachhaltigkeitsinitiative)»;municipality;4841;Pfyn;20;Thurgau;583;305;889;1516
2026-06-14;6860;Volksinitiative «Keine 10-Millionen-Schweiz! (Nachhaltigkeitsinitiative)»;municipality;4846;Raperswilen;20;Thurgau;157;59;220;315
2026-06-14;6860;Volksinitiative «Keine 10-Millionen-Schweiz! (Nachhaltigkeitsinitiative)»;municipality;4851;Salenstein;20;Thurgau;302;281;597;887
2026-06-14;6860;Volksinitiative «Keine 10-Millionen-Schweiz! (Nachhaltigkeitsinitiative)»;municipality;4864;Steckborn;20;Thurgau;706;752;1495;2437
2026-06-14;6860;Volksinitiative «Keine 10-Millionen-Schweiz! (Nachhaltigkeitsinitiative)»;municipality;4871;Wagenhausen;20;Thurgau;432;285;726;1132
2026-06-14;6860;Volksinitiative «Keine 10-Millionen-Schweiz! (Nachhaltigkeitsinitiative)»;municipality;4881;Amlikon-Bissegg;20;Thurgau;469;192;671;1007
2026-06-14;6860;Volksinitiative «Keine 10-Millionen-Schweiz! (Nachhaltigkeitsinitiative)»;municipality;4891;Berg (TG);20;Thurgau;885;631;1564;2472
2026-06-14;6860;Volksinitiative «Keine 10-Millionen-Schweiz! (Nachhaltigkeitsinitiative)»;municipality;4901;Birwinken;20;Thurgau;452;186;654;997
2026-06-14;6860;Volksinitiative «Keine 10-Millionen-Schweiz! (Nachhaltigkeitsinitiative)»;municipality;4911;Bürglen (TG);20;Thurgau;833;436;1302;2324
2026-06-14;6860;Volksinitiative «Keine 10-Millionen-Schweiz! (Nachhaltigkeitsinitiative)»;municipality;4921;Bussnang;20;Thurgau;746;310;1085;1667
2026-06-14;6860;Volksinitiative «Keine 10-Millionen-Schweiz! (Nachhaltigkeitsinitiative)»;municipality;4941;Märstetten;20;Thurgau;749;531;1298;2014
2026-06-14;6860;Volksinitiative «Keine 10-Millionen-Schweiz! (Nachhaltigkeitsinitiative)»;municipality;4946;Weinfelden;20;Thurgau;2225;2375;4715;7705
2026-06-14;6860;Volksinitiative «Keine 10-Millionen-Schweiz! (Nachhaltigkeitsinitiative)»;municipality;4951;Wigoltingen;20;Thurgau;648;431;1101;1710
2026-06-14;6860;Volksinitiative «Keine 10-Millionen-Schweiz! (Nachhaltigkeitsinitiative)»;municipality;5001;Arbedo-Castione;21;Tessin;768;735;1532;3173
2026-06-14;6860;Volksinitiative «Keine 10-Millionen-Schweiz! (Nachhaltigkeitsinitiative)»;municipality;5002;Bellinzona;21;Tessin;6621;6589;13491;28172
2026-06-14;6860;Volksinitiative «Keine 10-Millionen-Schweiz! (Nachhaltigkeitsinitiative)»;municipality;5003;Cadenazzo;21;Tessin;373;259;644;1466
2026-06-14;6860;Volksinitiative «Keine 10-Millionen-Schweiz! (Nachhaltigkeitsinitiative)»;municipality;5009;Isone;21;Tessin;140;36;179;311
2026-06-14;6860;Volksinitiative «Keine 10-Millionen-Schweiz! (Nachhaltigkeitsinitiative)»;municipality;5010;Lumino;21;Tessin;358;301;669;1148
2026-06-14;6860;Volksinitiative «Keine 10-Millionen-Schweiz! (Nachhaltigkeitsinitiative)»;municipality;5017;Sant'Antonino;21;Tessin;476;286;773;1632
2026-06-14;6860;Volksinitiative «Keine 10-Millionen-Schweiz! (Nachhaltigkeitsinitiative)»;municipality;5048;Acquarossa;21;Tessin;373;263;645;1474
2026-06-14;6860;Volksinitiative «Keine 10-Millionen-Schweiz! (Nachhaltigkeitsinitiative)»;municipality;5049;Blenio;21;Tessin;444;262;712;1464
2026-06-14;6860;Volksinitiative «Keine 10-Millionen-Schweiz! (Nachhaltigkeitsinitiative)»;municipality;5050;Serravalle;21;Tessin;533;318;880;1932
2026-06-14;6860;Volksinitiative «Keine 10-Millionen-Schweiz! (Nachhaltigkeitsinitiative)»;municipality;5061;Airolo;21;Tessin;354;214;574;968
2026-06-14;6860;Volksinitiative «Keine 10-Millionen-Schweiz! (Nachhaltigkeitsinitiative)»;municipality;5063;Bedretto;21;Tessin;58;20;79;114
2026-06-14;6860;Volksinitiative «Keine 10-Millionen-Schweiz! (Nachhaltigkeitsinitiative)»;municipality;5071;Dalpe;21;Tessin;41;51;93;161
2026-06-14;6860;Volksinitiative «Keine 10-Millionen-Schweiz! (Nachhaltigkeitsinitiative)»;municipality;5072;Faido;21;Tessin;581;477;1075;2023
2026-06-14;6860;Volksinitiative «Keine 10-Millionen-Schweiz! (Nachhaltigkeitsinitiative)»;municipality;5073;Giornico;21;Tessin;256;201;464;983
2026-06-14;6860;Volksinitiative «Keine 10-Millionen-Schweiz! (Nachhaltigkeitsinitiative)»;municipality;5076;Personico;21;Tessin;67;79;148;234
2026-06-14;6860;Volksinitiative «Keine 10-Millionen-Schweiz! (Nachhaltigkeitsinitiative)»;municipality;5077;Pollegio;21;Tessin;143;103;251;528
2026-06-14;6860;Volksinitiative «Keine 10-Millionen-Schweiz! (Nachhaltigkeitsinitiative)»;municipality;5079;Quinto;21;Tessin;299;243;551;943
2026-06-14;6860;Volksinitiative «Keine 10-Millionen-Schweiz! (Nachhaltigkeitsinitiative)»;municipality;5091;Ascona;21;Tessin;985;962;1981;3531
2026-06-14;6860;Volksinitiative «Keine 10-Millionen-Schweiz! (Nachhaltigkeitsinitiative)»;municipality;5096;Brione sopra Minusio;21;Tessin;107;76;188;328
2026-06-14;6860;Volksinitiative «Keine 10-Millionen-Schweiz! (Nachhaltigkeitsinitiative)»;municipality;5097;Brissago;21;Tessin;371;264;645;1189
2026-06-14;6860;Volksinitiative «Keine 10-Millionen-Schweiz! (Nachhaltigkeitsinitiative)»;municipality;5108;Gordola;21;Tessin;872;741;1638;3358
2026-06-14;6860;Volksinitiative «Keine 10-Millionen-Schweiz! (Nachhaltigkeitsinitiative)»;municipality;5112;Lavertezzo;21;Tessin;205;149;357;726
2026-06-14;6860;Volksinitiative «Keine 10-Millionen-Schweiz! (Nachhaltigkeitsinitiative)»;municipality;5113;Locarno;21;Tessin;1961;2297;4276;9411
2026-06-14;6860;Volksinitiative «Keine 10-Millionen-Schweiz! (Nachhaltigkeitsinitiative)»;municipality;5115;Losone;21;Tessin;1036;1042;2118;4325
2026-06-14;6860;Volksinitiative «Keine 10-Millionen-Schweiz! (Nachhaltigkeitsinitiative)»;municipality;5117;Mergoscia;21;Tessin;44;55;100;163
2026-06-14;6860;Volksinitiative «Keine 10-Millionen-Schweiz! (Nachhaltigkeitsinitiative)»;municipality;5118;Minusio;21;Tessin;1235;1421;2705;4910
2026-06-14;6860;Volksinitiative «Keine 10-Millionen-Schweiz! (Nachhaltigkeitsinitiative)»;municipality;5120;Muralto;21;Tessin;425;451;885;1704
2026-06-14;6860;Volksinitiative «Keine 10-Millionen-Schweiz! (Nachhaltigkeitsinitiative)»;municipality;5121;Orselina;21;Tessin;128;174;309;525
2026-06-14;6860;Volksinitiative «Keine 10-Millionen-Schweiz! (Nachhaltigkeitsinitiative)»;municipality;5125;Ronco sopra Ascona;21;Tessin;105;121;227;383
2026-06-14;6860;Volksinitiative «Keine 10-Millionen-Schweiz! (Nachhaltigkeitsinitiative)»;municipality;5131;Tenero-Contra;21;Tessin;570;486;1087;2164
2026-06-14;6860;Volksinitiative «Keine 10-Millionen-Schweiz! (Nachhaltigkeitsinitiative)»;municipality;5136;Onsernone;21;Tessin;144;180;331;797
2026-06-14;6860;Volksinitiative «Keine 10-Millionen-Schweiz! (Nachhaltigkeitsinitiative)»;municipality;5138;Cugnasco-Gerra;21;Tessin;543;500;1068;2062
2026-06-14;6860;Volksinitiative «Keine 10-Millionen-Schweiz! (Nachhaltigkeitsinitiative)»;municipality;5141;Agno;21;Tessin;693;577;1283;2724
2026-06-14;6860;Volksinitiative «Keine 10-Millionen-Schweiz! (Nachhaltigkeitsinitiative)»;municipality;5143;Aranno;21;Tessin;51;85;138;243
2026-06-14;6860;Volksinitiative «Keine 10-Millionen-Schweiz! (Nachhaltigkeitsinitiative)»;municipality;5144;Arogno;21;Tessin;164;200;374;741
2026-06-14;6860;Volksinitiative «Keine 10-Millionen-Schweiz! (Nachhaltigkeitsinitiative)»;municipality;5148;Bedano;21;Tessin;295;269;572;1051
2026-06-14;6860;Volksinitiative «Keine 10-Millionen-Schweiz! (Nachhaltigkeitsinitiative)»;municipality;5151;Bioggio;21;Tessin;570;447;1028;1984
2026-06-14;6860;Volksinitiative «Keine 10-Millionen-Schweiz! (Nachhaltigkeitsinitiative)»;municipality;5154;Bissone;21;Tessin;157;109;273;489
2026-06-14;6860;Volksinitiative «Keine 10-Millionen-Schweiz! (Nachhaltigkeitsinitiative)»;municipality;5160;Brusino Arsizio;21;Tessin;112;92;211;353
2026-06-14;6860;Volksinitiative «Keine 10-Millionen-Schweiz! (Nachhaltigkeitsinitiative)»;municipality;5161;Cademario;21;Tessin;176;137;316;558
2026-06-14;6860;Volksinitiative «Keine 10-Millionen-Schweiz! (Nachhaltigkeitsinitiative)»;municipality;5162;Cadempino;21;Tessin;281;252;541;1009
2026-06-14;6860;Volksinitiative «Keine 10-Millionen-Schweiz! (Nachhaltigkeitsinitiative)»;municipality;5167;Canobbio;21;Tessin;405;355;786;1474
2026-06-14;6860;Volksinitiative «Keine 10-Millionen-Schweiz! (Nachhaltigkeitsinitiative)»;municipality;5171;Caslano;21;Tessin;810;692;1532;2814
2026-06-14;6860;Volksinitiative «Keine 10-Millionen-Schweiz! (Nachhaltigkeitsinitiative)»;municipality;5176;Comano;21;Tessin;406;566;981;1577
2026-06-14;6860;Volksinitiative «Keine 10-Millionen-Schweiz! (Nachhaltigkeitsinitiative)»;municipality;5180;Cureglia;21;Tessin;300;297;614;1056
2026-06-14;6860;Volksinitiative «Keine 10-Millionen-Schweiz! (Nachhaltigkeitsinitiative)»;municipality;5186;Grancia;21;Tessin;88;45;134;287
2026-06-14;6860;Volksinitiative «Keine 10-Millionen-Schweiz! (Nachhaltigkeitsinitiative)»;municipality;5187;Gravesano;21;Tessin;262;207;478;914
2026-06-14;6860;Volksinitiative «Keine 10-Millionen-Schweiz! (Nachhaltigkeitsinitiative)»;municipality;5189;Lamone;21;Tessin;250;232;484;974
2026-06-14;6860;Volksinitiative «Keine 10-Millionen-Schweiz! (Nachhaltigkeitsinitiative)»;municipality;5192;Lugano;21;Tessin;8150;8703;17080;34882
2026-06-14;6860;Volksinitiative «Keine 10-Millionen-Schweiz! (Nachhaltigkeitsinitiative)»;municipality;5193;Magliaso;21;Tessin;313;304;621;1120
2026-06-14;6860;Volksinitiative «Keine 10-Millionen-Schweiz! (Nachhaltigkeitsinitiative)»;municipality;5194;Manno;21;Tessin;270;235;519;895
2026-06-14;6860;Volksinitiative «Keine 10-Millionen-Schweiz! (Nachhaltigkeitsinitiative)»;municipality;5196;Massagno;21;Tessin;646;1028;1687;3433
2026-06-14;6860;Volksinitiative «Keine 10-Millionen-Schweiz! (Nachhaltigkeitsinitiative)»;municipality;5198;Melide;21;Tessin;261;283;553;1003
2026-06-14;6860;Volksinitiative «Keine 10-Millionen-Schweiz! (Nachhaltigkeitsinitiative)»;municipality;5199;Mezzovico-Vira;21;Tessin;357;198;559;990
2026-06-14;6860;Volksinitiative «Keine 10-Millionen-Schweiz! (Nachhaltigkeitsinitiative)»;municipality;5203;Morcote;21;Tessin;118;106;225;376
2026-06-14;6860;Volksinitiative «Keine 10-Millionen-Schweiz! (Nachhaltigkeitsinitiative)»;municipality;5205;Muzzano;21;Tessin;193;153;348;571
2026-06-14;6860;Volksinitiative «Keine 10-Millionen-Schweiz! (Nachhaltigkeitsinitiative)»;municipality;5206;Neggio;21;Tessin;71;78;150;253
2026-06-14;6860;Volksinitiative «Keine 10-Millionen-Schweiz! (Nachhaltigkeitsinitiative)»;municipality;5208;Origlio;21;Tessin;298;358;664;1073
2026-06-14;6860;Volksinitiative «Keine 10-Millionen-Schweiz! (Nachhaltigkeitsinitiative)»;municipality;5210;Paradiso;21;Tessin;402;426;846;1781
2026-06-14;6860;Volksinitiative «Keine 10-Millionen-Schweiz! (Nachhaltigkeitsinitiative)»;municipality;5212;Ponte Capriasca;21;Tessin;322;404;740;1328
2026-06-14;6860;Volksinitiative «Keine 10-Millionen-Schweiz! (Nachhaltigkeitsinitiative)»;municipality;5214;Porza;21;Tessin;279;323;606;1093
2026-06-14;6860;Volksinitiative «Keine 10-Millionen-Schweiz! (Nachhaltigkeitsinitiative)»;municipality;5216;Pura;21;Tessin;281;270;556;969
2026-06-14;6860;Volksinitiative «Keine 10-Millionen-Schweiz! (Nachhaltigkeitsinitiative)»;municipality;5221;Savosa;21;Tessin;318;389;721;1358
2026-06-14;6860;Volksinitiative «Keine 10-Millionen-Schweiz! (Nachhaltigkeitsinitiative)»;municipality;5225;Sorengo;21;Tessin;309;415;733;1247
2026-06-14;6860;Volksinitiative «Keine 10-Millionen-Schweiz! (Nachhaltigkeitsinitiative)»;municipality;5226;Capriasca;21;Tessin;1248;1437;2739;5119
2026-06-14;6860;Volksinitiative «Keine 10-Millionen-Schweiz! (Nachhaltigkeitsinitiative)»;municipality;5227;Torricella-Taverne;21;Tessin;502;412;931;1909
2026-06-14;6860;Volksinitiative «Keine 10-Millionen-Schweiz! (Nachhaltigkeitsinitiative)»;municipality;5230;Vernate;21;Tessin;112;132;247;447
2026-06-14;6860;Volksinitiative «Keine 10-Millionen-Schweiz! (Nachhaltigkeitsinitiative)»;municipality;5231;Vezia;21;Tessin;323;336;671;1260
2026-06-14;6860;Volksinitiative «Keine 10-Millionen-Schweiz! (Nachhaltigkeitsinitiative)»;municipality;5233;Vico Morcote;21;Tessin;69;62;132;216
2026-06-14;6860;Volksinitiative «Keine 10-Millionen-Schweiz! (Nachhaltigkeitsinitiative)»;municipality;5236;Collina d'Oro;21;Tessin;745;883;1643;2818
2026-06-14;6860;Volksinitiative «Keine 10-Millionen-Schweiz! (Nachhaltigkeitsinitiative)»;municipality;5237;Alto Malcantone;21;Tessin;281;299;592;1144
2026-06-14;6860;Volksinitiative «Keine 10-Millionen-Schweiz! (Nachhaltigkeitsinitiative)»;municipality;5238;Monteceneri;21;Tessin;1011;597;1637;3224
2026-06-14;6860;Volksinitiative «Keine 10-Millionen-Schweiz! (Nachhaltigkeitsinitiative)»;municipality;5239;Tresa;21;Tessin;635;509;1157;2275
2026-06-14;6860;Volksinitiative «Keine 10-Millionen-Schweiz! (Nachhaltigkeitsinitiative)»;municipality;5240;Val Mara;21;Tessin;513;449;980;1852
2026-06-14;6860;Volksinitiative «Keine 10-Millionen-Schweiz! (Nachhaltigkeitsinitiative)»;municipality;5242;Balerna;21;Tessin;512;534;1068;2211
2026-06-14;6860;Volksinitiative «Keine 10-Millionen-Schweiz! (Nachhaltigkeitsinitiative)»;municipality;5249;Castel San Pietro;21;Tessin;493;466;974;1762
2026-06-14;6860;Volksinitiative «Keine 10-Millionen-Schweiz! (Nachhaltigkeitsinitiative)»;municipality;5250;Chiasso;21;Tessin;908;920;1852;4175
2026-06-14;6860;Volksinitiative «Keine 10-Millionen-Schweiz! (Nachhaltigkeitsinitiative)»;municipality;5251;Coldrerio;21;Tessin;544;480;1040;2103
2026-06-14;6860;Volksinitiative «Keine 10-Millionen-Schweiz! (Nachhaltigkeitsinitiative)»;municipality;5254;Mendrisio;21;Tessin;2633;2765;5467;10517
2026-06-14;6860;Volksinitiative «Keine 10-Millionen-Schweiz! (Nachhaltigkeitsinitiative)»;municipality;5257;Morbio Inferiore;21;Tessin;777;757;1556;2870
2026-06-14;6860;Volksinitiative «Keine 10-Millionen-Schweiz! (Nachhaltigkeitsinitiative)»;municipality;5260;Novazzano;21;Tessin;518;394;928;1721
2026-06-14;6860;Volksinitiative «Keine 10-Millionen-Schweiz! (Nachhaltigkeitsinitiative)»;municipality;5263;Riva San Vitale;21;Tessin;540;452;1008;1911
2026-06-14;6860;Volksinitiative «Keine 10-Millionen-Schweiz! (Nachhaltigkeitsinitiative)»;municipality;5266;Stabio;21;Tessin;777;760;1564;3131
2026-06-14;6860;Volksinitiative «Keine 10-Millionen-Schweiz! (Nachhaltigkeitsinitiative)»;municipality;5268;Vacallo;21;Tessin;529;552;1109;2192
2026-06-14;6860;Volksinitiative «Keine 10-Millionen-Schweiz! (Nachhaltigkeitsinitiative)»;municipality;5269;Breggia;21;Tessin;388;412;808;1534
2026-06-14;6860;Volksinitiative «Keine 10-Millionen-Schweiz! (Nachhaltigkeitsinitiative)»;municipality;5281;Biasca;21;Tessin;878;591;1495;3309
2026-06-14;6860;Volksinitiative «Keine 10-Millionen-Schweiz! (Nachhaltigkeitsinitiative)»;municipality;5287;Riviera;21;Tessin;642;427;1091;2476
2026-06-14;6860;Volksinitiative «Keine 10-Millionen-Schweiz! (Nachhaltigkeitsinitiative)»;municipality;5304;Bosco/Gurin;21;Tessin;7;17;24;46
2026-06-14;6860;Volksinitiative «Keine 10-Millionen-Schweiz! (Nachhaltigkeitsinitiative)»;municipality;5307;Campo (Vallemaggia);21;Tessin;19;14;34;71
2026-06-14;6860;Volksinitiative «Keine 10-Millionen-Schweiz! (Nachhaltigkeitsinitiative)»;municipality;5309;Cerentino;21;Tessin;10;12;24;46
2026-06-14;6860;Volksinitiative «Keine 10-Millionen-Schweiz! (Nachhaltigkeitsinitiative)»;municipality;5310;Cevio;21;Tessin;185;202;394;807
2026-06-14;6860;Volksinitiative «Keine 10-Millionen-Schweiz! (Nachhaltigkeitsinitiative)»;municipality;5315;Linescio;21;Tessin;10;14;25;38
2026-06-14;6860;Volksinitiative «Keine 10-Millionen-Schweiz! (Nachhaltigkeitsinitiative)»;municipality;5317;Maggia;21;Tessin;481;424;928;1963
2026-06-14;6860;Volksinitiative «Keine 10-Millionen-Schweiz! (Nachhaltigkeitsinitiative)»;municipality;5323;Lavizzara;21;Tessin;117;97;214;429
2026-06-14;6860;Volksinitiative «Keine 10-Millionen-Schweiz! (Nachhaltigkeitsinitiative)»;municipality;5324;Avegno Gordevio;21;Tessin;288;318;621;1126
2026-06-14;6860;Volksinitiative «Keine 10-Millionen-Schweiz! (Nachhaltigkeitsinitiative)»;municipality;5395;Lema;21;Tessin;535;523;1080;2149
2026-06-14;6860;Volksinitiative «Keine 10-Millionen-Schweiz! (Nachhaltigkeitsinitiative)»;municipality;5396;Terre di Pedemonte;21;Tessin;486;661;1158;2105
2026-06-14;6860;Volksinitiative «Keine 10-Millionen-Schweiz! (Nachhaltigkeitsinitiative)»;municipality;5397;Centovalli;21;Tessin;216;216;439;905
2026-06-14;6860;Volksinitiative «Keine 10-Millionen-Schweiz! (Nachhaltigkeitsinitiative)»;municipality;5398;Gambarogno;21;Tessin;783;796;1599;3477
2026-06-14;6860;Volksinitiative «Keine 10-Millionen-Schweiz! (Nachhaltigkeitsinitiative)»;municipality;5399;Verzasca;21;Tessin;182;121;308;675
2026-06-14;6860;Volksinitiative «Keine 10-Millionen-Schweiz! (Nachhaltigkeitsinitiative)»;municipality;5401;Aigle;22;Waadt;1162;1509;2715;5438
2026-06-14;6860;Volksinitiative «Keine 10-Millionen-Schweiz! (Nachhaltigkeitsinitiative)»;municipality;5402;Bex;22;Waadt;961;1290;2280;4605
2026-06-14;6860;Volksinitiative «Keine 10-Millionen-Schweiz! (Nachhaltigkeitsinitiative)»;municipality;5403;Chessel;22;Waadt;108;72;182;312
2026-06-14;6860;Volksinitiative «Keine 10-Millionen-Schweiz! (Nachhaltigkeitsinitiative)»;municipality;5404;Corbeyrier;22;Waadt;107;100;209;348
2026-06-14;6860;Volksinitiative «Keine 10-Millionen-Schweiz! (Nachhaltigkeitsinitiative)»;municipality;5405;Gryon;22;Waadt;184;320;518;886
2026-06-14;6860;Volksinitiative «Keine 10-Millionen-Schweiz! (Nachhaltigkeitsinitiative)»;municipality;5406;Lavey-Morcles;22;Waadt;181;153;335;633
2026-06-14;6860;Volksinitiative «Keine 10-Millionen-Schweiz! (Nachhaltigkeitsinitiative)»;municipality;5407;Leysin;22;Waadt;280;538;828;1510
2026-06-14;6860;Volksinitiative «Keine 10-Millionen-Schweiz! (Nachhaltigkeitsinitiative)»;municipality;5408;Noville;22;Waadt;200;197;398;733
2026-06-14;6860;Volksinitiative «Keine 10-Millionen-Schweiz! (Nachhaltigkeitsinitiative)»;municipality;5409;Ollon;22;Waadt;1080;1612;2728;4387
2026-06-14;6860;Volksinitiative «Keine 10-Millionen-Schweiz! (Nachhaltigkeitsinitiative)»;municipality;5410;Ormont-Dessous;22;Waadt;241;216;465;815
2026-06-14;6860;Volksinitiative «Keine 10-Millionen-Schweiz! (Nachhaltigkeitsinitiative)»;municipality;5411;Ormont-Dessus;22;Waadt;250;299;554;921
2026-06-14;6860;Volksinitiative «Keine 10-Millionen-Schweiz! (Nachhaltigkeitsinitiative)»;municipality;5412;Rennaz;22;Waadt;113;134;249;507
2026-06-14;6860;Volksinitiative «Keine 10-Millionen-Schweiz! (Nachhaltigkeitsinitiative)»;municipality;5413;Roche (VD);22;Waadt;228;221;455;998
2026-06-14;6860;Volksinitiative «Keine 10-Millionen-Schweiz! (Nachhaltigkeitsinitiative)»;municipality;5414;Villeneuve (VD);22;Waadt;567;769;1350;2817
2026-06-14;6860;Volksinitiative «Keine 10-Millionen-Schweiz! (Nachhaltigkeitsinitiative)»;municipality;5415;Yvorne;22;Waadt;173;215;393;814
2026-06-14;6860;Volksinitiative «Keine 10-Millionen-Schweiz! (Nachhaltigkeitsinitiative)»;municipality;5422;Aubonne;22;Waadt;493;921;1441;2648
2026-06-14;6860;Volksinitiative «Keine 10-Millionen-Schweiz! (Nachhaltigkeitsinitiative)»;municipality;5423;Ballens;22;Waadt;104;122;232;386
2026-06-14;6860;Volksinitiative «Keine 10-Millionen-Schweiz! (Nachhaltigkeitsinitiative)»;municipality;5424;Berolle;22;Waadt;55;73;131;201
2026-06-14;6860;Volksinitiative «Keine 10-Millionen-Schweiz! (Nachhaltigkeitsinitiative)»;municipality;5425;Bière;22;Waadt;269;205;477;900
2026-06-14;6860;Volksinitiative «Keine 10-Millionen-Schweiz! (Nachhaltigkeitsinitiative)»;municipality;5426;Bougy-Villars;22;Waadt;72;126;201;297
2026-06-14;6860;Volksinitiative «Keine 10-Millionen-Schweiz! (Nachhaltigkeitsinitiative)»;municipality;5427;Féchy;22;Waadt;116;218;336;518
2026-06-14;6860;Volksinitiative «Keine 10-Millionen-Schweiz! (Nachhaltigkeitsinitiative)»;municipality;5428;Gimel;22;Waadt;299;366;673;1369
2026-06-14;6860;Volksinitiative «Keine 10-Millionen-Schweiz! (Nachhaltigkeitsinitiative)»;municipality;5429;Longirod;22;Waadt;95;115;216;361
2026-06-14;6860;Volksinitiative «Keine 10-Millionen-Schweiz! (Nachhaltigkeitsinitiative)»;municipality;5430;Marchissy;22;Waadt;77;132;211;334
2026-06-14;6860;Volksinitiative «Keine 10-Millionen-Schweiz! (Nachhaltigkeitsinitiative)»;municipality;5431;Mollens (VD);22;Waadt;68;60;133;218
2026-06-14;6860;Volksinitiative «Keine 10-Millionen-Schweiz! (Nachhaltigkeitsinitiative)»;municipality;5434;Saint-George;22;Waadt;171;217;390;677
2026-06-14;6860;Volksinitiative «Keine 10-Millionen-Schweiz! (Nachhaltigkeitsinitiative)»;municipality;5435;Saint-Livres;22;Waadt;119;174;299;480
2026-06-14;6860;Volksinitiative «Keine 10-Millionen-Schweiz! (Nachhaltigkeitsinitiative)»;municipality;5436;Saint-Oyens;22;Waadt;78;101;183;286
2026-06-14;6860;Volksinitiative «Keine 10-Millionen-Schweiz! (Nachhaltigkeitsinitiative)»;municipality;5437;Saubraz;22;Waadt;63;79;143;258
2026-06-14;6860;Volksinitiative «Keine 10-Millionen-Schweiz! (Nachhaltigkeitsinitiative)»;municipality;5451;Avenches;22;Waadt;559;548;1119;2308
2026-06-14;6860;Volksinitiative «Keine 10-Millionen-Schweiz! (Nachhaltigkeitsinitiative)»;municipality;5456;Cudrefin;22;Waadt;315;371;689;1263
2026-06-14;6860;Volksinitiative «Keine 10-Millionen-Schweiz! (Nachhaltigkeitsinitiative)»;municipality;5458;Faoug;22;Waadt;130;181;312;568
2026-06-14;6860;Volksinitiative «Keine 10-Millionen-Schweiz! (Nachhaltigkeitsinitiative)»;municipality;5464;Vully-les-Lacs;22;Waadt;613;691;1320;2415
2026-06-14;6860;Volksinitiative «Keine 10-Millionen-Schweiz! (Nachhaltigkeitsinitiative)»;municipality;5471;Bettens;22;Waadt;129;98;231;403
2026-06-14;6860;Volksinitiative «Keine 10-Millionen-Schweiz! (Nachhaltigkeitsinitiative)»;municipality;5472;Bournens;22;Waadt;105;112;219;380
2026-06-14;6860;Volksinitiative «Keine 10-Millionen-Schweiz! (Nachhaltigkeitsinitiative)»;municipality;5473;Boussens;22;Waadt;196;230;430;665
2026-06-14;6860;Volksinitiative «Keine 10-Millionen-Schweiz! (Nachhaltigkeitsinitiative)»;municipality;5474;La Chaux (Cossonay);22;Waadt;68;92;161;309
2026-06-14;6860;Volksinitiative «Keine 10-Millionen-Schweiz! (Nachhaltigkeitsinitiative)»;municipality;5475;Chavannes-le-Veyron;22;Waadt;28;50;80;108
2026-06-14;6860;Volksinitiative «Keine 10-Millionen-Schweiz! (Nachhaltigkeitsinitiative)»;municipality;5476;Chevilly;22;Waadt;59;86;146;227
2026-06-14;6860;Volksinitiative «Keine 10-Millionen-Schweiz! (Nachhaltigkeitsinitiative)»;municipality;5477;Cossonay;22;Waadt;589;1054;1659;2963
2026-06-14;6860;Volksinitiative «Keine 10-Millionen-Schweiz! (Nachhaltigkeitsinitiative)»;municipality;5479;Cuarnens;22;Waadt;88;124;215;366
2026-06-14;6860;Volksinitiative «Keine 10-Millionen-Schweiz! (Nachhaltigkeitsinitiative)»;municipality;5480;Daillens;22;Waadt;156;267;428;702
2026-06-14;6860;Volksinitiative «Keine 10-Millionen-Schweiz! (Nachhaltigkeitsinitiative)»;municipality;5481;Dizy;22;Waadt;49;52;104;161
2026-06-14;6860;Volksinitiative «Keine 10-Millionen-Schweiz! (Nachhaltigkeitsinitiative)»;municipality;5482;Eclépens;22;Waadt;151;263;419;712
2026-06-14;6860;Volksinitiative «Keine 10-Millionen-Schweiz! (Nachhaltigkeitsinitiative)»;municipality;5483;Ferreyres;22;Waadt;48;86;140;224
2026-06-14;6860;Volksinitiative «Keine 10-Millionen-Schweiz! (Nachhaltigkeitsinitiative)»;municipality;5484;Gollion;22;Waadt;169;238;415;695
2026-06-14;6860;Volksinitiative «Keine 10-Millionen-Schweiz! (Nachhaltigkeitsinitiative)»;municipality;5485;Grancy;22;Waadt;69;122;192;333
2026-06-14;6860;Volksinitiative «Keine 10-Millionen-Schweiz! (Nachhaltigkeitsinitiative)»;municipality;5486;L'Isle;22;Waadt;197;226;429;762
2026-06-14;6860;Volksinitiative «Keine 10-Millionen-Schweiz! (Nachhaltigkeitsinitiative)»;municipality;5487;Lussery-Villars;22;Waadt;61;109;170;320
2026-06-14;6860;Volksinitiative «Keine 10-Millionen-Schweiz! (Nachhaltigkeitsinitiative)»;municipality;5488;Mauraz;22;Waadt;14;20;34;44
2026-06-14;6860;Volksinitiative «Keine 10-Millionen-Schweiz! (Nachhaltigkeitsinitiative)»;municipality;5489;Mex (VD);22;Waadt;124;139;266;498
2026-06-14;6860;Volksinitiative «Keine 10-Millionen-Schweiz! (Nachhaltigkeitsinitiative)»;municipality;5490;Moiry;22;Waadt;49;87;137;212
2026-06-14;6860;Volksinitiative «Keine 10-Millionen-Schweiz! (Nachhaltigkeitsinitiative)»;municipality;5491;Mont-la-Ville;22;Waadt;91;106;199;337
2026-06-14;6860;Volksinitiative «Keine 10-Millionen-Schweiz! (Nachhaltigkeitsinitiative)»;municipality;5492;Montricher;22;Waadt;177;216;405;649
2026-06-14;6860;Volksinitiative «Keine 10-Millionen-Schweiz! (Nachhaltigkeitsinitiative)»;municipality;5493;Orny;22;Waadt;76;115;193;342
2026-06-14;6860;Volksinitiative «Keine 10-Millionen-Schweiz! (Nachhaltigkeitsinitiative)»;municipality;5495;Penthalaz;22;Waadt;394;561;960;1843
2026-06-14;6860;Volksinitiative «Keine 10-Millionen-Schweiz! (Nachhaltigkeitsinitiative)»;municipality;5496;Penthaz;22;Waadt;254;323;582;1120
2026-06-14;6860;Volksinitiative «Keine 10-Millionen-Schweiz! (Nachhaltigkeitsinitiative)»;municipality;5497;Pompaples;22;Waadt;117;166;291;526
2026-06-14;6860;Volksinitiative «Keine 10-Millionen-Schweiz! (Nachhaltigkeitsinitiative)»;municipality;5498;La Sarraz;22;Waadt;242;511;763;1480
2026-06-14;6860;Volksinitiative «Keine 10-Millionen-Schweiz! (Nachhaltigkeitsinitiative)»;municipality;5499;Senarclens;22;Waadt;94;93;191;330
2026-06-14;6860;Volksinitiative «Keine 10-Millionen-Schweiz! (Nachhaltigkeitsinitiative)»;municipality;5501;Sullens;22;Waadt;234;236;476;787
2026-06-14;6860;Volksinitiative «Keine 10-Millionen-Schweiz! (Nachhaltigkeitsinitiative)»;municipality;5503;Vufflens-la-Ville;22;Waadt;229;362;596;898
2026-06-14;6860;Volksinitiative «Keine 10-Millionen-Schweiz! (Nachhaltigkeitsinitiative)»;municipality;5511;Assens;22;Waadt;295;357;661;1156
2026-06-14;6860;Volksinitiative «Keine 10-Millionen-Schweiz! (Nachhaltigkeitsinitiative)»;municipality;5512;Bercher;22;Waadt;224;279;510;892
2026-06-14;6860;Volksinitiative «Keine 10-Millionen-Schweiz! (Nachhaltigkeitsinitiative)»;municipality;5514;Bottens;22;Waadt;227;237;472;857
2026-06-14;6860;Volksinitiative «Keine 10-Millionen-Schweiz! (Nachhaltigkeitsinitiative)»;municipality;5515;Bretigny-sur-Morrens;22;Waadt;134;196;334;559
2026-06-14;6860;Volksinitiative «Keine 10-Millionen-Schweiz! (Nachhaltigkeitsinitiative)»;municipality;5516;Cugy (VD);22;Waadt;344;636;999;1715
2026-06-14;6860;Volksinitiative «Keine 10-Millionen-Schweiz! (Nachhaltigkeitsinitiative)»;municipality;5518;Echallens;22;Waadt;831;1349;2216;4081
2026-06-14;6860;Volksinitiative «Keine 10-Millionen-Schweiz! (Nachhaltigkeitsinitiative)»;municipality;5520;Essertines-sur-Yverdon;22;Waadt;196;174;374;744
2026-06-14;6860;Volksinitiative «Keine 10-Millionen-Schweiz! (Nachhaltigkeitsinitiative)»;municipality;5521;Etagnières;22;Waadt;150;290;445;732
2026-06-14;6860;Volksinitiative «Keine 10-Millionen-Schweiz! (Nachhaltigkeitsinitiative)»;municipality;5522;Fey;22;Waadt;127;170;299;530
2026-06-14;6860;Volksinitiative «Keine 10-Millionen-Schweiz! (Nachhaltigkeitsinitiative)»;municipality;5523;Froideville;22;Waadt;455;591;1057;1709
2026-06-14;6860;Volksinitiative «Keine 10-Millionen-Schweiz! (Nachhaltigkeitsinitiative)»;municipality;5527;Morrens (VD);22;Waadt;180;293;475;759
2026-06-14;6860;Volksinitiative «Keine 10-Millionen-Schweiz! (Nachhaltigkeitsinitiative)»;municipality;5529;Oulens-sous-Echallens;22;Waadt;133;149;285;421
2026-06-14;6860;Volksinitiative «Keine 10-Millionen-Schweiz! (Nachhaltigkeitsinitiative)»;municipality;5530;Pailly;22;Waadt;139;98;241;387
2026-06-14;6860;Volksinitiative «Keine 10-Millionen-Schweiz! (Nachhaltigkeitsinitiative)»;municipality;5531;Penthéréaz;22;Waadt;87;99;188;325
2026-06-14;6860;Volksinitiative «Keine 10-Millionen-Schweiz! (Nachhaltigkeitsinitiative)»;municipality;5533;Poliez-Pittet;22;Waadt;137;159;302;524
2026-06-14;6860;Volksinitiative «Keine 10-Millionen-Schweiz! (Nachhaltigkeitsinitiative)»;municipality;5534;Rueyres;22;Waadt;68;80;149;212
2026-06-14;6860;Volksinitiative «Keine 10-Millionen-Schweiz! (Nachhaltigkeitsinitiative)»;municipality;5535;Saint-Barthélemy (VD);22;Waadt;165;173;343;538
2026-06-14;6860;Volksinitiative «Keine 10-Millionen-Schweiz! (Nachhaltigkeitsinitiative)»;municipality;5537;Villars-le-Terroir;22;Waadt;234;259;497;886
2026-06-14;6860;Volksinitiative «Keine 10-Millionen-Schweiz! (Nachhaltigkeitsinitiative)»;municipality;5539;Vuarrens;22;Waadt;203;198;406;710
2026-06-14;6860;Volksinitiative «Keine 10-Millionen-Schweiz! (Nachhaltigkeitsinitiative)»;municipality;5540;Montilliez;22;Waadt;378;350;732;1291
2026-06-14;6860;Volksinitiative «Keine 10-Millionen-Schweiz! (Nachhaltigkeitsinitiative)»;municipality;5541;Goumoëns;22;Waadt;225;256;488;814
2026-06-14;6860;Volksinitiative «Keine 10-Millionen-Schweiz! (Nachhaltigkeitsinitiative)»;municipality;5551;Bonvillars;22;Waadt;110;125;239;385
2026-06-14;6860;Volksinitiative «Keine 10-Millionen-Schweiz! (Nachhaltigkeitsinitiative)»;municipality;5552;Bullet;22;Waadt;185;150;344;532
2026-06-14;6860;Volksinitiative «Keine 10-Millionen-Schweiz! (Nachhaltigkeitsinitiative)»;municipality;5553;Champagne;22;Waadt;136;232;377;720
2026-06-14;6860;Volksinitiative «Keine 10-Millionen-Schweiz! (Nachhaltigkeitsinitiative)»;municipality;5554;Concise;22;Waadt;148;224;378;660
2026-06-14;6860;Volksinitiative «Keine 10-Millionen-Schweiz! (Nachhaltigkeitsinitiative)»;municipality;5555;Corcelles-près-Concise;22;Waadt;54;91;147;299
2026-06-14;6860;Volksinitiative «Keine 10-Millionen-Schweiz! (Nachhaltigkeitsinitiative)»;municipality;5556;Fiez;22;Waadt;47;127;176;308
2026-06-14;6860;Volksinitiative «Keine 10-Millionen-Schweiz! (Nachhaltigkeitsinitiative)»;municipality;5557;Fontaines-sur-Grandson;22;Waadt;40;37;78;155
2026-06-14;6860;Volksinitiative «Keine 10-Millionen-Schweiz! (Nachhaltigkeitsinitiative)»;municipality;5559;Giez;22;Waadt;68;121;192;313
2026-06-14;6860;Volksinitiative «Keine 10-Millionen-Schweiz! (Nachhaltigkeitsinitiative)»;municipality;5560;Grandevent;22;Waadt;40;66;107;157
2026-06-14;6860;Volksinitiative «Keine 10-Millionen-Schweiz! (Nachhaltigkeitsinitiative)»;municipality;5561;Grandson;22;Waadt;397;724;1141;2194
2026-06-14;6860;Volksinitiative «Keine 10-Millionen-Schweiz! (Nachhaltigkeitsinitiative)»;municipality;5562;Mauborget;22;Waadt;41;29;70;96
2026-06-14;6860;Volksinitiative «Keine 10-Millionen-Schweiz! (Nachhaltigkeitsinitiative)»;municipality;5563;Mutrux;22;Waadt;22;23;45;94
2026-06-14;6860;Volksinitiative «Keine 10-Millionen-Schweiz! (Nachhaltigkeitsinitiative)»;municipality;5564;Novalles;22;Waadt;23;32;56;76
2026-06-14;6860;Volksinitiative «Keine 10-Millionen-Schweiz! (Nachhaltigkeitsinitiative)»;municipality;5565;Onnens (VD);22;Waadt;88;139;230;369
2026-06-14;6860;Volksinitiative «Keine 10-Millionen-Schweiz! (Nachhaltigkeitsinitiative)»;municipality;5566;Provence;22;Waadt;88;81;172;309
2026-06-14;6860;Volksinitiative «Keine 10-Millionen-Schweiz! (Nachhaltigkeitsinitiative)»;municipality;5568;Sainte-Croix;22;Waadt;864;859;1743;3806
2026-06-14;6860;Volksinitiative «Keine 10-Millionen-Schweiz! (Nachhaltigkeitsinitiative)»;municipality;5571;Tévenon;22;Waadt;149;198;353;583
2026-06-14;6860;Volksinitiative «Keine 10-Millionen-Schweiz! (Nachhaltigkeitsinitiative)»;municipality;5581;Belmont-sur-Lausanne;22;Waadt;447;988;1452;2352
2026-06-14;6860;Volksinitiative «Keine 10-Millionen-Schweiz! (Nachhaltigkeitsinitiative)»;municipality;5582;Cheseaux-sur-Lausanne;22;Waadt;608;990;1615;2942
2026-06-14;6860;Volksinitiative «Keine 10-Millionen-Schweiz! (Nachhaltigkeitsinitiative)»;municipality;5583;Crissier;22;Waadt;822;1418;2281;4934
2026-06-14;6860;Volksinitiative «Keine 10-Millionen-Schweiz! (Nachhaltigkeitsinitiative)»;municipality;5584;Epalinges;22;Waadt;964;2397;3406;5523
2026-06-14;6860;Volksinitiative «Keine 10-Millionen-Schweiz! (Nachhaltigkeitsinitiative)»;municipality;5585;Jouxtens-Mézery;22;Waadt;218;463;685;955
2026-06-14;6860;Volksinitiative «Keine 10-Millionen-Schweiz! (Nachhaltigkeitsinitiative)»;municipality;5586;Lausanne;22;Waadt;8609;26684;35674;67952
2026-06-14;6860;Volksinitiative «Keine 10-Millionen-Schweiz! (Nachhaltigkeitsinitiative)»;municipality;5587;Le Mont-sur-Lausanne;22;Waadt;930;2010;2986;5381
2026-06-14;6860;Volksinitiative «Keine 10-Millionen-Schweiz! (Nachhaltigkeitsinitiative)»;municipality;5588;Paudex;22;Waadt;164;310;483;820
2026-06-14;6860;Volksinitiative «Keine 10-Millionen-Schweiz! (Nachhaltigkeitsinitiative)»;municipality;5589;Prilly;22;Waadt;962;2066;3066;6009
2026-06-14;6860;Volksinitiative «Keine 10-Millionen-Schweiz! (Nachhaltigkeitsinitiative)»;municipality;5590;Pully;22;Waadt;1844;4893;6834;10902
2026-06-14;6860;Volksinitiative «Keine 10-Millionen-Schweiz! (Nachhaltigkeitsinitiative)»;municipality;5591;Renens (VD);22;Waadt;1188;2656;3886;8827
2026-06-14;6860;Volksinitiative «Keine 10-Millionen-Schweiz! (Nachhaltigkeitsinitiative)»;municipality;5592;Romanel-sur-Lausanne;22;Waadt;536;769;1312;2442
2026-06-14;6860;Volksinitiative «Keine 10-Millionen-Schweiz! (Nachhaltigkeitsinitiative)»;municipality;5601;Chexbres;22;Waadt;276;541;824;1430
2026-06-14;6860;Volksinitiative «Keine 10-Millionen-Schweiz! (Nachhaltigkeitsinitiative)»;municipality;5604;Forel (Lavaux);22;Waadt;355;453;813;1337
2026-06-14;6860;Volksinitiative «Keine 10-Millionen-Schweiz! (Nachhaltigkeitsinitiative)»;municipality;5606;Lutry;22;Waadt;1183;2692;3903;6481
2026-06-14;6860;Volksinitiative «Keine 10-Millionen-Schweiz! (Nachhaltigkeitsinitiative)»;municipality;5607;Puidoux;22;Waadt;373;580;965;1660
2026-06-14;6860;Volksinitiative «Keine 10-Millionen-Schweiz! (Nachhaltigkeitsinitiative)»;municipality;5609;Rivaz;22;Waadt;59;102;165;240
2026-06-14;6860;Volksinitiative «Keine 10-Millionen-Schweiz! (Nachhaltigkeitsinitiative)»;municipality;5610;Saint-Saphorin (Lavaux);22;Waadt;52;134;188;276
2026-06-14;6860;Volksinitiative «Keine 10-Millionen-Schweiz! (Nachhaltigkeitsinitiative)»;municipality;5611;Savigny;22;Waadt;480;863;1365;2212
2026-06-14;6860;Volksinitiative «Keine 10-Millionen-Schweiz! (Nachhaltigkeitsinitiative)»;municipality;5613;Bourg-en-Lavaux;22;Waadt;663;1661;2355;3615
2026-06-14;6860;Volksinitiative «Keine 10-Millionen-Schweiz! (Nachhaltigkeitsinitiative)»;municipality;5621;Aclens;22;Waadt;88;115;208;361
2026-06-14;6860;Volksinitiative «Keine 10-Millionen-Schweiz! (Nachhaltigkeitsinitiative)»;municipality;5622;Bremblens;22;Waadt;109;150;261;401
2026-06-14;6860;Volksinitiative «Keine 10-Millionen-Schweiz! (Nachhaltigkeitsinitiative)»;municipality;5623;Buchillon;22;Waadt;99;186;287;430
2026-06-14;6860;Volksinitiative «Keine 10-Millionen-Schweiz! (Nachhaltigkeitsinitiative)»;municipality;5624;Bussigny;22;Waadt;1018;1900;2955;5702
2026-06-14;6860;Volksinitiative «Keine 10-Millionen-Schweiz! (Nachhaltigkeitsinitiative)»;municipality;5627;Chavannes-près-Renens;22;Waadt;490;997;1502;3694
2026-06-14;6860;Volksinitiative «Keine 10-Millionen-Schweiz! (Nachhaltigkeitsinitiative)»;municipality;5628;Chigny;22;Waadt;37;117;155;243
2026-06-14;6860;Volksinitiative «Keine 10-Millionen-Schweiz! (Nachhaltigkeitsinitiative)»;municipality;5629;Clarmont;22;Waadt;36;47;85;148
2026-06-14;6860;Volksinitiative «Keine 10-Millionen-Schweiz! (Nachhaltigkeitsinitiative)»;municipality;5631;Denens;22;Waadt;91;229;321;489
2026-06-14;6860;Volksinitiative «Keine 10-Millionen-Schweiz! (Nachhaltigkeitsinitiative)»;municipality;5632;Denges;22;Waadt;178;430;614;1001
2026-06-14;6860;Volksinitiative «Keine 10-Millionen-Schweiz! (Nachhaltigkeitsinitiative)»;municipality;5633;Echandens;22;Waadt;342;643;995;1813
2026-06-14;6860;Volksinitiative «Keine 10-Millionen-Schweiz! (Nachhaltigkeitsinitiative)»;municipality;5634;Echichens;22;Waadt;400;833;1252;2058
2026-06-14;6860;Volksinitiative «Keine 10-Millionen-Schweiz! (Nachhaltigkeitsinitiative)»;municipality;5635;Ecublens (VD);22;Waadt;1073;1842;2940;5742
2026-06-14;6860;Volksinitiative «Keine 10-Millionen-Schweiz! (Nachhaltigkeitsinitiative)»;municipality;5636;Etoy;22;Waadt;300;681;990;1694
2026-06-14;6860;Volksinitiative «Keine 10-Millionen-Schweiz! (Nachhaltigkeitsinitiative)»;municipality;5637;Lavigny;22;Waadt;116;250;370;605
2026-06-14;6860;Volksinitiative «Keine 10-Millionen-Schweiz! (Nachhaltigkeitsinitiative)»;municipality;5638;Lonay;22;Waadt;363;635;1008;1758
2026-06-14;6860;Volksinitiative «Keine 10-Millionen-Schweiz! (Nachhaltigkeitsinitiative)»;municipality;5639;Lully (VD);22;Waadt;91;259;355;538
2026-06-14;6860;Volksinitiative «Keine 10-Millionen-Schweiz! (Nachhaltigkeitsinitiative)»;municipality;5640;Lussy-sur-Morges;22;Waadt;67;232;302;466
2026-06-14;6860;Volksinitiative «Keine 10-Millionen-Schweiz! (Nachhaltigkeitsinitiative)»;municipality;5642;Morges;22;Waadt;1622;3501;5179;9220
2026-06-14;6860;Volksinitiative «Keine 10-Millionen-Schweiz! (Nachhaltigkeitsinitiative)»;municipality;5643;Préverenges;22;Waadt;559;1110;1683;2952
2026-06-14;6860;Volksinitiative «Keine 10-Millionen-Schweiz! (Nachhaltigkeitsinitiative)»;municipality;5645;Romanel-sur-Morges;22;Waadt;78;120;199;318
2026-06-14;6860;Volksinitiative «Keine 10-Millionen-Schweiz! (Nachhaltigkeitsinitiative)»;municipality;5646;Saint-Prex;22;Waadt;547;1207;1773;3034
2026-06-14;6860;Volksinitiative «Keine 10-Millionen-Schweiz! (Nachhaltigkeitsinitiative)»;municipality;5648;Saint-Sulpice (VD);22;Waadt;484;1013;1511;2291
2026-06-14;6860;Volksinitiative «Keine 10-Millionen-Schweiz! (Nachhaltigkeitsinitiative)»;municipality;5649;Tolochenaz;22;Waadt;205;397;613;1302
2026-06-14;6860;Volksinitiative «Keine 10-Millionen-Schweiz! (Nachhaltigkeitsinitiative)»;municipality;5650;Vaux-sur-Morges;22;Waadt;33;65;99;128
2026-06-14;6860;Volksinitiative «Keine 10-Millionen-Schweiz! (Nachhaltigkeitsinitiative)»;municipality;5651;Villars-Sainte-Croix;22;Waadt;132;159;294;554
2026-06-14;6860;Volksinitiative «Keine 10-Millionen-Schweiz! (Nachhaltigkeitsinitiative)»;municipality;5652;Villars-sous-Yens;22;Waadt;96;157;254;383
2026-06-14;6860;Volksinitiative «Keine 10-Millionen-Schweiz! (Nachhaltigkeitsinitiative)»;municipality;5653;Vufflens-le-Château;22;Waadt;127;238;377;573
2026-06-14;6860;Volksinitiative «Keine 10-Millionen-Schweiz! (Nachhaltigkeitsinitiative)»;municipality;5654;Vullierens;22;Waadt;91;116;207;357
2026-06-14;6860;Volksinitiative «Keine 10-Millionen-Schweiz! (Nachhaltigkeitsinitiative)»;municipality;5655;Yens;22;Waadt;206;341;549;884
2026-06-14;6860;Volksinitiative «Keine 10-Millionen-Schweiz! (Nachhaltigkeitsinitiative)»;municipality;5656;Hautemorges;22;Waadt;629;1019;1668;2860
2026-06-14;6860;Volksinitiative «Keine 10-Millionen-Schweiz! (Nachhaltigkeitsinitiative)»;municipality;5661;Boulens;22;Waadt;68;95;163;261
2026-06-14;6860;Volksinitiative «Keine 10-Millionen-Schweiz! (Nachhaltigkeitsinitiative)»;municipality;5663;Bussy-sur-Moudon;22;Waadt;55;53;110;179
2026-06-14;6860;Volksinitiative «Keine 10-Millionen-Schweiz! (Nachhaltigkeitsinitiative)»;municipality;5665;Chavannes-sur-Moudon;22;Waadt;66;37;104;177
2026-06-14;6860;Volksinitiative «Keine 10-Millionen-Schweiz! (Nachhaltigkeitsinitiative)»;municipality;5669;Curtilles;22;Waadt;54;67;129;215
2026-06-14;6860;Volksinitiative «Keine 10-Millionen-Schweiz! (Nachhaltigkeitsinitiative)»;municipality;5671;Dompierre (VD);22;Waadt;68;41;109;163
2026-06-14;6860;Volksinitiative «Keine 10-Millionen-Schweiz! (Nachhaltigkeitsinitiative)»;municipality;5673;Hermenches;22;Waadt;82;60;146;251
2026-06-14;6860;Volksinitiative «Keine 10-Millionen-Schweiz! (Nachhaltigkeitsinitiative)»;municipality;5674;Lovatens;22;Waadt;30;36;68;117
2026-06-14;6860;Volksinitiative «Keine 10-Millionen-Schweiz! (Nachhaltigkeitsinitiative)»;municipality;5675;Lucens;22;Waadt;528;577;1122;2231
2026-06-14;6860;Volksinitiative «Keine 10-Millionen-Schweiz! (Nachhaltigkeitsinitiative)»;municipality;5678;Moudon;22;Waadt;516;627;1156;4208
2026-06-14;6860;Volksinitiative «Keine 10-Millionen-Schweiz! (Nachhaltigkeitsinitiative)»;municipality;5680;Ogens;22;Waadt;54;73;129;225
2026-06-14;6860;Volksinitiative «Keine 10-Millionen-Schweiz! (Nachhaltigkeitsinitiative)»;municipality;5683;Prévonloup;22;Waadt;44;46;90;172
2026-06-14;6860;Volksinitiative «Keine 10-Millionen-Schweiz! (Nachhaltigkeitsinitiative)»;municipality;5684;Rossenges;22;Waadt;14;20;35;58
2026-06-14;6860;Volksinitiative «Keine 10-Millionen-Schweiz! (Nachhaltigkeitsinitiative)»;municipality;5688;Syens;22;Waadt;19;20;40;89
2026-06-14;6860;Volksinitiative «Keine 10-Millionen-Schweiz! (Nachhaltigkeitsinitiative)»;municipality;5690;Villars-le-Comte;22;Waadt;34;32;69;101
2026-06-14;6860;Volksinitiative «Keine 10-Millionen-Schweiz! (Nachhaltigkeitsinitiative)»;municipality;5692;Vucherens;22;Waadt;93;141;237;404
2026-06-14;6860;Volksinitiative «Keine 10-Millionen-Schweiz! (Nachhaltigkeitsinitiative)»;municipality;5693;Montanaire;22;Waadt;519;569;1099;1923
2026-06-14;6860;Volksinitiative «Keine 10-Millionen-Schweiz! (Nachhaltigkeitsinitiative)»;municipality;5701;Arnex-sur-Nyon;22;Waadt;33;56;90;178
2026-06-14;6860;Volksinitiative «Keine 10-Millionen-Schweiz! (Nachhaltigkeitsinitiative)»;municipality;5702;Arzier-Le Muids;22;Waadt;401;666;1071;1708
2026-06-14;6860;Volksinitiative «Keine 10-Millionen-Schweiz! (Nachhaltigkeitsinitiative)»;municipality;5703;Bassins;22;Waadt;192;335;539;878
2026-06-14;6860;Volksinitiative «Keine 10-Millionen-Schweiz! (Nachhaltigkeitsinitiative)»;municipality;5704;Begnins;22;Waadt;236;465;705;1220
2026-06-14;6860;Volksinitiative «Keine 10-Millionen-Schweiz! (Nachhaltigkeitsinitiative)»;municipality;5705;Bogis-Bossey;22;Waadt;83;234;320;493
2026-06-14;6860;Volksinitiative «Keine 10-Millionen-Schweiz! (Nachhaltigkeitsinitiative)»;municipality;5706;Borex;22;Waadt;153;297;451;710
2026-06-14;6860;Volksinitiative «Keine 10-Millionen-Schweiz! (Nachhaltigkeitsinitiative)»;municipality;5707;Chavannes-de-Bogis;22;Waadt;165;214;384;668
2026-06-14;6860;Volksinitiative «Keine 10-Millionen-Schweiz! (Nachhaltigkeitsinitiative)»;municipality;5708;Chavannes-des-Bois;22;Waadt;117;183;302;488
2026-06-14;6860;Volksinitiative «Keine 10-Millionen-Schweiz! (Nachhaltigkeitsinitiative)»;municipality;5709;Chéserex;22;Waadt;187;303;497;781
2026-06-14;6860;Volksinitiative «Keine 10-Millionen-Schweiz! (Nachhaltigkeitsinitiative)»;municipality;5710;Coinsins;22;Waadt;79;108;193;317
2026-06-14;6860;Volksinitiative «Keine 10-Millionen-Schweiz! (Nachhaltigkeitsinitiative)»;municipality;5711;Commugny;22;Waadt;276;657;941;1468
2026-06-14;6860;Volksinitiative «Keine 10-Millionen-Schweiz! (Nachhaltigkeitsinitiative)»;municipality;5712;Coppet;22;Waadt;312;702;1025;2056
2026-06-14;6860;Volksinitiative «Keine 10-Millionen-Schweiz! (Nachhaltigkeitsinitiative)»;municipality;5713;Crans (VD);22;Waadt;303;565;877;1360
2026-06-14;6860;Volksinitiative «Keine 10-Millionen-Schweiz! (Nachhaltigkeitsinitiative)»;municipality;5714;Crassier;22;Waadt;177;283;464;757
2026-06-14;6860;Volksinitiative «Keine 10-Millionen-Schweiz! (Nachhaltigkeitsinitiative)»;municipality;5715;Duillier;22;Waadt;155;271;434;695
2026-06-14;6860;Volksinitiative «Keine 10-Millionen-Schweiz! (Nachhaltigkeitsinitiative)»;municipality;5716;Eysins;22;Waadt;215;378;596;966
2026-06-14;6860;Volksinitiative «Keine 10-Millionen-Schweiz! (Nachhaltigkeitsinitiative)»;municipality;5717;Founex;22;Waadt;358;718;1095;1761
2026-06-14;6860;Volksinitiative «Keine 10-Millionen-Schweiz! (Nachhaltigkeitsinitiative)»;municipality;5718;Genolier;22;Waadt;298;464;777;1190
2026-06-14;6860;Volksinitiative «Keine 10-Millionen-Schweiz! (Nachhaltigkeitsinitiative)»;municipality;5719;Gingins;22;Waadt;162;319;484;788
2026-06-14;6860;Volksinitiative «Keine 10-Millionen-Schweiz! (Nachhaltigkeitsinitiative)»;municipality;5720;Givrins;22;Waadt;137;312;459;697
2026-06-14;6860;Volksinitiative «Keine 10-Millionen-Schweiz! (Nachhaltigkeitsinitiative)»;municipality;5721;Gland;22;Waadt;1502;2494;4051;7303
2026-06-14;6860;Volksinitiative «Keine 10-Millionen-Schweiz! (Nachhaltigkeitsinitiative)»;municipality;5722;Grens;22;Waadt;54;113;167;252
2026-06-14;6860;Volksinitiative «Keine 10-Millionen-Schweiz! (Nachhaltigkeitsinitiative)»;municipality;5723;Mies;22;Waadt;192;445;643;1094
2026-06-14;6860;Volksinitiative «Keine 10-Millionen-Schweiz! (Nachhaltigkeitsinitiative)»;municipality;5724;Nyon;22;Waadt;1765;4270;6122;11365
2026-06-14;6860;Volksinitiative «Keine 10-Millionen-Schweiz! (Nachhaltigkeitsinitiative)»;municipality;5725;Prangins;22;Waadt;461;1023;1510;2428
2026-06-14;6860;Volksinitiative «Keine 10-Millionen-Schweiz! (Nachhaltigkeitsinitiative)»;municipality;5726;La Rippe;22;Waadt;145;303;454;722
2026-06-14;6860;Volksinitiative «Keine 10-Millionen-Schweiz! (Nachhaltigkeitsinitiative)»;municipality;5727;Saint-Cergue;22;Waadt;368;466;850;1674
2026-06-14;6860;Volksinitiative «Keine 10-Millionen-Schweiz! (Nachhaltigkeitsinitiative)»;municipality;5728;Signy-Avenex;22;Waadt;90;124;216;359
2026-06-14;6860;Volksinitiative «Keine 10-Millionen-Schweiz! (Nachhaltigkeitsinitiative)»;municipality;5729;Tannay;22;Waadt;165;420;591;923
2026-06-14;6860;Volksinitiative «Keine 10-Millionen-Schweiz! (Nachhaltigkeitsinitiative)»;municipality;5730;Trélex;22;Waadt;206;388;598;908
2026-06-14;6860;Volksinitiative «Keine 10-Millionen-Schweiz! (Nachhaltigkeitsinitiative)»;municipality;5731;Le Vaud;22;Waadt;195;380;583;907
2026-06-14;6860;Volksinitiative «Keine 10-Millionen-Schweiz! (Nachhaltigkeitsinitiative)»;municipality;5732;Vich;22;Waadt;119;262;386;665
2026-06-14;6860;Volksinitiative «Keine 10-Millionen-Schweiz! (Nachhaltigkeitsinitiative)»;municipality;5741;L'Abergement;22;Waadt;71;79;152;197
2026-06-14;6860;Volksinitiative «Keine 10-Millionen-Schweiz! (Nachhaltigkeitsinitiative)»;municipality;5742;Agiez;22;Waadt;56;74;131;237
2026-06-14;6860;Volksinitiative «Keine 10-Millionen-Schweiz! (Nachhaltigkeitsinitiative)»;municipality;5743;Arnex-sur-Orbe;22;Waadt;112;180;293;475
2026-06-14;6860;Volksinitiative «Keine 10-Millionen-Schweiz! (Nachhaltigkeitsinitiative)»;municipality;5744;Ballaigues;22;Waadt;197;202;407;734
2026-06-14;6860;Volksinitiative «Keine 10-Millionen-Schweiz! (Nachhaltigkeitsinitiative)»;municipality;5745;Baulmes;22;Waadt;182;257;449;769
2026-06-14;6860;Volksinitiative «Keine 10-Millionen-Schweiz! (Nachhaltigkeitsinitiative)»;municipality;5746;Bavois;22;Waadt;173;186;367;690
2026-06-14;6860;Volksinitiative «Keine 10-Millionen-Schweiz! (Nachhaltigkeitsinitiative)»;municipality;5747;Bofflens;22;Waadt;58;40;101;148
2026-06-14;6860;Volksinitiative «Keine 10-Millionen-Schweiz! (Nachhaltigkeitsinitiative)»;municipality;5748;Bretonnières;22;Waadt;50;71;123;196
2026-06-14;6860;Volksinitiative «Keine 10-Millionen-Schweiz! (Nachhaltigkeitsinitiative)»;municipality;5749;Chavornay;22;Waadt;664;918;1603;3085
2026-06-14;6860;Volksinitiative «Keine 10-Millionen-Schweiz! (Nachhaltigkeitsinitiative)»;municipality;5750;Les Clées;22;Waadt;24;48;74;141
2026-06-14;6860;Volksinitiative «Keine 10-Millionen-Schweiz! (Nachhaltigkeitsinitiative)»;municipality;5752;Croy;22;Waadt;56;118;176;293
2026-06-14;6860;Volksinitiative «Keine 10-Millionen-Schweiz! (Nachhaltigkeitsinitiative)»;municipality;5754;Juriens;22;Waadt;74;78;157;255
2026-06-14;6860;Volksinitiative «Keine 10-Millionen-Schweiz! (Nachhaltigkeitsinitiative)»;municipality;5755;Lignerolle;22;Waadt;85;83;173;274
2026-06-14;6860;Volksinitiative «Keine 10-Millionen-Schweiz! (Nachhaltigkeitsinitiative)»;municipality;5756;Montcherand;22;Waadt;78;105;185;327
2026-06-14;6860;Volksinitiative «Keine 10-Millionen-Schweiz! (Nachhaltigkeitsinitiative)»;municipality;5757;Orbe;22;Waadt;847;1134;2022;4110
2026-06-14;6860;Volksinitiative «Keine 10-Millionen-Schweiz! (Nachhaltigkeitsinitiative)»;municipality;5758;La Praz;22;Waadt;30;64;95;143
2026-06-14;6860;Volksinitiative «Keine 10-Millionen-Schweiz! (Nachhaltigkeitsinitiative)»;municipality;5759;Premier;22;Waadt;63;49;114;176
2026-06-14;6860;Volksinitiative «Keine 10-Millionen-Schweiz! (Nachhaltigkeitsinitiative)»;municipality;5760;Rances;22;Waadt;106;125;237;399
2026-06-14;6860;Volksinitiative «Keine 10-Millionen-Schweiz! (Nachhaltigkeitsinitiative)»;municipality;5761;Romainmôtier-Envy;22;Waadt;79;142;224;386
2026-06-14;6860;Volksinitiative «Keine 10-Millionen-Schweiz! (Nachhaltigkeitsinitiative)»;municipality;5762;Sergey;22;Waadt;36;30;66;111
2026-06-14;6860;Volksinitiative «Keine 10-Millionen-Schweiz! (Nachhaltigkeitsinitiative)»;municipality;5763;Valeyres-sous-Rances;22;Waadt;94;137;236;394
2026-06-14;6860;Volksinitiative «Keine 10-Millionen-Schweiz! (Nachhaltigkeitsinitiative)»;municipality;5764;Vallorbe;22;Waadt;488;518;1017;2259
2026-06-14;6860;Volksinitiative «Keine 10-Millionen-Schweiz! (Nachhaltigkeitsinitiative)»;municipality;5765;Vaulion;22;Waadt;95;92;188;342
2026-06-14;6860;Volksinitiative «Keine 10-Millionen-Schweiz! (Nachhaltigkeitsinitiative)»;municipality;5766;Vuiteboeuf;22;Waadt;93;116;210;398
2026-06-14;6860;Volksinitiative «Keine 10-Millionen-Schweiz! (Nachhaltigkeitsinitiative)»;municipality;5785;Corcelles-le-Jorat;22;Waadt;109;95;207;328
2026-06-14;6860;Volksinitiative «Keine 10-Millionen-Schweiz! (Nachhaltigkeitsinitiative)»;municipality;5790;Maracon;22;Waadt;104;140;249;390
2026-06-14;6860;Volksinitiative «Keine 10-Millionen-Schweiz! (Nachhaltigkeitsinitiative)»;municipality;5792;Montpreveyres;22;Waadt;116;136;256;418
2026-06-14;6860;Volksinitiative «Keine 10-Millionen-Schweiz! (Nachhaltigkeitsinitiative)»;municipality;5798;Ropraz;22;Waadt;90;106;197;321
2026-06-14;6860;Volksinitiative «Keine 10-Millionen-Schweiz! (Nachhaltigkeitsinitiative)»;municipality;5799;Servion;22;Waadt;324;496;833;1433
2026-06-14;6860;Volksinitiative «Keine 10-Millionen-Schweiz! (Nachhaltigkeitsinitiative)»;municipality;5803;Vulliens;22;Waadt;141;136;280;429
2026-06-14;6860;Volksinitiative «Keine 10-Millionen-Schweiz! (Nachhaltigkeitsinitiative)»;municipality;5804;Jorat-Menthue;22;Waadt;255;325;586;1023
2026-06-14;6860;Volksinitiative «Keine 10-Millionen-Schweiz! (Nachhaltigkeitsinitiative)»;municipality;5805;Oron;22;Waadt;979;1156;2170;3844
2026-06-14;6860;Volksinitiative «Keine 10-Millionen-Schweiz! (Nachhaltigkeitsinitiative)»;municipality;5806;Jorat-Mézières;22;Waadt;490;751;1260;2146
2026-06-14;6860;Volksinitiative «Keine 10-Millionen-Schweiz! (Nachhaltigkeitsinitiative)»;municipality;5812;Champtauroz;22;Waadt;45;31;78;125
2026-06-14;6860;Volksinitiative «Keine 10-Millionen-Schweiz! (Nachhaltigkeitsinitiative)»;municipality;5813;Chevroux;22;Waadt;127;86;217;339
2026-06-14;6860;Volksinitiative «Keine 10-Millionen-Schweiz! (Nachhaltigkeitsinitiative)»;municipality;5816;Corcelles-près-Payerne;22;Waadt;455;376;837;1584
2026-06-14;6860;Volksinitiative «Keine 10-Millionen-Schweiz! (Nachhaltigkeitsinitiative)»;municipality;5817;Grandcour;22;Waadt;175;154;332;627
2026-06-14;6860;Volksinitiative «Keine 10-Millionen-Schweiz! (Nachhaltigkeitsinitiative)»;municipality;5819;Henniez;22;Waadt;75;47;122;266
2026-06-14;6860;Volksinitiative «Keine 10-Millionen-Schweiz! (Nachhaltigkeitsinitiative)»;municipality;5821;Missy;22;Waadt;57;83;141;235
2026-06-14;6860;Volksinitiative «Keine 10-Millionen-Schweiz! (Nachhaltigkeitsinitiative)»;municipality;5822;Payerne;22;Waadt;1167;1139;2333;4835
2026-06-14;6860;Volksinitiative «Keine 10-Millionen-Schweiz! (Nachhaltigkeitsinitiative)»;municipality;5827;Trey;22;Waadt;71;51;122;202
2026-06-14;6860;Volksinitiative «Keine 10-Millionen-Schweiz! (Nachhaltigkeitsinitiative)»;municipality;5828;Treytorrens (Payerne);22;Waadt;28;20;48;79
2026-06-14;6860;Volksinitiative «Keine 10-Millionen-Schweiz! (Nachhaltigkeitsinitiative)»;municipality;5830;Villarzel;22;Waadt;80;89;170;305
2026-06-14;6860;Volksinitiative «Keine 10-Millionen-Schweiz! (Nachhaltigkeitsinitiative)»;municipality;5831;Valbroye;22;Waadt;607;523;1140;2046
2026-06-14;6860;Volksinitiative «Keine 10-Millionen-Schweiz! (Nachhaltigkeitsinitiative)»;municipality;5841;Château-d'Oex;22;Waadt;506;552;1070;2051
2026-06-14;6860;Volksinitiative «Keine 10-Millionen-Schweiz! (Nachhaltigkeitsinitiative)»;municipality;5842;Rossinière;22;Waadt;83;86;172;331
2026-06-14;6860;Volksinitiative «Keine 10-Millionen-Schweiz! (Nachhaltigkeitsinitiative)»;municipality;5843;Rougemont;22;Waadt;113;94;209;438
2026-06-14;6860;Volksinitiative «Keine 10-Millionen-Schweiz! (Nachhaltigkeitsinitiative)»;municipality;5851;Allaman;22;Waadt;47;96;147;239
2026-06-14;6860;Volksinitiative «Keine 10-Millionen-Schweiz! (Nachhaltigkeitsinitiative)»;municipality;5852;Bursinel;22;Waadt;77;114;195;313
2026-06-14;6860;Volksinitiative «Keine 10-Millionen-Schweiz! (Nachhaltigkeitsinitiative)»;municipality;5853;Bursins;22;Waadt;99;200;303;493
2026-06-14;6860;Volksinitiative «Keine 10-Millionen-Schweiz! (Nachhaltigkeitsinitiative)»;municipality;5854;Burtigny;22;Waadt;65;89;156;254
2026-06-14;6860;Volksinitiative «Keine 10-Millionen-Schweiz! (Nachhaltigkeitsinitiative)»;municipality;5855;Dully;22;Waadt;83;154;237;367
2026-06-14;6860;Volksinitiative «Keine 10-Millionen-Schweiz! (Nachhaltigkeitsinitiative)»;municipality;5856;Essertines-sur-Rolle;22;Waadt;143;151;296;436
2026-06-14;6860;Volksinitiative «Keine 10-Millionen-Schweiz! (Nachhaltigkeitsinitiative)»;municipality;5857;Gilly;22;Waadt;191;328;522;845
2026-06-14;6860;Volksinitiative «Keine 10-Millionen-Schweiz! (Nachhaltigkeitsinitiative)»;municipality;5858;Luins;22;Waadt;97;104;204;346
2026-06-14;6860;Volksinitiative «Keine 10-Millionen-Schweiz! (Nachhaltigkeitsinitiative)»;municipality;5859;Mont-sur-Rolle;22;Waadt;325;588;922;1627
2026-06-14;6860;Volksinitiative «Keine 10-Millionen-Schweiz! (Nachhaltigkeitsinitiative)»;municipality;5860;Perroy;22;Waadt;212;360;577;911
2026-06-14;6860;Volksinitiative «Keine 10-Millionen-Schweiz! (Nachhaltigkeitsinitiative)»;municipality;5861;Rolle;22;Waadt;561;1144;1739;3192
2026-06-14;6860;Volksinitiative «Keine 10-Millionen-Schweiz! (Nachhaltigkeitsinitiative)»;municipality;5862;Tartegnin;22;Waadt;34;47;82;131
2026-06-14;6860;Volksinitiative «Keine 10-Millionen-Schweiz! (Nachhaltigkeitsinitiative)»;municipality;5863;Vinzel;22;Waadt;48;99;149;237
2026-06-14;6860;Volksinitiative «Keine 10-Millionen-Schweiz! (Nachhaltigkeitsinitiative)»;municipality;5871;L'Abbaye;22;Waadt;255;357;622;1082
2026-06-14;6860;Volksinitiative «Keine 10-Millionen-Schweiz! (Nachhaltigkeitsinitiative)»;municipality;5872;Le Chenit;22;Waadt;600;901;1526;2805
2026-06-14;6860;Volksinitiative «Keine 10-Millionen-Schweiz! (Nachhaltigkeitsinitiative)»;municipality;5873;Le Lieu;22;Waadt;151;218;380;627
2026-06-14;6860;Volksinitiative «Keine 10-Millionen-Schweiz! (Nachhaltigkeitsinitiative)»;municipality;5882;Chardonne;22;Waadt;460;844;1327;2131
2026-06-14;6860;Volksinitiative «Keine 10-Millionen-Schweiz! (Nachhaltigkeitsinitiative)»;municipality;5883;Corseaux;22;Waadt;333;615;960;1445
2026-06-14;6860;Volksinitiative «Keine 10-Millionen-Schweiz! (Nachhaltigkeitsinitiative)»;municipality;5884;Corsier-sur-Vevey;22;Waadt;401;677;1096;1930
2026-06-14;6860;Volksinitiative «Keine 10-Millionen-Schweiz! (Nachhaltigkeitsinitiative)»;municipality;5885;Jongny;22;Waadt;298;480;788;1113
2026-06-14;6860;Volksinitiative «Keine 10-Millionen-Schweiz! (Nachhaltigkeitsinitiative)»;municipality;5886;Montreux;22;Waadt;2442;3763;6278;12331
2026-06-14;6860;Volksinitiative «Keine 10-Millionen-Schweiz! (Nachhaltigkeitsinitiative)»;municipality;5889;La Tour-de-Peilz;22;Waadt;1366;3042;4467;7493
2026-06-14;6860;Volksinitiative «Keine 10-Millionen-Schweiz! (Nachhaltigkeitsinitiative)»;municipality;5890;Vevey;22;Waadt;1337;3823;5209;10009
2026-06-14;6860;Volksinitiative «Keine 10-Millionen-Schweiz! (Nachhaltigkeitsinitiative)»;municipality;5891;Veytaux;22;Waadt;111;169;282;518
2026-06-14;6860;Volksinitiative «Keine 10-Millionen-Schweiz! (Nachhaltigkeitsinitiative)»;municipality;5892;Blonay - Saint-Légier;22;Waadt;1521;3117;4703;7789
2026-06-14;6860;Volksinitiative «Keine 10-Millionen-Schweiz! (Nachhaltigkeitsinitiative)»;municipality;5902;Belmont-sur-Yverdon;22;Waadt;93;86;179;308
2026-06-14;6860;Volksinitiative «Keine 10-Millionen-Schweiz! (Nachhaltigkeitsinitiative)»;municipality;5903;Bioley-Magnoux;22;Waadt;49;68;118;194
2026-06-14;6860;Volksinitiative «Keine 10-Millionen-Schweiz! (Nachhaltigkeitsinitiative)»;municipality;5904;Chamblon;22;Waadt;91;131;227;434
2026-06-14;6860;Volksinitiative «Keine 10-Millionen-Schweiz! (Nachhaltigkeitsinitiative)»;municipality;5905;Champvent;22;Waadt;110;150;265;449
2026-06-14;6860;Volksinitiative «Keine 10-Millionen-Schweiz! (Nachhaltigkeitsinitiative)»;municipality;5907;Chavannes-le-Chêne;22;Waadt;61;52;114;232
2026-06-14;6860;Volksinitiative «Keine 10-Millionen-Schweiz! (Nachhaltigkeitsinitiative)»;municipality;5908;Chêne-Pâquier;22;Waadt;30;32;64;109
2026-06-14;6860;Volksinitiative «Keine 10-Millionen-Schweiz! (Nachhaltigkeitsinitiative)»;municipality;5909;Cheseaux-Noréaz;22;Waadt;123;202;333;514
2026-06-14;6860;Volksinitiative «Keine 10-Millionen-Schweiz! (Nachhaltigkeitsinitiative)»;municipality;5910;Cronay;22;Waadt;94;118;213;318
2026-06-14;6860;Volksinitiative «Keine 10-Millionen-Schweiz! (Nachhaltigkeitsinitiative)»;municipality;5911;Cuarny;22;Waadt;60;56;118;169
2026-06-14;6860;Volksinitiative «Keine 10-Millionen-Schweiz! (Nachhaltigkeitsinitiative)»;municipality;5912;Démoret;22;Waadt;45;42;87;123
2026-06-14;6860;Volksinitiative «Keine 10-Millionen-Schweiz! (Nachhaltigkeitsinitiative)»;municipality;5913;Donneloye;22;Waadt;163;195;364;594
2026-06-14;6860;Volksinitiative «Keine 10-Millionen-Schweiz! (Nachhaltigkeitsinitiative)»;municipality;5914;Ependes (VD);22;Waadt;71;75;146;243
2026-06-14;6860;Volksinitiative «Keine 10-Millionen-Schweiz! (Nachhaltigkeitsinitiative)»;municipality;5919;Mathod;22;Waadt;122;143;267;482
2026-06-14;6860;Volksinitiative «Keine 10-Millionen-Schweiz! (Nachhaltigkeitsinitiative)»;municipality;5921;Molondin;22;Waadt;38;58;98;194
2026-06-14;6860;Volksinitiative «Keine 10-Millionen-Schweiz! (Nachhaltigkeitsinitiative)»;municipality;5922;Montagny-près-Yverdon;22;Waadt;105;149;259;513
2026-06-14;6860;Volksinitiative «Keine 10-Millionen-Schweiz! (Nachhaltigkeitsinitiative)»;municipality;5923;Oppens;22;Waadt;40;33;75;125
2026-06-14;6860;Volksinitiative «Keine 10-Millionen-Schweiz! (Nachhaltigkeitsinitiative)»;municipality;5924;Orges;22;Waadt;65;86;153;280
2026-06-14;6860;Volksinitiative «Keine 10-Millionen-Schweiz! (Nachhaltigkeitsinitiative)»;municipality;5925;Orzens;22;Waadt;49;62;111;155
2026-06-14;6860;Volksinitiative «Keine 10-Millionen-Schweiz! (Nachhaltigkeitsinitiative)»;municipality;5926;Pomy;22;Waadt;158;197;365;615
2026-06-14;6860;Volksinitiative «Keine 10-Millionen-Schweiz! (Nachhaltigkeitsinitiative)»;municipality;5928;Rovray;22;Waadt;63;37;102;128
2026-06-14;6860;Volksinitiative «Keine 10-Millionen-Schweiz! (Nachhaltigkeitsinitiative)»;municipality;5929;Suchy;22;Waadt;110;137;249;421
2026-06-14;6860;Volksinitiative «Keine 10-Millionen-Schweiz! (Nachhaltigkeitsinitiative)»;municipality;5930;Suscévaz;22;Waadt;51;53;105;160
2026-06-14;6860;Volksinitiative «Keine 10-Millionen-Schweiz! (Nachhaltigkeitsinitiative)»;municipality;5931;Treycovagnes;22;Waadt;67;104;173;334
2026-06-14;6860;Volksinitiative «Keine 10-Millionen-Schweiz! (Nachhaltigkeitsinitiative)»;municipality;5932;Ursins;22;Waadt;55;37;96;154
2026-06-14;6860;Volksinitiative «Keine 10-Millionen-Schweiz! (Nachhaltigkeitsinitiative)»;municipality;5933;Valeyres-sous-Montagny;22;Waadt;111;156;270;561
2026-06-14;6860;Volksinitiative «Keine 10-Millionen-Schweiz! (Nachhaltigkeitsinitiative)»;municipality;5934;Valeyres-sous-Ursins;22;Waadt;60;81;141;184
2026-06-14;6860;Volksinitiative «Keine 10-Millionen-Schweiz! (Nachhaltigkeitsinitiative)»;municipality;5935;Villars-Epeney;22;Waadt;18;24;43;68
2026-06-14;6860;Volksinitiative «Keine 10-Millionen-Schweiz! (Nachhaltigkeitsinitiative)»;municipality;5937;Vugelles-La Mothe;22;Waadt;30;23;54;96
2026-06-14;6860;Volksinitiative «Keine 10-Millionen-Schweiz! (Nachhaltigkeitsinitiative)»;municipality;5938;Yverdon-les-Bains;22;Waadt;2500;4563;7155;14998
2026-06-14;6860;Volksinitiative «Keine 10-Millionen-Schweiz! (Nachhaltigkeitsinitiative)»;municipality;5939;Yvonand;22;Waadt;534;737;1282;2356
2026-06-14;6860;Volksinitiative «Keine 10-Millionen-Schweiz! (Nachhaltigkeitsinitiative)»;municipality;6002;Brig-Glis;23;Wallis;2676;2570;5382;9147
2026-06-14;6860;Volksinitiative «Keine 10-Millionen-Schweiz! (Nachhaltigkeitsinitiative)»;municipality;6004;Eggerberg;23;Wallis;118;56;177;266
2026-06-14;6860;Volksinitiative «Keine 10-Millionen-Schweiz! (Nachhaltigkeitsinitiative)»;municipality;6007;Naters;23;Wallis;2229;1967;4307;7164
2026-06-14;6860;Volksinitiative «Keine 10-Millionen-Schweiz! (Nachhaltigkeitsinitiative)»;municipality;6008;Ried-Brig;23;Wallis;559;481;1064;1647
2026-06-14;6860;Volksinitiative «Keine 10-Millionen-Schweiz! (Nachhaltigkeitsinitiative)»;municipality;6009;Simplon;23;Wallis;67;69;140;244
2026-06-14;6860;Volksinitiative «Keine 10-Millionen-Schweiz! (Nachhaltigkeitsinitiative)»;municipality;6010;Termen;23;Wallis;245;269;514;812
2026-06-14;6860;Volksinitiative «Keine 10-Millionen-Schweiz! (Nachhaltigkeitsinitiative)»;municipality;6011;Zwischbergen;23;Wallis;21;11;33;45
2026-06-14;6860;Volksinitiative «Keine 10-Millionen-Schweiz! (Nachhaltigkeitsinitiative)»;municipality;6021;Ardon;23;Wallis;492;523;1026;1999
2026-06-14;6860;Volksinitiative «Keine 10-Millionen-Schweiz! (Nachhaltigkeitsinitiative)»;municipality;6022;Chamoson;23;Wallis;867;834;1751;2961
2026-06-14;6860;Volksinitiative «Keine 10-Millionen-Schweiz! (Nachhaltigkeitsinitiative)»;municipality;6023;Conthey;23;Wallis;1546;1517;3138;5823
2026-06-14;6860;Volksinitiative «Keine 10-Millionen-Schweiz! (Nachhaltigkeitsinitiative)»;municipality;6024;Nendaz;23;Wallis;1243;1320;2623;4903
2026-06-14;6860;Volksinitiative «Keine 10-Millionen-Schweiz! (Nachhaltigkeitsinitiative)»;municipality;6025;Vétroz;23;Wallis;953;1130;2134;3874
2026-06-14;6860;Volksinitiative «Keine 10-Millionen-Schweiz! (Nachhaltigkeitsinitiative)»;municipality;6032;Bourg-Saint-Pierre;23;Wallis;72;46;119;179
2026-06-14;6860;Volksinitiative «Keine 10-Millionen-Schweiz! (Nachhaltigkeitsinitiative)»;municipality;6033;Liddes;23;Wallis;165;166;341;569
2026-06-14;6860;Volksinitiative «Keine 10-Millionen-Schweiz! (Nachhaltigkeitsinitiative)»;municipality;6034;Orsières;23;Wallis;624;716;1383;2169
2026-06-14;6860;Volksinitiative «Keine 10-Millionen-Schweiz! (Nachhaltigkeitsinitiative)»;municipality;6035;Sembrancher;23;Wallis;202;187;395;688
2026-06-14;6860;Volksinitiative «Keine 10-Millionen-Schweiz! (Nachhaltigkeitsinitiative)»;municipality;6037;Val de Bagnes;23;Wallis;1389;2088;3572;6220
2026-06-14;6860;Volksinitiative «Keine 10-Millionen-Schweiz! (Nachhaltigkeitsinitiative)»;municipality;6052;Bellwald;23;Wallis;80;78;159;238
2026-06-14;6860;Volksinitiative «Keine 10-Millionen-Schweiz! (Nachhaltigkeitsinitiative)»;municipality;6054;Binn;23;Wallis;33;36;69;97
2026-06-14;6860;Volksinitiative «Keine 10-Millionen-Schweiz! (Nachhaltigkeitsinitiative)»;municipality;6056;Ernen;23;Wallis;117;118;237;411
2026-06-14;6860;Volksinitiative «Keine 10-Millionen-Schweiz! (Nachhaltigkeitsinitiative)»;municipality;6057;Fiesch;23;Wallis;156;186;351;642
2026-06-14;6860;Volksinitiative «Keine 10-Millionen-Schweiz! (Nachhaltigkeitsinitiative)»;municipality;6058;Fieschertal;23;Wallis;71;73;147;251
2026-06-14;6860;Volksinitiative «Keine 10-Millionen-Schweiz! (Nachhaltigkeitsinitiative)»;municipality;6061;Lax;23;Wallis;49;85;137;222
2026-06-14;6860;Volksinitiative «Keine 10-Millionen-Schweiz! (Nachhaltigkeitsinitiative)»;municipality;6076;Obergoms;23;Wallis;180;132;315;508
2026-06-14;6860;Volksinitiative «Keine 10-Millionen-Schweiz! (Nachhaltigkeitsinitiative)»;municipality;6077;Goms;23;Wallis;258;279;549;884
2026-06-14;6860;Volksinitiative «Keine 10-Millionen-Schweiz! (Nachhaltigkeitsinitiative)»;municipality;6082;Ayent;23;Wallis;656;1139;1865;3216
2026-06-14;6860;Volksinitiative «Keine 10-Millionen-Schweiz! (Nachhaltigkeitsinitiative)»;municipality;6083;Evolène;23;Wallis;428;384;834;1274
2026-06-14;6860;Volksinitiative «Keine 10-Millionen-Schweiz! (Nachhaltigkeitsinitiative)»;municipality;6084;Hérémence;23;Wallis;409;388;813;1210
2026-06-14;6860;Volksinitiative «Keine 10-Millionen-Schweiz! (Nachhaltigkeitsinitiative)»;municipality;6087;Saint-Martin (VS);23;Wallis;214;234;452;659
2026-06-14;6860;Volksinitiative «Keine 10-Millionen-Schweiz! (Nachhaltigkeitsinitiative)»;municipality;6089;Vex;23;Wallis;354;370;762;1361
2026-06-14;6860;Volksinitiative «Keine 10-Millionen-Schweiz! (Nachhaltigkeitsinitiative)»;municipality;6090;Mont-Noble;23;Wallis;237;322;573;884
2026-06-14;6860;Volksinitiative «Keine 10-Millionen-Schweiz! (Nachhaltigkeitsinitiative)»;municipality;6101;Agarn;23;Wallis;226;121;359;555
2026-06-14;6860;Volksinitiative «Keine 10-Millionen-Schweiz! (Nachhaltigkeitsinitiative)»;municipality;6102;Albinen;23;Wallis;60;56;117;189
2026-06-14;6860;Volksinitiative «Keine 10-Millionen-Schweiz! (Nachhaltigkeitsinitiative)»;municipality;6104;Ergisch;23;Wallis;81;41;122;142
2026-06-14;6860;Volksinitiative «Keine 10-Millionen-Schweiz! (Nachhaltigkeitsinitiative)»;municipality;6109;Inden;23;Wallis;24;32;56;83
2026-06-14;6860;Volksinitiative «Keine 10-Millionen-Schweiz! (Nachhaltigkeitsinitiative)»;municipality;6110;Leuk;23;Wallis;998;822;1864;2919
2026-06-14;6860;Volksinitiative «Keine 10-Millionen-Schweiz! (Nachhaltigkeitsinitiative)»;municipality;6111;Leukerbad;23;Wallis;221;198;423;742
2026-06-14;6860;Volksinitiative «Keine 10-Millionen-Schweiz! (Nachhaltigkeitsinitiative)»;municipality;6112;Oberems;23;Wallis;47;33;81;129
2026-06-14;6860;Volksinitiative «Keine 10-Millionen-Schweiz! (Nachhaltigkeitsinitiative)»;municipality;6113;Salgesch;23;Wallis;452;337;800;1227
2026-06-14;6860;Volksinitiative «Keine 10-Millionen-Schweiz! (Nachhaltigkeitsinitiative)»;municipality;6116;Varen;23;Wallis;182;146;338;525
2026-06-14;6860;Volksinitiative «Keine 10-Millionen-Schweiz! (Nachhaltigkeitsinitiative)»;municipality;6117;Guttet-Feschel;23;Wallis;151;65;221;333
2026-06-14;6860;Volksinitiative «Keine 10-Millionen-Schweiz! (Nachhaltigkeitsinitiative)»;municipality;6118;Gampel-Bratsch;23;Wallis;573;438;1020;1573
2026-06-14;6860;Volksinitiative «Keine 10-Millionen-Schweiz! (Nachhaltigkeitsinitiative)»;municipality;6119;Turtmann-Unterems;23;Wallis;306;188;506;811
2026-06-14;6860;Volksinitiative «Keine 10-Millionen-Schweiz! (Nachhaltigkeitsinitiative)»;municipality;6131;Bovernier;23;Wallis;158;179;350;628
2026-06-14;6860;Volksinitiative «Keine 10-Millionen-Schweiz! (Nachhaltigkeitsinitiative)»;municipality;6133;Fully;23;Wallis;1420;1993;3513;6016
2026-06-14;6860;Volksinitiative «Keine 10-Millionen-Schweiz! (Nachhaltigkeitsinitiative)»;municipality;6134;Isérables;23;Wallis;204;122;330;615
2026-06-14;6860;Volksinitiative «Keine 10-Millionen-Schweiz! (Nachhaltigkeitsinitiative)»;municipality;6135;Leytron;23;Wallis;811;650;1483;2431
2026-06-14;6860;Volksinitiative «Keine 10-Millionen-Schweiz! (Nachhaltigkeitsinitiative)»;municipality;6136;Martigny;23;Wallis;2658;4114;6882;12578
2026-06-14;6860;Volksinitiative «Keine 10-Millionen-Schweiz! (Nachhaltigkeitsinitiative)»;municipality;6137;Martigny-Combe;23;Wallis;427;556;1006;1685
2026-06-14;6860;Volksinitiative «Keine 10-Millionen-Schweiz! (Nachhaltigkeitsinitiative)»;municipality;6139;Riddes;23;Wallis;636;530;1190;2057
2026-06-14;6860;Volksinitiative «Keine 10-Millionen-Schweiz! (Nachhaltigkeitsinitiative)»;municipality;6140;Saillon;23;Wallis;523;599;1148;2044
2026-06-14;6860;Volksinitiative «Keine 10-Millionen-Schweiz! (Nachhaltigkeitsinitiative)»;municipality;6141;Saxon;23;Wallis;1114;712;1894;3772
2026-06-14;6860;Volksinitiative «Keine 10-Millionen-Schweiz! (Nachhaltigkeitsinitiative)»;municipality;6142;Trient;23;Wallis;36;42;81;126
2026-06-14;6860;Volksinitiative «Keine 10-Millionen-Schweiz! (Nachhaltigkeitsinitiative)»;municipality;6151;Champéry;23;Wallis;261;317;597;886
2026-06-14;6860;Volksinitiative «Keine 10-Millionen-Schweiz! (Nachhaltigkeitsinitiative)»;municipality;6152;Collombey-Muraz;23;Wallis;1452;1438;2967;5793
2026-06-14;6860;Volksinitiative «Keine 10-Millionen-Schweiz! (Nachhaltigkeitsinitiative)»;municipality;6153;Monthey;23;Wallis;2392;2859;5428;10245
2026-06-14;6860;Volksinitiative «Keine 10-Millionen-Schweiz! (Nachhaltigkeitsinitiative)»;municipality;6154;Port-Valais;23;Wallis;698;670;1394;2485
2026-06-14;6860;Volksinitiative «Keine 10-Millionen-Schweiz! (Nachhaltigkeitsinitiative)»;municipality;6155;Saint-Gingolph;23;Wallis;167;141;312;578
2026-06-14;6860;Volksinitiative «Keine 10-Millionen-Schweiz! (Nachhaltigkeitsinitiative)»;municipality;6156;Troistorrents;23;Wallis;1151;965;2174;3433
2026-06-14;6860;Volksinitiative «Keine 10-Millionen-Schweiz! (Nachhaltigkeitsinitiative)»;municipality;6157;Val-d'Illiez;23;Wallis;536;313;874;1428
2026-06-14;6860;Volksinitiative «Keine 10-Millionen-Schweiz! (Nachhaltigkeitsinitiative)»;municipality;6158;Vionnaz;23;Wallis;571;534;1119;1967
2026-06-14;6860;Volksinitiative «Keine 10-Millionen-Schweiz! (Nachhaltigkeitsinitiative)»;municipality;6159;Vouvry;23;Wallis;685;693;1413;2678
2026-06-14;6860;Volksinitiative «Keine 10-Millionen-Schweiz! (Nachhaltigkeitsinitiative)»;municipality;6172;Bister;23;Wallis;9;11;20;30
2026-06-14;6860;Volksinitiative «Keine 10-Millionen-Schweiz! (Nachhaltigkeitsinitiative)»;municipality;6173;Bitsch;23;Wallis;293;223;524;860
2026-06-14;6860;Volksinitiative «Keine 10-Millionen-Schweiz! (Nachhaltigkeitsinitiative)»;municipality;6177;Grengiols;23;Wallis;82;89;172;324
2026-06-14;6860;Volksinitiative «Keine 10-Millionen-Schweiz! (Nachhaltigkeitsinitiative)»;municipality;6181;Riederalp;23;Wallis;79;99;184;318
2026-06-14;6860;Volksinitiative «Keine 10-Millionen-Schweiz! (Nachhaltigkeitsinitiative)»;municipality;6191;Ausserberg;23;Wallis;209;140;354;463
2026-06-14;6860;Volksinitiative «Keine 10-Millionen-Schweiz! (Nachhaltigkeitsinitiative)»;municipality;6192;Blatten;23;Wallis;80;65;146;235
2026-06-14;6860;Volksinitiative «Keine 10-Millionen-Schweiz! (Nachhaltigkeitsinitiative)»;municipality;6193;Bürchen;23;Wallis;155;188;349;598
2026-06-14;6860;Volksinitiative «Keine 10-Millionen-Schweiz! (Nachhaltigkeitsinitiative)»;municipality;6194;Eischoll;23;Wallis;133;97;231;362
2026-06-14;6860;Volksinitiative «Keine 10-Millionen-Schweiz! (Nachhaltigkeitsinitiative)»;municipality;6195;Ferden;23;Wallis;60;57;119;211
2026-06-14;6860;Volksinitiative «Keine 10-Millionen-Schweiz! (Nachhaltigkeitsinitiative)»;municipality;6197;Kippel;23;Wallis;61;95;159;285
2026-06-14;6860;Volksinitiative «Keine 10-Millionen-Schweiz! (Nachhaltigkeitsinitiative)»;municipality;6198;Niedergesteln;23;Wallis;166;145;312;538
2026-06-14;6860;Volksinitiative «Keine 10-Millionen-Schweiz! (Nachhaltigkeitsinitiative)»;municipality;6199;Raron;23;Wallis;439;394;852;1381
2026-06-14;6860;Volksinitiative «Keine 10-Millionen-Schweiz! (Nachhaltigkeitsinitiative)»;municipality;6201;Unterbäch;23;Wallis;90;108;199;355
2026-06-14;6860;Volksinitiative «Keine 10-Millionen-Schweiz! (Nachhaltigkeitsinitiative)»;municipality;6202;Wiler (Lötschen);23;Wallis;131;129;267;424
2026-06-14;6860;Volksinitiative «Keine 10-Millionen-Schweiz! (Nachhaltigkeitsinitiative)»;municipality;6203;Mörel-Filet;23;Wallis;124;161;292;482
2026-06-14;6860;Volksinitiative «Keine 10-Millionen-Schweiz! (Nachhaltigkeitsinitiative)»;municipality;6204;Steg-Hohtenn;23;Wallis;476;276;765;1152
2026-06-14;6860;Volksinitiative «Keine 10-Millionen-Schweiz! (Nachhaltigkeitsinitiative)»;municipality;6205;Bettmeralp;23;Wallis;99;95;194;329
2026-06-14;6860;Volksinitiative «Keine 10-Millionen-Schweiz! (Nachhaltigkeitsinitiative)»;municipality;6211;Collonges;23;Wallis;142;152;301;557
2026-06-14;6860;Volksinitiative «Keine 10-Millionen-Schweiz! (Nachhaltigkeitsinitiative)»;municipality;6212;Dorénaz;23;Wallis;215;161;384;711
2026-06-14;6860;Volksinitiative «Keine 10-Millionen-Schweiz! (Nachhaltigkeitsinitiative)»;municipality;6213;Evionnaz;23;Wallis;268;221;502;963
2026-06-14;6860;Volksinitiative «Keine 10-Millionen-Schweiz! (Nachhaltigkeitsinitiative)»;municipality;6214;Finhaut;23;Wallis;63;88;152;236
2026-06-14;6860;Volksinitiative «Keine 10-Millionen-Schweiz! (Nachhaltigkeitsinitiative)»;municipality;6215;Massongex;23;Wallis;340;347;698;1274
2026-06-14;6860;Volksinitiative «Keine 10-Millionen-Schweiz! (Nachhaltigkeitsinitiative)»;municipality;6217;Saint-Maurice;23;Wallis;659;828;1510;2690
2026-06-14;6860;Volksinitiative «Keine 10-Millionen-Schweiz! (Nachhaltigkeitsinitiative)»;municipality;6218;Salvan;23;Wallis;200;449;666;1090
2026-06-14;6860;Volksinitiative «Keine 10-Millionen-Schweiz! (Nachhaltigkeitsinitiative)»;municipality;6219;Vernayaz;23;Wallis;287;320;626;1137
2026-06-14;6860;Volksinitiative «Keine 10-Millionen-Schweiz! (Nachhaltigkeitsinitiative)»;municipality;6220;Vérossaz;23;Wallis;181;192;384;657
2026-06-14;6860;Volksinitiative «Keine 10-Millionen-Schweiz! (Nachhaltigkeitsinitiative)»;municipality;6232;Chalais;23;Wallis;690;729;1472;2499
2026-06-14;6860;Volksinitiative «Keine 10-Millionen-Schweiz! (Nachhaltigkeitsinitiative)»;municipality;6235;Chippis;23;Wallis;170;210;393;708
2026-06-14;6860;Volksinitiative «Keine 10-Millionen-Schweiz! (Nachhaltigkeitsinitiative)»;municipality;6238;Grône;23;Wallis;387;433;830;1563
2026-06-14;6860;Volksinitiative «Keine 10-Millionen-Schweiz! (Nachhaltigkeitsinitiative)»;municipality;6239;Icogne;23;Wallis;102;132;239;411
2026-06-14;6860;Volksinitiative «Keine 10-Millionen-Schweiz! (Nachhaltigkeitsinitiative)»;municipality;6240;Lens;23;Wallis;671;803;1500;2619
2026-06-14;6860;Volksinitiative «Keine 10-Millionen-Schweiz! (Nachhaltigkeitsinitiative)»;municipality;6246;Saint-Léonard;23;Wallis;446;523;1018;1724
2026-06-14;6860;Volksinitiative «Keine 10-Millionen-Schweiz! (Nachhaltigkeitsinitiative)»;municipality;6248;Sierre;23;Wallis;2193;2955;5286;9661
2026-06-14;6860;Volksinitiative «Keine 10-Millionen-Schweiz! (Nachhaltigkeitsinitiative)»;municipality;6252;Anniviers;23;Wallis;433;687;1136;1822
2026-06-14;6860;Volksinitiative «Keine 10-Millionen-Schweiz! (Nachhaltigkeitsinitiative)»;municipality;6253;Crans-Montana;23;Wallis;1595;1701;3377;5833
2026-06-14;6860;Volksinitiative «Keine 10-Millionen-Schweiz! (Nachhaltigkeitsinitiative)»;municipality;6254;Noble-Contrée;23;Wallis;795;1174;2038;3229
2026-06-14;6860;Volksinitiative «Keine 10-Millionen-Schweiz! (Nachhaltigkeitsinitiative)»;municipality;6261;Arbaz;23;Wallis;330;347;680;1078
2026-06-14;6860;Volksinitiative «Keine 10-Millionen-Schweiz! (Nachhaltigkeitsinitiative)»;municipality;6263;Grimisuat;23;Wallis;595;935;1575;2572
2026-06-14;6860;Volksinitiative «Keine 10-Millionen-Schweiz! (Nachhaltigkeitsinitiative)»;municipality;6265;Savièse;23;Wallis;1596;1982;3630;6018
2026-06-14;6860;Volksinitiative «Keine 10-Millionen-Schweiz! (Nachhaltigkeitsinitiative)»;municipality;6266;Sion;23;Wallis;4344;7581;12026;22195
2026-06-14;6860;Volksinitiative «Keine 10-Millionen-Schweiz! (Nachhaltigkeitsinitiative)»;municipality;6267;Veysonnaz;23;Wallis;81;127;218;382
2026-06-14;6860;Volksinitiative «Keine 10-Millionen-Schweiz! (Nachhaltigkeitsinitiative)»;municipality;6281;Baltschieder;23;Wallis;344;283;636;975
2026-06-14;6860;Volksinitiative «Keine 10-Millionen-Schweiz! (Nachhaltigkeitsinitiative)»;municipality;6282;Eisten;23;Wallis;73;27;103;167
2026-06-14;6860;Volksinitiative «Keine 10-Millionen-Schweiz! (Nachhaltigkeitsinitiative)»;municipality;6283;Embd;23;Wallis;77;32;111;232
2026-06-14;6860;Volksinitiative «Keine 10-Millionen-Schweiz! (Nachhaltigkeitsinitiative)»;municipality;6285;Grächen;23;Wallis;331;216;552;959
2026-06-14;6860;Volksinitiative «Keine 10-Millionen-Schweiz! (Nachhaltigkeitsinitiative)»;municipality;6286;Lalden;23;Wallis;184;164;349;510
2026-06-14;6860;Volksinitiative «Keine 10-Millionen-Schweiz! (Nachhaltigkeitsinitiative)»;municipality;6287;Randa;23;Wallis;100;50;155;243
2026-06-14;6860;Volksinitiative «Keine 10-Millionen-Schweiz! (Nachhaltigkeitsinitiative)»;municipality;6288;Saas-Almagell;23;Wallis;126;71;197;262
2026-06-14;6860;Volksinitiative «Keine 10-Millionen-Schweiz! (Nachhaltigkeitsinitiative)»;municipality;6289;Saas-Balen;23;Wallis;138;63;202;260
2026-06-14;6860;Volksinitiative «Keine 10-Millionen-Schweiz! (Nachhaltigkeitsinitiative)»;municipality;6290;Saas-Fee;23;Wallis;219;356;581;890
2026-06-14;6860;Volksinitiative «Keine 10-Millionen-Schweiz! (Nachhaltigkeitsinitiative)»;municipality;6291;Saas-Grund;23;Wallis;333;169;513;715
2026-06-14;6860;Volksinitiative «Keine 10-Millionen-Schweiz! (Nachhaltigkeitsinitiative)»;municipality;6292;St. Niklaus;23;Wallis;655;272;948;1608
2026-06-14;6860;Volksinitiative «Keine 10-Millionen-Schweiz! (Nachhaltigkeitsinitiative)»;municipality;6293;Stalden (VS);23;Wallis;301;189;500;809
2026-06-14;6860;Volksinitiative «Keine 10-Millionen-Schweiz! (Nachhaltigkeitsinitiative)»;municipality;6294;Staldenried;23;Wallis;163;121;288;456
2026-06-14;6860;Volksinitiative «Keine 10-Millionen-Schweiz! (Nachhaltigkeitsinitiative)»;municipality;6295;Täsch;23;Wallis;133;86;225;414
2026-06-14;6860;Volksinitiative «Keine 10-Millionen-Schweiz! (Nachhaltigkeitsinitiative)»;municipality;6296;Törbel;23;Wallis;201;96;299;420
2026-06-14;6860;Volksinitiative «Keine 10-Millionen-Schweiz! (Nachhaltigkeitsinitiative)»;municipality;6297;Visp;23;Wallis;1607;1491;3187;4888
2026-06-14;6860;Volksinitiative «Keine 10-Millionen-Schweiz! (Nachhaltigkeitsinitiative)»;municipality;6298;Visperterminen;23;Wallis;259;407;676;1027
2026-06-14;6860;Volksinitiative «Keine 10-Millionen-Schweiz! (Nachhaltigkeitsinitiative)»;municipality;6299;Zeneggen;23;Wallis;57;94;152;235
2026-06-14;6860;Volksinitiative «Keine 10-Millionen-Schweiz! (Nachhaltigkeitsinitiative)»;municipality;6300;Zermatt;23;Wallis;799;769;1613;2706
2026-06-14;6860;Volksinitiative «Keine 10-Millionen-Schweiz! (Nachhaltigkeitsinitiative)»;municipality;6404;Boudry;24;Neuenburg;617;1191;1825;3762
2026-06-14;6860;Volksinitiative «Keine 10-Millionen-Schweiz! (Nachhaltigkeitsinitiative)»;municipality;6408;Cortaillod;24;Neuenburg;560;1088;1667;3144
2026-06-14;6860;Volksinitiative «Keine 10-Millionen-Schweiz! (Nachhaltigkeitsinitiative)»;municipality;6413;Rochefort;24;Neuenburg;201;393;598;1087
2026-06-14;6860;Volksinitiative «Keine 10-Millionen-Schweiz! (Nachhaltigkeitsinitiative)»;municipality;6416;Milvignes;24;Neuenburg;963;2409;3399;6302
2026-06-14;6860;Volksinitiative «Keine 10-Millionen-Schweiz! (Nachhaltigkeitsinitiative)»;municipality;6417;La Grande Béroche;24;Neuenburg;1156;2140;3325;6478
2026-06-14;6860;Volksinitiative «Keine 10-Millionen-Schweiz! (Nachhaltigkeitsinitiative)»;municipality;6421;La Chaux-de-Fonds;24;Neuenburg;3127;7285;10518;22204
2026-06-14;6860;Volksinitiative «Keine 10-Millionen-Schweiz! (Nachhaltigkeitsinitiative)»;municipality;6422;Les Planchettes;24;Neuenburg;37;52;89;153
2026-06-14;6860;Volksinitiative «Keine 10-Millionen-Schweiz! (Nachhaltigkeitsinitiative)»;municipality;6423;La Sagne;24;Neuenburg;244;248;497;986
2026-06-14;6860;Volksinitiative «Keine 10-Millionen-Schweiz! (Nachhaltigkeitsinitiative)»;municipality;6432;La Brévine;24;Neuenburg;190;120;317;510
2026-06-14;6860;Volksinitiative «Keine 10-Millionen-Schweiz! (Nachhaltigkeitsinitiative)»;municipality;6433;Brot-Plamboz;24;Neuenburg;67;55;126;221
2026-06-14;6860;Volksinitiative «Keine 10-Millionen-Schweiz! (Nachhaltigkeitsinitiative)»;municipality;6434;Le Cerneux-Péquignot;24;Neuenburg;100;84;185;300
2026-06-14;6860;Volksinitiative «Keine 10-Millionen-Schweiz! (Nachhaltigkeitsinitiative)»;municipality;6435;La Chaux-du-Milieu;24;Neuenburg;98;125;223;380
2026-06-14;6860;Volksinitiative «Keine 10-Millionen-Schweiz! (Nachhaltigkeitsinitiative)»;municipality;6436;Le Locle;24;Neuenburg;1256;1907;3192;6971
2026-06-14;6860;Volksinitiative «Keine 10-Millionen-Schweiz! (Nachhaltigkeitsinitiative)»;municipality;6437;Les Ponts-de-Martel;24;Neuenburg;283;229;517;994
2026-06-14;6860;Volksinitiative «Keine 10-Millionen-Schweiz! (Nachhaltigkeitsinitiative)»;municipality;6451;Cornaux;24;Neuenburg;236;317;563;1061
2026-06-14;6860;Volksinitiative «Keine 10-Millionen-Schweiz! (Nachhaltigkeitsinitiative)»;municipality;6452;Cressier (NE);24;Neuenburg;230;405;641;1255
2026-06-14;6860;Volksinitiative «Keine 10-Millionen-Schweiz! (Nachhaltigkeitsinitiative)»;municipality;6455;Le Landeron;24;Neuenburg;582;1084;1673;3205
2026-06-14;6860;Volksinitiative «Keine 10-Millionen-Schweiz! (Nachhaltigkeitsinitiative)»;municipality;6456;Lignières;24;Neuenburg;177;246;426;778
2026-06-14;6860;Volksinitiative «Keine 10-Millionen-Schweiz! (Nachhaltigkeitsinitiative)»;municipality;6458;Neuchâtel;24;Neuenburg;3526;10640;14293;27299
2026-06-14;6860;Volksinitiative «Keine 10-Millionen-Schweiz! (Nachhaltigkeitsinitiative)»;municipality;6487;Val-de-Ruz;24;Neuenburg;2354;3840;6246;12107
2026-06-14;6860;Volksinitiative «Keine 10-Millionen-Schweiz! (Nachhaltigkeitsinitiative)»;municipality;6504;La Côte-aux-Fées;24;Neuenburg;131;95;227;422
2026-06-14;6860;Volksinitiative «Keine 10-Millionen-Schweiz! (Nachhaltigkeitsinitiative)»;municipality;6511;Les Verrières;24;Neuenburg;123;99;224;575
2026-06-14;6860;Volksinitiative «Keine 10-Millionen-Schweiz! (Nachhaltigkeitsinitiative)»;municipality;6512;Val-de-Travers;24;Neuenburg;1454;1797;3286;7656
2026-06-14;6860;Volksinitiative «Keine 10-Millionen-Schweiz! (Nachhaltigkeitsinitiative)»;municipality;6513;Laténa;24;Neuenburg;1135;2877;4044;7428
2026-06-14;6860;Volksinitiative «Keine 10-Millionen-Schweiz! (Nachhaltigkeitsinitiative)»;municipality;6601;Aire-la-Ville;25;Genf;196;269;474;785
2026-06-14;6860;Volksinitiative «Keine 10-Millionen-Schweiz! (Nachhaltigkeitsinitiative)»;municipality;6602;Anières;25;Genf;349;621;978;1454
2026-06-14;6860;Volksinitiative «Keine 10-Millionen-Schweiz! (Nachhaltigkeitsinitiative)»;municipality;6603;Avully;25;Genf;233;327;568;1063
2026-06-14;6860;Volksinitiative «Keine 10-Millionen-Schweiz! (Nachhaltigkeitsinitiative)»;municipality;6604;Avusy;25;Genf;261;432;703;1079
2026-06-14;6860;Volksinitiative «Keine 10-Millionen-Schweiz! (Nachhaltigkeitsinitiative)»;municipality;6605;Bardonnex;25;Genf;343;568;927;1522
2026-06-14;6860;Volksinitiative «Keine 10-Millionen-Schweiz! (Nachhaltigkeitsinitiative)»;municipality;6606;Bellevue;25;Genf;403;665;1090;1937
2026-06-14;6860;Volksinitiative «Keine 10-Millionen-Schweiz! (Nachhaltigkeitsinitiative)»;municipality;6607;Bernex;25;Genf;1379;2561;4006;6811
2026-06-14;6860;Volksinitiative «Keine 10-Millionen-Schweiz! (Nachhaltigkeitsinitiative)»;municipality;6608;Carouge (GE);25;Genf;1950;4200;6244;11477
2026-06-14;6860;Volksinitiative «Keine 10-Millionen-Schweiz! (Nachhaltigkeitsinitiative)»;municipality;6609;Cartigny;25;Genf;122;295;426;667
2026-06-14;6860;Volksinitiative «Keine 10-Millionen-Schweiz! (Nachhaltigkeitsinitiative)»;municipality;6610;Céligny;25;Genf;78;177;257;436
2026-06-14;6860;Volksinitiative «Keine 10-Millionen-Schweiz! (Nachhaltigkeitsinitiative)»;municipality;6611;Chancy;25;Genf;236;277;523;968
2026-06-14;6860;Volksinitiative «Keine 10-Millionen-Schweiz! (Nachhaltigkeitsinitiative)»;municipality;6612;Chêne-Bougeries;25;Genf;1433;2936;4418;7472
2026-06-14;6860;Volksinitiative «Keine 10-Millionen-Schweiz! (Nachhaltigkeitsinitiative)»;municipality;6613;Chêne-Bourg;25;Genf;887;1635;2567;4629
2026-06-14;6860;Volksinitiative «Keine 10-Millionen-Schweiz! (Nachhaltigkeitsinitiative)»;municipality;6614;Choulex;25;Genf;175;346;526;769
2026-06-14;6860;Volksinitiative «Keine 10-Millionen-Schweiz! (Nachhaltigkeitsinitiative)»;municipality;6615;Collex-Bossy;25;Genf;194;386;586;908
2026-06-14;6860;Volksinitiative «Keine 10-Millionen-Schweiz! (Nachhaltigkeitsinitiative)»;municipality;6616;Collonge-Bellerive;25;Genf;1097;1988;3123;4800
2026-06-14;6860;Volksinitiative «Keine 10-Millionen-Schweiz! (Nachhaltigkeitsinitiative)»;municipality;6617;Cologny;25;Genf;636;1176;1843;3045
2026-06-14;6860;Volksinitiative «Keine 10-Millionen-Schweiz! (Nachhaltigkeitsinitiative)»;municipality;6618;Confignon;25;Genf;638;1238;1896;2952
2026-06-14;6860;Volksinitiative «Keine 10-Millionen-Schweiz! (Nachhaltigkeitsinitiative)»;municipality;6619;Corsier (GE);25;Genf;282;486;774;1235
2026-06-14;6860;Volksinitiative «Keine 10-Millionen-Schweiz! (Nachhaltigkeitsinitiative)»;municipality;6620;Dardagny;25;Genf;209;332;552;1041
2026-06-14;6860;Volksinitiative «Keine 10-Millionen-Schweiz! (Nachhaltigkeitsinitiative)»;municipality;6621;Genève;25;Genf;14721;31327;46749;86112
2026-06-14;6860;Volksinitiative «Keine 10-Millionen-Schweiz! (Nachhaltigkeitsinitiative)»;municipality;6622;Genthod;25;Genf;336;616;975;1516
2026-06-14;6860;Volksinitiative «Keine 10-Millionen-Schweiz! (Nachhaltigkeitsinitiative)»;municipality;6623;Le Grand-Saconnex;25;Genf;1018;1895;2967;5596
2026-06-14;6860;Volksinitiative «Keine 10-Millionen-Schweiz! (Nachhaltigkeitsinitiative)»;municipality;6624;Gy;25;Genf;89;162;254;381
2026-06-14;6860;Volksinitiative «Keine 10-Millionen-Schweiz! (Nachhaltigkeitsinitiative)»;municipality;6625;Hermance;25;Genf;144;342;495;717
2026-06-14;6860;Volksinitiative «Keine 10-Millionen-Schweiz! (Nachhaltigkeitsinitiative)»;municipality;6626;Jussy;25;Genf;199;246;452;767
2026-06-14;6860;Volksinitiative «Keine 10-Millionen-Schweiz! (Nachhaltigkeitsinitiative)»;municipality;6627;Laconnex;25;Genf;89;262;357;498
2026-06-14;6860;Volksinitiative «Keine 10-Millionen-Schweiz! (Nachhaltigkeitsinitiative)»;municipality;6628;Lancy;25;Genf;3440;5747;9336;18507
2026-06-14;6860;Volksinitiative «Keine 10-Millionen-Schweiz! (Nachhaltigkeitsinitiative)»;municipality;6629;Meinier;25;Genf;306;518;830;1325
2026-06-14;6860;Volksinitiative «Keine 10-Millionen-Schweiz! (Nachhaltigkeitsinitiative)»;municipality;6630;Meyrin;25;Genf;2280;3225;5589;11460
2026-06-14;6860;Volksinitiative «Keine 10-Millionen-Schweiz! (Nachhaltigkeitsinitiative)»;municipality;6631;Onex;25;Genf;1986;2829;4890;9674
2026-06-14;6860;Volksinitiative «Keine 10-Millionen-Schweiz! (Nachhaltigkeitsinitiative)»;municipality;6632;Perly-Certoux;25;Genf;450;619;1082;1975
2026-06-14;6860;Volksinitiative «Keine 10-Millionen-Schweiz! (Nachhaltigkeitsinitiative)»;municipality;6633;Plan-les-Ouates;25;Genf;1489;2778;4341;7518
2026-06-14;6860;Volksinitiative «Keine 10-Millionen-Schweiz! (Nachhaltigkeitsinitiative)»;municipality;6634;Pregny-Chambésy;25;Genf;361;703;1077;1678
2026-06-14;6860;Volksinitiative «Keine 10-Millionen-Schweiz! (Nachhaltigkeitsinitiative)»;municipality;6635;Presinge;25;Genf;116;148;270;463
2026-06-14;6860;Volksinitiative «Keine 10-Millionen-Schweiz! (Nachhaltigkeitsinitiative)»;municipality;6636;Puplinge;25;Genf;319;592;921;1575
2026-06-14;6860;Volksinitiative «Keine 10-Millionen-Schweiz! (Nachhaltigkeitsinitiative)»;municipality;6637;Russin;25;Genf;96;135;235;333
2026-06-14;6860;Volksinitiative «Keine 10-Millionen-Schweiz! (Nachhaltigkeitsinitiative)»;municipality;6638;Satigny;25;Genf;582;904;1512;2569
2026-06-14;6860;Volksinitiative «Keine 10-Millionen-Schweiz! (Nachhaltigkeitsinitiative)»;municipality;6639;Soral;25;Genf;149;199;354;595
2026-06-14;6860;Volksinitiative «Keine 10-Millionen-Schweiz! (Nachhaltigkeitsinitiative)»;municipality;6640;Thônex;25;Genf;1737;2811;4615;8455
2026-06-14;6860;Volksinitiative «Keine 10-Millionen-Schweiz! (Nachhaltigkeitsinitiative)»;municipality;6641;Troinex;25;Genf;399;930;1346;2055
2026-06-14;6860;Volksinitiative «Keine 10-Millionen-Schweiz! (Nachhaltigkeitsinitiative)»;municipality;6642;Vandoeuvres;25;Genf;405;663;1079;1631
2026-06-14;6860;Volksinitiative «Keine 10-Millionen-Schweiz! (Nachhaltigkeitsinitiative)»;municipality;6643;Vernier;25;Genf;3154;4398;7685;16552
2026-06-14;6860;Volksinitiative «Keine 10-Millionen-Schweiz! (Nachhaltigkeitsinitiative)»;municipality;6644;Versoix;25;Genf;1218;2051;3318;6269
2026-06-14;6860;Volksinitiative «Keine 10-Millionen-Schweiz! (Nachhaltigkeitsinitiative)»;municipality;6645;Veyrier;25;Genf;1342;2876;4272;6993
2026-06-14;6860;Volksinitiative «Keine 10-Millionen-Schweiz! (Nachhaltigkeitsinitiative)»;municipality;6702;Boécourt;26;Jura;154;221;376;734
2026-06-14;6860;Volksinitiative «Keine 10-Millionen-Schweiz! (Nachhaltigkeitsinitiative)»;municipality;6703;Bourrignon;26;Jura;81;61;143;253
2026-06-14;6860;Volksinitiative «Keine 10-Millionen-Schweiz! (Nachhaltigkeitsinitiative)»;municipality;6704;Châtillon (JU);26;Jura;132;99;234;399
2026-06-14;6860;Volksinitiative «Keine 10-Millionen-Schweiz! (Nachhaltigkeitsinitiative)»;municipality;6706;Courchapoix;26;Jura;72;106;178;358
2026-06-14;6860;Volksinitiative «Keine 10-Millionen-Schweiz! (Nachhaltigkeitsinitiative)»;municipality;6708;Courrendlin;26;Jura;583;637;1232;2370
2026-06-14;6860;Volksinitiative «Keine 10-Millionen-Schweiz! (Nachhaltigkeitsinitiative)»;municipality;6709;Courroux;26;Jura;542;731;1290;2419
2026-06-14;6860;Volksinitiative «Keine 10-Millionen-Schweiz! (Nachhaltigkeitsinitiative)»;municipality;6710;Courtételle;26;Jura;388;635;1037;2020
2026-06-14;6860;Volksinitiative «Keine 10-Millionen-Schweiz! (Nachhaltigkeitsinitiative)»;municipality;6711;Delémont;26;Jura;1070;2708;3811;7776
2026-06-14;6860;Volksinitiative «Keine 10-Millionen-Schweiz! (Nachhaltigkeitsinitiative)»;municipality;6712;Develier;26;Jura;231;328;568;992
2026-06-14;6860;Volksinitiative «Keine 10-Millionen-Schweiz! (Nachhaltigkeitsinitiative)»;municipality;6713;Ederswiler;26;Jura;48;8;56;90
2026-06-14;6860;Volksinitiative «Keine 10-Millionen-Schweiz! (Nachhaltigkeitsinitiative)»;municipality;6715;Mervelier;26;Jura;100;140;242;411
2026-06-14;6860;Volksinitiative «Keine 10-Millionen-Schweiz! (Nachhaltigkeitsinitiative)»;municipality;6716;Mettembert;26;Jura;18;34;53;76
2026-06-14;6860;Volksinitiative «Keine 10-Millionen-Schweiz! (Nachhaltigkeitsinitiative)»;municipality;6718;Movelier;26;Jura;103;68;174;335
2026-06-14;6860;Volksinitiative «Keine 10-Millionen-Schweiz! (Nachhaltigkeitsinitiative)»;municipality;6719;Pleigne;26;Jura;89;89;182;334
2026-06-14;6860;Volksinitiative «Keine 10-Millionen-Schweiz! (Nachhaltigkeitsinitiative)»;municipality;6721;Rossemaison;26;Jura;122;208;334;577
2026-06-14;6860;Volksinitiative «Keine 10-Millionen-Schweiz! (Nachhaltigkeitsinitiative)»;municipality;6722;Saulcy;26;Jura;61;73;136;216
2026-06-14;6860;Volksinitiative «Keine 10-Millionen-Schweiz! (Nachhaltigkeitsinitiative)»;municipality;6724;Soyhières;26;Jura;99;65;166;307
2026-06-14;6860;Volksinitiative «Keine 10-Millionen-Schweiz! (Nachhaltigkeitsinitiative)»;municipality;6729;Haute-Sorne;26;Jura;1072;1420;2518;5220
2026-06-14;6860;Volksinitiative «Keine 10-Millionen-Schweiz! (Nachhaltigkeitsinitiative)»;municipality;6730;Val Terbi;26;Jura;614;748;1379;2552
2026-06-14;6860;Volksinitiative «Keine 10-Millionen-Schweiz! (Nachhaltigkeitsinitiative)»;municipality;6741;Le Bémont (JU);26;Jura;60;84;146;299
2026-06-14;6860;Volksinitiative «Keine 10-Millionen-Schweiz! (Nachhaltigkeitsinitiative)»;municipality;6742;Les Bois;26;Jura;168;276;445;964
2026-06-14;6860;Volksinitiative «Keine 10-Millionen-Schweiz! (Nachhaltigkeitsinitiative)»;municipality;6743;Les Breuleux;26;Jura;217;489;713;1243
2026-06-14;6860;Volksinitiative «Keine 10-Millionen-Schweiz! (Nachhaltigkeitsinitiative)»;municipality;6745;Les Enfers;26;Jura;25;48;73;111
2026-06-14;6860;Volksinitiative «Keine 10-Millionen-Schweiz! (Nachhaltigkeitsinitiative)»;municipality;6748;Les Genevez (JU);26;Jura;84;132;217;457
2026-06-14;6860;Volksinitiative «Keine 10-Millionen-Schweiz! (Nachhaltigkeitsinitiative)»;municipality;6750;Lajoux (JU);26;Jura;98;226;328;589
2026-06-14;6860;Volksinitiative «Keine 10-Millionen-Schweiz! (Nachhaltigkeitsinitiative)»;municipality;6751;Montfaucon;26;Jura;111;146;259;477
2026-06-14;6860;Volksinitiative «Keine 10-Millionen-Schweiz! (Nachhaltigkeitsinitiative)»;municipality;6753;Muriaux;26;Jura;101;123;227;467
2026-06-14;6860;Volksinitiative «Keine 10-Millionen-Schweiz! (Nachhaltigkeitsinitiative)»;municipality;6754;Le Noirmont;26;Jura;224;487;721;1424
2026-06-14;6860;Volksinitiative «Keine 10-Millionen-Schweiz! (Nachhaltigkeitsinitiative)»;municipality;6757;Saignelégier;26;Jura;314;798;1121;2032
2026-06-14;6860;Volksinitiative «Keine 10-Millionen-Schweiz! (Nachhaltigkeitsinitiative)»;municipality;6758;Saint-Brais;26;Jura;38;60;99;212
2026-06-14;6860;Volksinitiative «Keine 10-Millionen-Schweiz! (Nachhaltigkeitsinitiative)»;municipality;6759;Soubey;26;Jura;32;25;60;134
2026-06-14;6860;Volksinitiative «Keine 10-Millionen-Schweiz! (Nachhaltigkeitsinitiative)»;municipality;6771;Alle;26;Jura;325;435;764;1460
2026-06-14;6860;Volksinitiative «Keine 10-Millionen-Schweiz! (Nachhaltigkeitsinitiative)»;municipality;6774;Boncourt;26;Jura;205;229;438;986
2026-06-14;6860;Volksinitiative «Keine 10-Millionen-Schweiz! (Nachhaltigkeitsinitiative)»;municipality;6778;Bure;26;Jura;183;161;348;595
2026-06-14;6860;Volksinitiative «Keine 10-Millionen-Schweiz! (Nachhaltigkeitsinitiative)»;municipality;6781;Coeuve;26;Jura;124;156;283;594
2026-06-14;6860;Volksinitiative «Keine 10-Millionen-Schweiz! (Nachhaltigkeitsinitiative)»;municipality;6782;Cornol;26;Jura;184;197;384;834
2026-06-14;6860;Volksinitiative «Keine 10-Millionen-Schweiz! (Nachhaltigkeitsinitiative)»;municipality;6783;Courchavon;26;Jura;63;79;142;239
2026-06-14;6860;Volksinitiative «Keine 10-Millionen-Schweiz! (Nachhaltigkeitsinitiative)»;municipality;6784;Courgenay;26;Jura;397;489;895;1837
2026-06-14;6860;Volksinitiative «Keine 10-Millionen-Schweiz! (Nachhaltigkeitsinitiative)»;municipality;6785;Courtedoux;26;Jura;138;181;323;600
2026-06-14;6860;Volksinitiative «Keine 10-Millionen-Schweiz! (Nachhaltigkeitsinitiative)»;municipality;6789;Fahy;26;Jura;77;66;144;283
2026-06-14;6860;Volksinitiative «Keine 10-Millionen-Schweiz! (Nachhaltigkeitsinitiative)»;municipality;6790;Fontenais;26;Jura;243;399;649;1294
2026-06-14;6860;Volksinitiative «Keine 10-Millionen-Schweiz! (Nachhaltigkeitsinitiative)»;municipality;6792;Grandfontaine;26;Jura;89;67;159;303
2026-06-14;6860;Volksinitiative «Keine 10-Millionen-Schweiz! (Nachhaltigkeitsinitiative)»;municipality;6800;Porrentruy;26;Jura;778;1497;2295;4547
2026-06-14;6860;Volksinitiative «Keine 10-Millionen-Schweiz! (Nachhaltigkeitsinitiative)»;municipality;6806;Vendlincourt;26;Jura;142;116;261;478
2026-06-14;6860;Volksinitiative «Keine 10-Millionen-Schweiz! (Nachhaltigkeitsinitiative)»;municipality;6807;Basse-Allaine;26;Jura;209;217;436;949
2026-06-14;6860;Volksinitiative «Keine 10-Millionen-Schweiz! (Nachhaltigkeitsinitiative)»;municipality;6808;Clos du Doubs;26;Jura;215;283;506;1158
2026-06-14;6860;Volksinitiative «Keine 10-Millionen-Schweiz! (Nachhaltigkeitsinitiative)»;municipality;6809;Haute-Ajoie;26;Jura;222;284;507;1021
2026-06-14;6860;Volksinitiative «Keine 10-Millionen-Schweiz! (Nachhaltigkeitsinitiative)»;municipality;6810;La Baroche;26;Jura;270;214;487;994
2026-06-14;6860;Volksinitiative «Keine 10-Millionen-Schweiz! (Nachhaltigkeitsinitiative)»;municipality;6811;Damphreux-Lugnez;26;Jura;83;68;154;299
2026-06-14;6860;Volksinitiative «Keine 10-Millionen-Schweiz! (Nachhaltigkeitsinitiative)»;municipality;6812;Basse-Vendline;26;Jura;150;156;314;695
2026-06-14;6860;Volksinitiative «Keine 10-Millionen-Schweiz! (Nachhaltigkeitsinitiative)»;municipality;6831;Moutier;26;Jura;801;1290;2115;4355
2026-06-14;6860;Volksinitiative «Keine 10-Millionen-Schweiz! (Nachhaltigkeitsinitiative)»;abroad_region;9010;ZH-Ausland-CH;1;Zürich;2760;7247;10043;37248
2026-06-14;6860;Volksinitiative «Keine 10-Millionen-Schweiz! (Nachhaltigkeitsinitiative)»;abroad_region;9030;LU-Ausland-CH;3;Luzern;563;1360;1977;6926
2026-06-14;6860;Volksinitiative «Keine 10-Millionen-Schweiz! (Nachhaltigkeitsinitiative)»;abroad_region;9040;UR-Ausland-CH;4;Uri;41;130;173;426
2026-06-14;6860;Volksinitiative «Keine 10-Millionen-Schweiz! (Nachhaltigkeitsinitiative)»;abroad_region;9100;FR-CH de l'étranger;10;Freiburg;780;1739;2555;8727
2026-06-14;6860;Volksinitiative «Keine 10-Millionen-Schweiz! (Nachhaltigkeitsinitiative)»;abroad_region;9120;BS-Ausland-CH;12;Basel-Stadt;686;2020;2724;10319
2026-06-14;6860;Volksinitiative «Keine 10-Millionen-Schweiz! (Nachhaltigkeitsinitiative)»;abroad_region;9160;AI-Ausland-CH;16;Appenzell Innerrhoden;38;98;139;575
2026-06-14;6860;Volksinitiative «Keine 10-Millionen-Schweiz! (Nachhaltigkeitsinitiative)»;abroad_region;9170;SG-Ausland-CH;17;St. Gallen;1533;2422;3969;11724
2026-06-14;6860;Volksinitiative «Keine 10-Millionen-Schweiz! (Nachhaltigkeitsinitiative)»;abroad_region;9190;AG-Ausland-CH;19;Aargau;1149;2243;3406;12915
2026-06-14;6860;Volksinitiative «Keine 10-Millionen-Schweiz! (Nachhaltigkeitsinitiative)»;abroad_region;9200;TG-Ausland-CH;20;Thurgau;567;1091;1671;5338
2026-06-14;6860;Volksinitiative «Keine 10-Millionen-Schweiz! (Nachhaltigkeitsinitiative)»;abroad_region;9220;VD-CH de l'étranger;22;Waadt;2057;4970;7089;26139
2026-06-14;6860;Volksinitiative «Keine 10-Millionen-Schweiz! (Nachhaltigkeitsinitiative)»;abroad_region;9230;VS-CH de l'étranger;23;Wallis;589;1310;2028;7964
2026-06-14;6860;Volksinitiative «Keine 10-Millionen-Schweiz! (Nachhaltigkeitsinitiative)»;abroad_region;9250;GE-CH de l'étranger;25;Genf;2869;7441;10421;36252
2026-06-14;6870;Änderung des Bundesgesetzes über den zivilen Ersatzdienst (Zivildienstgesetz, ZDG);canton;1;Zürich;1;Zürich;288081;290313;590346;982722
2026-06-14;6870;Änderung des Bundesgesetzes über den zivilen Ersatzdienst (Zivildienstgesetz, ZDG);canton;2;Bern;2;Bern;219894;218236;448224;748021
2026-06-14;6870;Änderung des Bundesgesetzes über den zivilen Ersatzdienst (Zivildienstgesetz, ZDG);canton;3;Luzern;3;Luzern;101685;77097;182805;289486
2026-06-14;6870;Änderung des Bundesgesetzes über den zivilen Ersatzdienst (Zivildienstgesetz, ZDG);canton;4;Uri;4;Uri;9335;7059;16776;27244
2026-06-14;6870;Änderung des Bundesgesetzes über den zivilen Ersatzdienst (Zivildienstgesetz, ZDG);canton;5;Schwyz;5;Schwyz;45649;26520;72955;109531
2026-06-14;6870;Änderung des Bundesgesetzes über den zivilen Ersatzdienst (Zivildienstgesetz, ZDG);canton;6;Obwalden;6;Obwalden;11520;6681;18708;27967
2026-06-14;6870;Änderung des Bundesgesetzes über den zivilen Ersatzdienst (Zivildienstgesetz, ZDG);canton;7;Nidwalden;7;Nidwalden;12952;7536;20939;32134
2026-06-14;6870;Änderung des Bundesgesetzes über den zivilen Ersatzdienst (Zivildienstgesetz, ZDG);canton;8;Glarus;8;Glarus;9383;5631;15496;26857
2026-06-14;6870;Änderung des Bundesgesetzes über den zivilen Ersatzdienst (Zivildienstgesetz, ZDG);canton;9;Zug;9;Zug;31708;20996;53255;80118
2026-06-14;6870;Änderung des Bundesgesetzes über den zivilen Ersatzdienst (Zivildienstgesetz, ZDG);canton;10;Freiburg;10;Freiburg;60721;60331;124207;220942
2026-06-14;6870;Änderung des Bundesgesetzes über den zivilen Ersatzdienst (Zivildienstgesetz, ZDG);canton;11;Solothurn;11;Solothurn;57758;47495;106893;184392
2026-06-14;6870;Änderung des Bundesgesetzes über den zivilen Ersatzdienst (Zivildienstgesetz, ZDG);canton;12;Basel-Stadt;12;Basel-Stadt;26062;42557;70672;114902
2026-06-14;6870;Änderung des Bundesgesetzes über den zivilen Ersatzdienst (Zivildienstgesetz, ZDG);canton;13;Basel-Landschaft;13;Basel-Landschaft;56397;51866;111828;192865
2026-06-14;6870;Änderung des Bundesgesetzes über den zivilen Ersatzdienst (Zivildienstgesetz, ZDG);canton;14;Schaffhausen;14;Schaffhausen;20090;17692;40524;55011
2026-06-14;6870;Änderung des Bundesgesetzes über den zivilen Ersatzdienst (Zivildienstgesetz, ZDG);canton;15;Appenzell Ausserrhoden;15;Appenzell Ausserrhoden;14472;9759;24670;39570
2026-06-14;6870;Änderung des Bundesgesetzes über den zivilen Ersatzdienst (Zivildienstgesetz, ZDG);canton;16;Appenzell Innerrhoden;16;Appenzell Innerrhoden;5224;2563;7990;12493
2026-06-14;6870;Änderung des Bundesgesetzes über den zivilen Ersatzdienst (Zivildienstgesetz, ZDG);canton;17;St. Gallen;17;St. Gallen;114042;79585;196474;335066
2026-06-14;6870;Änderung des Bundesgesetzes über den zivilen Ersatzdienst (Zivildienstgesetz, ZDG);canton;18;Graubünden;18;Graubünden;47855;32876;83017;143330
2026-06-14;6870;Änderung des Bundesgesetzes über den zivilen Ersatzdienst (Zivildienstgesetz, ZDG);canton;19;Aargau;19;Aargau;146127;113951;264289;450411
2026-06-14;6870;Änderung des Bundesgesetzes über den zivilen Ersatzdienst (Zivildienstgesetz, ZDG);canton;20;Thurgau;20;Thurgau;62728;41588;107801;183002
2026-06-14;6870;Änderung des Bundesgesetzes über den zivilen Ersatzdienst (Zivildienstgesetz, ZDG);canton;21;Tessin;21;Tessin;59642;51089;114223;226935
2026-06-14;6870;Änderung des Bundesgesetzes über den zivilen Ersatzdienst (Zivildienstgesetz, ZDG);canton;22;Waadt;22;Waadt;116873;136038;261130;487995
2026-06-14;6870;Änderung des Bundesgesetzes über den zivilen Ersatzdienst (Zivildienstgesetz, ZDG);canton;23;Wallis;23;Wallis;73883;55521;134289;236956
2026-06-14;6870;Änderung des Bundesgesetzes über den zivilen Ersatzdienst (Zivildienstgesetz, ZDG);canton;24;Neuenburg;24;Neuenburg;24925;31649;57760;115278
2026-06-14;6870;Änderung des Bundesgesetzes über den zivilen Ersatzdienst (Zivildienstgesetz, ZDG);canton;25;Genf;25;Genf;62115;79745;147903;286516
2026-06-14;6870;Änderung des Bundesgesetzes über den zivilen Ersatzdienst (Zivildienstgesetz, ZDG);canton;26;Jura;26;Jura;11495;17775;29886;59369
2026-06-14;6870;Änderung des Bundesgesetzes über den zivilen Ersatzdienst (Zivildienstgesetz, ZDG);district;101;Affoltern;1;Zürich;13247;10362;24073;36898
2026-06-14;6870;Änderung des Bundesgesetzes über den zivilen Ersatzdienst (Zivildienstgesetz, ZDG);district;102;Andelfingen;1;Zürich;8971;6052;15336;23355
2026-06-14;6870;Änderung des Bundesgesetzes über den zivilen Ersatzdienst (Zivildienstgesetz, ZDG);district;103;Bülach;1;Zürich;28469;21418;50862;93024
2026-06-14;6870;Änderung des Bundesgesetzes über den zivilen Ersatzdienst (Zivildienstgesetz, ZDG);district;104;Dielsdorf;1;Zürich;17621;12354;30688;55446
2026-06-14;6870;Änderung des Bundesgesetzes über den zivilen Ersatzdienst (Zivildienstgesetz, ZDG);district;105;Hinwil;1;Zürich;21502;16429;38607;64747
2026-06-14;6870;Änderung des Bundesgesetzes über den zivilen Ersatzdienst (Zivildienstgesetz, ZDG);district;106;Horgen;1;Zürich;25537;21311;47786;75906
2026-06-14;6870;Änderung des Bundesgesetzes über den zivilen Ersatzdienst (Zivildienstgesetz, ZDG);district;107;Meilen;1;Zürich;27410;18603;47324;68497
2026-06-14;6870;Änderung des Bundesgesetzes über den zivilen Ersatzdienst (Zivildienstgesetz, ZDG);district;108;Pfäffikon;1;Zürich;14303;10183;24979;41244
2026-06-14;6870;Änderung des Bundesgesetzes über den zivilen Ersatzdienst (Zivildienstgesetz, ZDG);district;109;Uster;1;Zürich;26590;23172;50741;84015
2026-06-14;6870;Änderung des Bundesgesetzes über den zivilen Ersatzdienst (Zivildienstgesetz, ZDG);district;110;Winterthur;1;Zürich;32234;37564;71328;114269
2026-06-14;6870;Änderung des Bundesgesetzes über den zivilen Ersatzdienst (Zivildienstgesetz, ZDG);district;111;Dietikon;1;Zürich;14801;11948;27223;50018
2026-06-14;6870;Änderung des Bundesgesetzes über den zivilen Ersatzdienst (Zivildienstgesetz, ZDG);district;112;Zürich;1;Zürich;52379;96205;151482;238055
2026-06-14;6870;Änderung des Bundesgesetzes über den zivilen Ersatzdienst (Zivildienstgesetz, ZDG);district;241;Jura bernois;2;Bern;7732;8402;16634;32736
2026-06-14;6870;Änderung des Bundesgesetzes über den zivilen Ersatzdienst (Zivildienstgesetz, ZDG);district;242;Biel/Bienne;2;Bern;14735;18322;33804;64405
2026-06-14;6870;Änderung des Bundesgesetzes über den zivilen Ersatzdienst (Zivildienstgesetz, ZDG);district;243;Seeland;2;Bern;18700;14174;33544;56715
2026-06-14;6870;Änderung des Bundesgesetzes über den zivilen Ersatzdienst (Zivildienstgesetz, ZDG);district;244;Oberaargau;2;Bern;19889;14110;34686;60497
2026-06-14;6870;Änderung des Bundesgesetzes über den zivilen Ersatzdienst (Zivildienstgesetz, ZDG);district;245;Emmental;2;Bern;24698;19119;44791;77567
2026-06-14;6870;Änderung des Bundesgesetzes über den zivilen Ersatzdienst (Zivildienstgesetz, ZDG);district;246;Bern-Mittelland;2;Bern;79096;105451;188685;296399
2026-06-14;6870;Änderung des Bundesgesetzes über den zivilen Ersatzdienst (Zivildienstgesetz, ZDG);district;247;Thun;2;Bern;27268;21360;49858;82891
2026-06-14;6870;Änderung des Bundesgesetzes über den zivilen Ersatzdienst (Zivildienstgesetz, ZDG);district;248;Obersimmental-Saanen;2;Bern;4290;2374;6886;11574
2026-06-14;6870;Änderung des Bundesgesetzes über den zivilen Ersatzdienst (Zivildienstgesetz, ZDG);district;249;Frutigen-Niedersimmental;2;Bern;12083;7296;19904;31740
2026-06-14;6870;Änderung des Bundesgesetzes über den zivilen Ersatzdienst (Zivildienstgesetz, ZDG);district;250;Interlaken-Oberhasli;2;Bern;11403;7628;19432;33497
2026-06-14;6870;Änderung des Bundesgesetzes über den zivilen Ersatzdienst (Zivildienstgesetz, ZDG);district;311;Luzern-Stadt;3;Luzern;14177;18969;34193;53237
2026-06-14;6870;Änderung des Bundesgesetzes über den zivilen Ersatzdienst (Zivildienstgesetz, ZDG);district;312;Luzern-Land;3;Luzern;26229;19217;46367;72265
2026-06-14;6870;Änderung des Bundesgesetzes über den zivilen Ersatzdienst (Zivildienstgesetz, ZDG);district;313;Hochdorf;3;Luzern;17061;11278;28866;47100
2026-06-14;6870;Änderung des Bundesgesetzes über den zivilen Ersatzdienst (Zivildienstgesetz, ZDG);district;314;Sursee;3;Luzern;21033;14189;36005;54966
2026-06-14;6870;Änderung des Bundesgesetzes über den zivilen Ersatzdienst (Zivildienstgesetz, ZDG);district;315;Willisau;3;Luzern;14387;8836;23676;37926
2026-06-14;6870;Änderung des Bundesgesetzes über den zivilen Ersatzdienst (Zivildienstgesetz, ZDG);district;316;Entlebuch;3;Luzern;7778;3756;11740;17066
2026-06-14;6870;Änderung des Bundesgesetzes über den zivilen Ersatzdienst (Zivildienstgesetz, ZDG);district;400;Kt. Uri;4;Uri;9242;6989;16611;26818
2026-06-14;6870;Änderung des Bundesgesetzes über den zivilen Ersatzdienst (Zivildienstgesetz, ZDG);district;501;Einsiedeln;5;Schwyz;5053;2931;8085;11576
2026-06-14;6870;Änderung des Bundesgesetzes über den zivilen Ersatzdienst (Zivildienstgesetz, ZDG);district;502;Gersau;5;Schwyz;624;395;1039;1559
2026-06-14;6870;Änderung des Bundesgesetzes über den zivilen Ersatzdienst (Zivildienstgesetz, ZDG);district;503;Höfe;5;Schwyz;8196;4053;12373;18749
2026-06-14;6870;Änderung des Bundesgesetzes über den zivilen Ersatzdienst (Zivildienstgesetz, ZDG);district;504;Küssnacht (SZ);5;Schwyz;3780;2285;6148;8869
2026-06-14;6870;Änderung des Bundesgesetzes über den zivilen Ersatzdienst (Zivildienstgesetz, ZDG);district;505;March;5;Schwyz;11330;6796;18314;29055
2026-06-14;6870;Änderung des Bundesgesetzes über den zivilen Ersatzdienst (Zivildienstgesetz, ZDG);district;506;Schwyz;5;Schwyz;16666;10060;26996;39723
2026-06-14;6870;Änderung des Bundesgesetzes über den zivilen Ersatzdienst (Zivildienstgesetz, ZDG);district;600;Kt. Obwalden;6;Obwalden;11520;6681;18708;27967
2026-06-14;6870;Änderung des Bundesgesetzes über den zivilen Ersatzdienst (Zivildienstgesetz, ZDG);district;700;Kt. Nidwalden;7;Nidwalden;12952;7536;20939;32134
2026-06-14;6870;Änderung des Bundesgesetzes über den zivilen Ersatzdienst (Zivildienstgesetz, ZDG);district;800;Kt. Glarus;8;Glarus;9383;5631;15496;26857
2026-06-14;6870;Änderung des Bundesgesetzes über den zivilen Ersatzdienst (Zivildienstgesetz, ZDG);district;900;Kt. Zug;9;Zug;31708;20996;53255;80118
2026-06-14;6870;Änderung des Bundesgesetzes über den zivilen Ersatzdienst (Zivildienstgesetz, ZDG);district;1001;La Broye;10;Freiburg;6340;5525;12299;23394
2026-06-14;6870;Änderung des Bundesgesetzes über den zivilen Ersatzdienst (Zivildienstgesetz, ZDG);district;1002;La Glâne;10;Freiburg;4841;4251;9436;16700
2026-06-14;6870;Änderung des Bundesgesetzes über den zivilen Ersatzdienst (Zivildienstgesetz, ZDG);district;1003;La Gruyère;10;Freiburg;10238;9149;19901;35600
2026-06-14;6870;Änderung des Bundesgesetzes über den zivilen Ersatzdienst (Zivildienstgesetz, ZDG);district;1004;La Sarine;10;Freiburg;15805;20323;37000;64526
2026-06-14;6870;Änderung des Bundesgesetzes über den zivilen Ersatzdienst (Zivildienstgesetz, ZDG);district;1005;See / Lac;10;Freiburg;8115;6482;14856;24863
2026-06-14;6870;Änderung des Bundesgesetzes über den zivilen Ersatzdienst (Zivildienstgesetz, ZDG);district;1006;Sense;10;Freiburg;10233;10006;20581;33616
2026-06-14;6870;Änderung des Bundesgesetzes über den zivilen Ersatzdienst (Zivildienstgesetz, ZDG);district;1007;La Veveyse;10;Freiburg;3733;3535;7579;13516
2026-06-14;6870;Änderung des Bundesgesetzes über den zivilen Ersatzdienst (Zivildienstgesetz, ZDG);district;1101;Gäu;11;Solothurn;5063;2854;8042;13955
2026-06-14;6870;Änderung des Bundesgesetzes über den zivilen Ersatzdienst (Zivildienstgesetz, ZDG);district;1102;Thal;11;Solothurn;3890;2310;6267;10221
2026-06-14;6870;Änderung des Bundesgesetzes über den zivilen Ersatzdienst (Zivildienstgesetz, ZDG);district;1103;Bucheggberg;11;Solothurn;2249;1715;4016;6599
2026-06-14;6870;Änderung des Bundesgesetzes über den zivilen Ersatzdienst (Zivildienstgesetz, ZDG);district;1104;Dorneck;11;Solothurn;4543;4329;9008;14454
2026-06-14;6870;Änderung des Bundesgesetzes über den zivilen Ersatzdienst (Zivildienstgesetz, ZDG);district;1105;Gösgen;11;Solothurn;5157;3973;9267;16213
2026-06-14;6870;Änderung des Bundesgesetzes über den zivilen Ersatzdienst (Zivildienstgesetz, ZDG);district;1106;Wasseramt;11;Solothurn;10564;8807;19680;34673
2026-06-14;6870;Änderung des Bundesgesetzes über den zivilen Ersatzdienst (Zivildienstgesetz, ZDG);district;1107;Lebern;11;Solothurn;9404;7356;17033;30682
2026-06-14;6870;Änderung des Bundesgesetzes über den zivilen Ersatzdienst (Zivildienstgesetz, ZDG);district;1108;Olten;11;Solothurn;10582;9316;20216;35102
2026-06-14;6870;Änderung des Bundesgesetzes über den zivilen Ersatzdienst (Zivildienstgesetz, ZDG);district;1109;Solothurn;11;Solothurn;2896;4137;7150;11572
2026-06-14;6870;Änderung des Bundesgesetzes über den zivilen Ersatzdienst (Zivildienstgesetz, ZDG);district;1110;Thierstein;11;Solothurn;3410;2698;6214;10921
2026-06-14;6870;Änderung des Bundesgesetzes über den zivilen Ersatzdienst (Zivildienstgesetz, ZDG);district;1200;Kt. Basel-Stadt;12;Basel-Stadt;24862;41105;67948;104583
2026-06-14;6870;Änderung des Bundesgesetzes über den zivilen Ersatzdienst (Zivildienstgesetz, ZDG);district;1301;Arlesheim;13;Basel-Landschaft;29530;28598;60311;103046
2026-06-14;6870;Änderung des Bundesgesetzes über den zivilen Ersatzdienst (Zivildienstgesetz, ZDG);district;1302;Laufen;13;Basel-Landschaft;4198;3544;7935;14195
2026-06-14;6870;Änderung des Bundesgesetzes über den zivilen Ersatzdienst (Zivildienstgesetz, ZDG);district;1303;Liestal;13;Basel-Landschaft;10431;9723;20723;37645
2026-06-14;6870;Änderung des Bundesgesetzes über den zivilen Ersatzdienst (Zivildienstgesetz, ZDG);district;1304;Sissach;13;Basel-Landschaft;8555;7260;16240;26530
2026-06-14;6870;Änderung des Bundesgesetzes über den zivilen Ersatzdienst (Zivildienstgesetz, ZDG);district;1305;Waldenburg;13;Basel-Landschaft;3683;2741;6619;11449
2026-06-14;6870;Änderung des Bundesgesetzes über den zivilen Ersatzdienst (Zivildienstgesetz, ZDG);district;1401;Oberklettgau;14;Schaffhausen;1512;990;2659;3604
2026-06-14;6870;Änderung des Bundesgesetzes über den zivilen Ersatzdienst (Zivildienstgesetz, ZDG);district;1402;Reiat;14;Schaffhausen;2600;1771;4729;6157
2026-06-14;6870;Änderung des Bundesgesetzes über den zivilen Ersatzdienst (Zivildienstgesetz, ZDG);district;1403;Schaffhausen;14;Schaffhausen;11661;12040;25544;35094
2026-06-14;6870;Änderung des Bundesgesetzes über den zivilen Ersatzdienst (Zivildienstgesetz, ZDG);district;1404;Schleitheim;14;Schaffhausen;988;580;1694;2220
2026-06-14;6870;Änderung des Bundesgesetzes über den zivilen Ersatzdienst (Zivildienstgesetz, ZDG);district;1405;Stein;14;Schaffhausen;1643;1337;3112;4127
2026-06-14;6870;Änderung des Bundesgesetzes über den zivilen Ersatzdienst (Zivildienstgesetz, ZDG);district;1406;Unterklettgau;14;Schaffhausen;1686;974;2786;3809
2026-06-14;6870;Änderung des Bundesgesetzes über den zivilen Ersatzdienst (Zivildienstgesetz, ZDG);district;1501;Hinterland;15;Appenzell Ausserrhoden;6242;3644;10024;16801
2026-06-14;6870;Änderung des Bundesgesetzes über den zivilen Ersatzdienst (Zivildienstgesetz, ZDG);district;1502;Mittelland;15;Appenzell Ausserrhoden;4971;3590;8680;13128
2026-06-14;6870;Änderung des Bundesgesetzes über den zivilen Ersatzdienst (Zivildienstgesetz, ZDG);district;1503;Vorderland;15;Appenzell Ausserrhoden;3259;2525;5966;9641
2026-06-14;6870;Änderung des Bundesgesetzes über den zivilen Ersatzdienst (Zivildienstgesetz, ZDG);district;1600;Kt. Appenzell i.Rh.;16;Appenzell Innerrhoden;5153;2497;7851;11918
2026-06-14;6870;Änderung des Bundesgesetzes über den zivilen Ersatzdienst (Zivildienstgesetz, ZDG);district;1721;St. Gallen;17;St. Gallen;22841;20143;43877;75212
2026-06-14;6870;Änderung des Bundesgesetzes über den zivilen Ersatzdienst (Zivildienstgesetz, ZDG);district;1722;Rorschach;17;St. Gallen;8827;5907;14896;26304
2026-06-14;6870;Änderung des Bundesgesetzes über den zivilen Ersatzdienst (Zivildienstgesetz, ZDG);district;1723;Rheintal;17;St. Gallen;16149;9737;26164;44691
2026-06-14;6870;Änderung des Bundesgesetzes über den zivilen Ersatzdienst (Zivildienstgesetz, ZDG);district;1724;Werdenberg;17;St. Gallen;7776;5458;13346;22233
2026-06-14;6870;Änderung des Bundesgesetzes über den zivilen Ersatzdienst (Zivildienstgesetz, ZDG);district;1725;Sarganserland;17;St. Gallen;10104;6665;16943;27851
2026-06-14;6870;Änderung des Bundesgesetzes über den zivilen Ersatzdienst (Zivildienstgesetz, ZDG);district;1726;See-Gaster;17;St. Gallen;16848;11662;29056;47162
2026-06-14;6870;Änderung des Bundesgesetzes über den zivilen Ersatzdienst (Zivildienstgesetz, ZDG);district;1727;Toggenburg;17;St. Gallen;12091;7433;19768;31738
2026-06-14;6870;Änderung des Bundesgesetzes über den zivilen Ersatzdienst (Zivildienstgesetz, ZDG);district;1728;Wil;17;St. Gallen;17148;10958;28455;48151
2026-06-14;6870;Änderung des Bundesgesetzes über den zivilen Ersatzdienst (Zivildienstgesetz, ZDG);district;1841;Albula;18;Graubünden;2125;1348;3582;5860
2026-06-14;6870;Änderung des Bundesgesetzes über den zivilen Ersatzdienst (Zivildienstgesetz, ZDG);district;1842;Bernina;18;Graubünden;1248;760;2066;3744
2026-06-14;6870;Änderung des Bundesgesetzes über den zivilen Ersatzdienst (Zivildienstgesetz, ZDG);district;1843;Engiadina B./Val Müstair;18;Graubünden;2266;1609;3981;6718
2026-06-14;6870;Änderung des Bundesgesetzes über den zivilen Ersatzdienst (Zivildienstgesetz, ZDG);district;1844;Imboden;18;Graubünden;4743;3403;8365;14831
2026-06-14;6870;Änderung des Bundesgesetzes über den zivilen Ersatzdienst (Zivildienstgesetz, ZDG);district;1845;Landquart;18;Graubünden;6487;4056;10826;18922
2026-06-14;6870;Änderung des Bundesgesetzes über den zivilen Ersatzdienst (Zivildienstgesetz, ZDG);district;1846;Maloja;18;Graubünden;4253;2447;6890;11478
2026-06-14;6870;Änderung des Bundesgesetzes über den zivilen Ersatzdienst (Zivildienstgesetz, ZDG);district;1847;Moesa;18;Graubünden;2017;1490;3691;6479
2026-06-14;6870;Änderung des Bundesgesetzes über den zivilen Ersatzdienst (Zivildienstgesetz, ZDG);district;1848;Plessur;18;Graubünden;8941;7486;16865;29930
2026-06-14;6870;Änderung des Bundesgesetzes über den zivilen Ersatzdienst (Zivildienstgesetz, ZDG);district;1849;Prättigau / Davos;18;Graubünden;6548;4208;11041;18367
2026-06-14;6870;Änderung des Bundesgesetzes über den zivilen Ersatzdienst (Zivildienstgesetz, ZDG);district;1850;Surselva;18;Graubünden;5899;3571;9740;16713
2026-06-14;6870;Änderung des Bundesgesetzes über den zivilen Ersatzdienst (Zivildienstgesetz, ZDG);district;1851;Viamala;18;Graubünden;3328;2498;5970;10288
2026-06-14;6870;Änderung des Bundesgesetzes über den zivilen Ersatzdienst (Zivildienstgesetz, ZDG);district;1901;Aarau;19;Aargau;16311;15224;32048;51150
2026-06-14;6870;Änderung des Bundesgesetzes über den zivilen Ersatzdienst (Zivildienstgesetz, ZDG);district;1902;Baden;19;Aargau;27747;24145;52765;87991
2026-06-14;6870;Änderung des Bundesgesetzes über den zivilen Ersatzdienst (Zivildienstgesetz, ZDG);district;1903;Bremgarten;19;Aargau;17250;12282;29976;50011
2026-06-14;6870;Änderung des Bundesgesetzes über den zivilen Ersatzdienst (Zivildienstgesetz, ZDG);district;1904;Brugg;19;Aargau;10940;8265;19529;31907
2026-06-14;6870;Änderung des Bundesgesetzes über den zivilen Ersatzdienst (Zivildienstgesetz, ZDG);district;1905;Kulm;19;Aargau;9480;6055;15806;27260
2026-06-14;6870;Änderung des Bundesgesetzes über den zivilen Ersatzdienst (Zivildienstgesetz, ZDG);district;1906;Laufenburg;19;Aargau;8333;5970;14544;23651
2026-06-14;6870;Änderung des Bundesgesetzes über den zivilen Ersatzdienst (Zivildienstgesetz, ZDG);district;1907;Lenzburg;19;Aargau;14304;10817;25525;42819
2026-06-14;6870;Änderung des Bundesgesetzes über den zivilen Ersatzdienst (Zivildienstgesetz, ZDG);district;1908;Muri;19;Aargau;9276;6171;15654;25894
2026-06-14;6870;Änderung des Bundesgesetzes über den zivilen Ersatzdienst (Zivildienstgesetz, ZDG);district;1909;Rheinfelden;19;Aargau;9161;7562;17034;29643
2026-06-14;6870;Änderung des Bundesgesetzes über den zivilen Ersatzdienst (Zivildienstgesetz, ZDG);district;1910;Zofingen;19;Aargau;14183;11018;25586;46113
2026-06-14;6870;Änderung des Bundesgesetzes über den zivilen Ersatzdienst (Zivildienstgesetz, ZDG);district;1911;Zurzach;19;Aargau;7312;4945;12448;21057
2026-06-14;6870;Änderung des Bundesgesetzes über den zivilen Ersatzdienst (Zivildienstgesetz, ZDG);district;2011;Arbon;20;Thurgau;11781;7831;20224;35832
2026-06-14;6870;Änderung des Bundesgesetzes über den zivilen Ersatzdienst (Zivildienstgesetz, ZDG);district;2012;Frauenfeld;20;Thurgau;16543;10956;28480;46520
2026-06-14;6870;Änderung des Bundesgesetzes über den zivilen Ersatzdienst (Zivildienstgesetz, ZDG);district;2013;Kreuzlingen;20;Thurgau;8552;6601;15689;25040
2026-06-14;6870;Änderung des Bundesgesetzes über den zivilen Ersatzdienst (Zivildienstgesetz, ZDG);district;2014;Münchwilen;20;Thurgau;11282;7117;19022;32859
2026-06-14;6870;Änderung des Bundesgesetzes über den zivilen Ersatzdienst (Zivildienstgesetz, ZDG);district;2015;Weinfelden;20;Thurgau;13659;8376;22720;37413
2026-06-14;6870;Änderung des Bundesgesetzes über den zivilen Ersatzdienst (Zivildienstgesetz, ZDG);district;2101;Bellinzona;21;Tessin;8543;7869;17021;35902
2026-06-14;6870;Änderung des Bundesgesetzes über den zivilen Ersatzdienst (Zivildienstgesetz, ZDG);district;2102;Blenio;21;Tessin;1251;902;2222;4870
2026-06-14;6870;Änderung des Bundesgesetzes über den zivilen Ersatzdienst (Zivildienstgesetz, ZDG);district;2103;Leventina;21;Tessin;1962;1169;3230;5954
2026-06-14;6870;Änderung des Bundesgesetzes über den zivilen Ersatzdienst (Zivildienstgesetz, ZDG);district;2104;Locarno;21;Tessin;10854;9877;21396;42738
2026-06-14;6870;Änderung des Bundesgesetzes über den zivilen Ersatzdienst (Zivildienstgesetz, ZDG);district;2105;Lugano;21;Tessin;25495;21264;48141;93033
2026-06-14;6870;Änderung des Bundesgesetzes über den zivilen Ersatzdienst (Zivildienstgesetz, ZDG);district;2106;Mendrisio;21;Tessin;8972;7914;17375;34127
2026-06-14;6870;Änderung des Bundesgesetzes über den zivilen Ersatzdienst (Zivildienstgesetz, ZDG);district;2107;Riviera;21;Tessin;1444;1047;2583;5785
2026-06-14;6870;Änderung des Bundesgesetzes über den zivilen Ersatzdienst (Zivildienstgesetz, ZDG);district;2108;Vallemaggia;21;Tessin;1121;1047;2255;4526
2026-06-14;6870;Änderung des Bundesgesetzes über den zivilen Ersatzdienst (Zivildienstgesetz, ZDG);district;2221;Aigle;22;Waadt;6750;6415;13651;25724
2026-06-14;6870;Änderung des Bundesgesetzes über den zivilen Ersatzdienst (Zivildienstgesetz, ZDG);district;2222;Broye-Vully;22;Waadt;7178;5451;13040;26640
2026-06-14;6870;Änderung des Bundesgesetzes über den zivilen Ersatzdienst (Zivildienstgesetz, ZDG);district;2223;Gros-de-Vaud;22;Waadt;9145;8178;17863;31015
2026-06-14;6870;Änderung des Bundesgesetzes über den zivilen Ersatzdienst (Zivildienstgesetz, ZDG);district;2224;Jura-Nord vaudois;22;Waadt;14246;15038;30289;57495
2026-06-14;6870;Änderung des Bundesgesetzes über den zivilen Ersatzdienst (Zivildienstgesetz, ZDG);district;2225;Lausanne;22;Waadt;15125;29206;45678;85195
2026-06-14;6870;Änderung des Bundesgesetzes über den zivilen Ersatzdienst (Zivildienstgesetz, ZDG);district;2226;Lavaux-Oron;22;Waadt;11170;12230;24110;39556
2026-06-14;6870;Änderung des Bundesgesetzes über den zivilen Ersatzdienst (Zivildienstgesetz, ZDG);district;2227;Morges;22;Waadt;14089;15351;30354;52596
2026-06-14;6870;Änderung des Bundesgesetzes über den zivilen Ersatzdienst (Zivildienstgesetz, ZDG);district;2228;Nyon;22;Waadt;16750;16285;34073;58303
2026-06-14;6870;Änderung des Bundesgesetzes über den zivilen Ersatzdienst (Zivildienstgesetz, ZDG);district;2229;Ouest lausannois;22;Waadt;7187;10588;18435;37753
2026-06-14;6870;Änderung des Bundesgesetzes über den zivilen Ersatzdienst (Zivildienstgesetz, ZDG);district;2230;Riviera-Pays-d'Enhaut;22;Waadt;11590;14098;26548;47579
2026-06-14;6870;Änderung des Bundesgesetzes über den zivilen Ersatzdienst (Zivildienstgesetz, ZDG);district;2301;Brig;23;Wallis;6560;4688;11590;19325
2026-06-14;6870;Änderung des Bundesgesetzes über den zivilen Ersatzdienst (Zivildienstgesetz, ZDG);district;2302;Conthey;23;Wallis;5822;4433;10642;19560
2026-06-14;6870;Änderung des Bundesgesetzes über den zivilen Ersatzdienst (Zivildienstgesetz, ZDG);district;2303;Entremont;23;Wallis;3162;2347;5775;9825
2026-06-14;6870;Änderung des Bundesgesetzes über den zivilen Ersatzdienst (Zivildienstgesetz, ZDG);district;2304;Goms;23;Wallis;1121;786;1959;3253
2026-06-14;6870;Änderung des Bundesgesetzes über den zivilen Ersatzdienst (Zivildienstgesetz, ZDG);district;2305;Hérens;23;Wallis;3025;2048;5284;8604
2026-06-14;6870;Änderung des Bundesgesetzes über den zivilen Ersatzdienst (Zivildienstgesetz, ZDG);district;2306;Leuk;23;Wallis;3310;2424;5899;9228
2026-06-14;6870;Änderung des Bundesgesetzes über den zivilen Ersatzdienst (Zivildienstgesetz, ZDG);district;2307;Martigny;23;Wallis;9871;7296;17868;31952
2026-06-14;6870;Änderung des Bundesgesetzes über den zivilen Ersatzdienst (Zivildienstgesetz, ZDG);district;2308;Monthey;23;Wallis;9131;6389;16245;29493
2026-06-14;6870;Änderung des Bundesgesetzes über den zivilen Ersatzdienst (Zivildienstgesetz, ZDG);district;2309;Raron;23;Wallis;2965;2039;5133;8347
2026-06-14;6870;Änderung des Bundesgesetzes über den zivilen Ersatzdienst (Zivildienstgesetz, ZDG);district;2310;Saint-Maurice;23;Wallis;2776;2231;5224;9315
2026-06-14;6870;Änderung des Bundesgesetzes über den zivilen Ersatzdienst (Zivildienstgesetz, ZDG);district;2311;Sierre;23;Wallis;9411;7228;17333;30069
2026-06-14;6870;Änderung des Bundesgesetzes über den zivilen Ersatzdienst (Zivildienstgesetz, ZDG);district;2312;Sion;23;Wallis;9404;8189;18058;32245
2026-06-14;6870;Änderung des Bundesgesetzes über den zivilen Ersatzdienst (Zivildienstgesetz, ZDG);district;2313;Visp;23;Wallis;6225;4651;11251;17776
2026-06-14;6870;Änderung des Bundesgesetzes über den zivilen Ersatzdienst (Zivildienstgesetz, ZDG);district;2400;Cant. de Neuchâtel;24;Neuenburg;24925;31649;57760;115278
2026-06-14;6870;Änderung des Bundesgesetzes über den zivilen Ersatzdienst (Zivildienstgesetz, ZDG);district;2500;Cant. de Genève;25;Genf;57533;74344;137482;250264
2026-06-14;6870;Änderung des Bundesgesetzes über den zivilen Ersatzdienst (Zivildienstgesetz, ZDG);district;2601;Delémont;26;Jura;5168;8551;14013;27439
2026-06-14;6870;Änderung des Bundesgesetzes über den zivilen Ersatzdienst (Zivildienstgesetz, ZDG);district;2602;Les Franches-Montagnes;26;Jura;1471;2833;4383;8409
2026-06-14;6870;Änderung des Bundesgesetzes über den zivilen Ersatzdienst (Zivildienstgesetz, ZDG);district;2603;Porrentruy;26;Jura;4030;5169;9386;19166
2026-06-14;6870;Änderung des Bundesgesetzes über den zivilen Ersatzdienst (Zivildienstgesetz, ZDG);district;2604;Moutier;26;Jura;826;1222;2104;4355
2026-06-14;6870;Änderung des Bundesgesetzes über den zivilen Ersatzdienst (Zivildienstgesetz, ZDG);municipality;1;Aeugst am Albis;1;Zürich;571;405;994;1381
2026-06-14;6870;Änderung des Bundesgesetzes über den zivilen Ersatzdienst (Zivildienstgesetz, ZDG);municipality;2;Affoltern am Albis;1;Zürich;2243;1788;4115;7307
2026-06-14;6870;Änderung des Bundesgesetzes über den zivilen Ersatzdienst (Zivildienstgesetz, ZDG);municipality;3;Bonstetten;1;Zürich;1319;1182;2554;3705
2026-06-14;6870;Änderung des Bundesgesetzes über den zivilen Ersatzdienst (Zivildienstgesetz, ZDG);municipality;4;Hausen am Albis;1;Zürich;962;827;1818;2659
2026-06-14;6870;Änderung des Bundesgesetzes über den zivilen Ersatzdienst (Zivildienstgesetz, ZDG);municipality;5;Hedingen;1;Zürich;942;797;1776;2593
2026-06-14;6870;Änderung des Bundesgesetzes über den zivilen Ersatzdienst (Zivildienstgesetz, ZDG);municipality;6;Kappel am Albis;1;Zürich;387;215;612;898
2026-06-14;6870;Änderung des Bundesgesetzes über den zivilen Ersatzdienst (Zivildienstgesetz, ZDG);municipality;7;Knonau;1;Zürich;555;453;1025;1536
2026-06-14;6870;Änderung des Bundesgesetzes über den zivilen Ersatzdienst (Zivildienstgesetz, ZDG);municipality;8;Maschwanden;1;Zürich;144;150;297;448
2026-06-14;6870;Änderung des Bundesgesetzes über den zivilen Ersatzdienst (Zivildienstgesetz, ZDG);municipality;9;Mettmenstetten;1;Zürich;1447;1105;2607;3839
2026-06-14;6870;Änderung des Bundesgesetzes über den zivilen Ersatzdienst (Zivildienstgesetz, ZDG);municipality;10;Obfelden;1;Zürich;1221;883;2180;3690
2026-06-14;6870;Änderung des Bundesgesetzes über den zivilen Ersatzdienst (Zivildienstgesetz, ZDG);municipality;11;Ottenbach;1;Zürich;761;563;1345;2032
2026-06-14;6870;Änderung des Bundesgesetzes über den zivilen Ersatzdienst (Zivildienstgesetz, ZDG);municipality;12;Rifferswil;1;Zürich;304;313;630;850
2026-06-14;6870;Änderung des Bundesgesetzes über den zivilen Ersatzdienst (Zivildienstgesetz, ZDG);municipality;13;Stallikon;1;Zürich;904;697;1621;2409
2026-06-14;6870;Änderung des Bundesgesetzes über den zivilen Ersatzdienst (Zivildienstgesetz, ZDG);municipality;14;Wettswil am Albis;1;Zürich;1487;984;2499;3551
2026-06-14;6870;Änderung des Bundesgesetzes über den zivilen Ersatzdienst (Zivildienstgesetz, ZDG);municipality;22;Benken (ZH);1;Zürich;252;150;405;618
2026-06-14;6870;Änderung des Bundesgesetzes über den zivilen Ersatzdienst (Zivildienstgesetz, ZDG);municipality;23;Berg am Irchel;1;Zürich;225;108;341;466
2026-06-14;6870;Änderung des Bundesgesetzes über den zivilen Ersatzdienst (Zivildienstgesetz, ZDG);municipality;24;Buch am Irchel;1;Zürich;308;190;514;758
2026-06-14;6870;Änderung des Bundesgesetzes über den zivilen Ersatzdienst (Zivildienstgesetz, ZDG);municipality;25;Dachsen;1;Zürich;485;359;866;1345
2026-06-14;6870;Änderung des Bundesgesetzes über den zivilen Ersatzdienst (Zivildienstgesetz, ZDG);municipality;26;Dorf;1;Zürich;231;131;369;541
2026-06-14;6870;Änderung des Bundesgesetzes über den zivilen Ersatzdienst (Zivildienstgesetz, ZDG);municipality;27;Feuerthalen;1;Zürich;752;609;1396;2364
2026-06-14;6870;Änderung des Bundesgesetzes über den zivilen Ersatzdienst (Zivildienstgesetz, ZDG);municipality;28;Flaach;1;Zürich;476;219;710;1078
2026-06-14;6870;Änderung des Bundesgesetzes über den zivilen Ersatzdienst (Zivildienstgesetz, ZDG);municipality;29;Flurlingen;1;Zürich;388;321;719;1004
2026-06-14;6870;Änderung des Bundesgesetzes über den zivilen Ersatzdienst (Zivildienstgesetz, ZDG);municipality;31;Henggart;1;Zürich;648;412;1084;1654
2026-06-14;6870;Änderung des Bundesgesetzes über den zivilen Ersatzdienst (Zivildienstgesetz, ZDG);municipality;33;Kleinandelfingen;1;Zürich;620;406;1044;1576
2026-06-14;6870;Änderung des Bundesgesetzes über den zivilen Ersatzdienst (Zivildienstgesetz, ZDG);municipality;34;Laufen-Uhwiesen;1;Zürich;533;311;860;1337
2026-06-14;6870;Änderung des Bundesgesetzes über den zivilen Ersatzdienst (Zivildienstgesetz, ZDG);municipality;35;Marthalen;1;Zürich;603;323;946;1481
2026-06-14;6870;Änderung des Bundesgesetzes über den zivilen Ersatzdienst (Zivildienstgesetz, ZDG);municipality;37;Ossingen;1;Zürich;462;356;837;1306
2026-06-14;6870;Änderung des Bundesgesetzes über den zivilen Ersatzdienst (Zivildienstgesetz, ZDG);municipality;38;Rheinau;1;Zürich;284;297;589;862
2026-06-14;6870;Änderung des Bundesgesetzes über den zivilen Ersatzdienst (Zivildienstgesetz, ZDG);municipality;39;Thalheim an der Thur;1;Zürich;296;182;487;780
2026-06-14;6870;Änderung des Bundesgesetzes über den zivilen Ersatzdienst (Zivildienstgesetz, ZDG);municipality;40;Trüllikon;1;Zürich;296;190;494;850
2026-06-14;6870;Änderung des Bundesgesetzes über den zivilen Ersatzdienst (Zivildienstgesetz, ZDG);municipality;41;Truttikon;1;Zürich;154;122;279;354
2026-06-14;6870;Änderung des Bundesgesetzes über den zivilen Ersatzdienst (Zivildienstgesetz, ZDG);municipality;43;Volken;1;Zürich;115;52;169;264
2026-06-14;6870;Änderung des Bundesgesetzes über den zivilen Ersatzdienst (Zivildienstgesetz, ZDG);municipality;51;Bachenbülach;1;Zürich;843;526;1375;2650
2026-06-14;6870;Änderung des Bundesgesetzes über den zivilen Ersatzdienst (Zivildienstgesetz, ZDG);municipality;52;Bassersdorf;1;Zürich;2225;1718;4022;7308
2026-06-14;6870;Änderung des Bundesgesetzes über den zivilen Ersatzdienst (Zivildienstgesetz, ZDG);municipality;53;Bülach;1;Zürich;3931;3430;7529;13719
2026-06-14;6870;Änderung des Bundesgesetzes über den zivilen Ersatzdienst (Zivildienstgesetz, ZDG);municipality;54;Dietlikon;1;Zürich;1481;1169;2694;4810
2026-06-14;6870;Änderung des Bundesgesetzes über den zivilen Ersatzdienst (Zivildienstgesetz, ZDG);municipality;55;Eglisau;1;Zürich;1138;1035;2209;3483
2026-06-14;6870;Änderung des Bundesgesetzes über den zivilen Ersatzdienst (Zivildienstgesetz, ZDG);municipality;56;Embrach;1;Zürich;1806;1198;3069;5796
2026-06-14;6870;Änderung des Bundesgesetzes über den zivilen Ersatzdienst (Zivildienstgesetz, ZDG);municipality;57;Freienstein-Teufen;1;Zürich;596;432;1041;1609
2026-06-14;6870;Änderung des Bundesgesetzes über den zivilen Ersatzdienst (Zivildienstgesetz, ZDG);municipality;58;Glattfelden;1;Zürich;1139;722;1897;3320
2026-06-14;6870;Änderung des Bundesgesetzes über den zivilen Ersatzdienst (Zivildienstgesetz, ZDG);municipality;59;Hochfelden;1;Zürich;522;286;819;1346
2026-06-14;6870;Änderung des Bundesgesetzes über den zivilen Ersatzdienst (Zivildienstgesetz, ZDG);municipality;60;Höri;1;Zürich;500;324;834;1761
2026-06-14;6870;Änderung des Bundesgesetzes über den zivilen Ersatzdienst (Zivildienstgesetz, ZDG);municipality;61;Hüntwangen;1;Zürich;317;188;519;792
2026-06-14;6870;Änderung des Bundesgesetzes über den zivilen Ersatzdienst (Zivildienstgesetz, ZDG);municipality;62;Kloten;1;Zürich;2827;2307;5231;11218
2026-06-14;6870;Änderung des Bundesgesetzes über den zivilen Ersatzdienst (Zivildienstgesetz, ZDG);municipality;63;Lufingen;1;Zürich;660;425;1101;1768
2026-06-14;6870;Änderung des Bundesgesetzes über den zivilen Ersatzdienst (Zivildienstgesetz, ZDG);municipality;64;Nürensdorf;1;Zürich;1647;849;2530;4015
2026-06-14;6870;Änderung des Bundesgesetzes über den zivilen Ersatzdienst (Zivildienstgesetz, ZDG);municipality;65;Oberembrach;1;Zürich;339;188;535;812
2026-06-14;6870;Änderung des Bundesgesetzes über den zivilen Ersatzdienst (Zivildienstgesetz, ZDG);municipality;66;Opfikon;1;Zürich;2038;1806;3937;9148
2026-06-14;6870;Änderung des Bundesgesetzes über den zivilen Ersatzdienst (Zivildienstgesetz, ZDG);municipality;67;Rafz;1;Zürich;1077;776;1921;3023
2026-06-14;6870;Änderung des Bundesgesetzes über den zivilen Ersatzdienst (Zivildienstgesetz, ZDG);municipality;68;Rorbas;1;Zürich;499;383;904;1739
2026-06-14;6870;Änderung des Bundesgesetzes über den zivilen Ersatzdienst (Zivildienstgesetz, ZDG);municipality;69;Wallisellen;1;Zürich;2835;2517;5468;9760
2026-06-14;6870;Änderung des Bundesgesetzes über den zivilen Ersatzdienst (Zivildienstgesetz, ZDG);municipality;70;Wasterkingen;1;Zürich;174;101;283;427
2026-06-14;6870;Änderung des Bundesgesetzes über den zivilen Ersatzdienst (Zivildienstgesetz, ZDG);municipality;71;Wil (ZH);1;Zürich;444;277;731;1086
2026-06-14;6870;Änderung des Bundesgesetzes über den zivilen Ersatzdienst (Zivildienstgesetz, ZDG);municipality;72;Winkel;1;Zürich;1431;761;2213;3434
2026-06-14;6870;Änderung des Bundesgesetzes über den zivilen Ersatzdienst (Zivildienstgesetz, ZDG);municipality;81;Bachs;1;Zürich;180;112;297;460
2026-06-14;6870;Änderung des Bundesgesetzes über den zivilen Ersatzdienst (Zivildienstgesetz, ZDG);municipality;82;Boppelsen;1;Zürich;424;248;683;998
2026-06-14;6870;Änderung des Bundesgesetzes über den zivilen Ersatzdienst (Zivildienstgesetz, ZDG);municipality;83;Buchs (ZH);1;Zürich;1252;867;2157;3932
2026-06-14;6870;Änderung des Bundesgesetzes über den zivilen Ersatzdienst (Zivildienstgesetz, ZDG);municipality;84;Dällikon;1;Zürich;728;525;1271;2452
2026-06-14;6870;Änderung des Bundesgesetzes über den zivilen Ersatzdienst (Zivildienstgesetz, ZDG);municipality;85;Dänikon;1;Zürich;349;259;620;1065
2026-06-14;6870;Änderung des Bundesgesetzes über den zivilen Ersatzdienst (Zivildienstgesetz, ZDG);municipality;86;Dielsdorf;1;Zürich;1126;801;1962;3622
2026-06-14;6870;Änderung des Bundesgesetzes über den zivilen Ersatzdienst (Zivildienstgesetz, ZDG);municipality;87;Hüttikon;1;Zürich;228;147;382;588
2026-06-14;6870;Änderung des Bundesgesetzes über den zivilen Ersatzdienst (Zivildienstgesetz, ZDG);municipality;88;Neerach;1;Zürich;1068;511;1599;2374
2026-06-14;6870;Änderung des Bundesgesetzes über den zivilen Ersatzdienst (Zivildienstgesetz, ZDG);municipality;89;Niederglatt;1;Zürich;1012;708;1757;3249
2026-06-14;6870;Änderung des Bundesgesetzes über den zivilen Ersatzdienst (Zivildienstgesetz, ZDG);municipality;90;Niederhasli;1;Zürich;1755;1200;3002;5648
2026-06-14;6870;Änderung des Bundesgesetzes über den zivilen Ersatzdienst (Zivildienstgesetz, ZDG);municipality;91;Niederweningen;1;Zürich;714;615;1347;2134
2026-06-14;6870;Änderung des Bundesgesetzes über den zivilen Ersatzdienst (Zivildienstgesetz, ZDG);municipality;92;Oberglatt;1;Zürich;965;715;1707;3774
2026-06-14;6870;Änderung des Bundesgesetzes über den zivilen Ersatzdienst (Zivildienstgesetz, ZDG);municipality;93;Oberweningen;1;Zürich;477;306;797;1220
2026-06-14;6870;Änderung des Bundesgesetzes über den zivilen Ersatzdienst (Zivildienstgesetz, ZDG);municipality;94;Otelfingen;1;Zürich;651;514;1195;1785
2026-06-14;6870;Änderung des Bundesgesetzes über den zivilen Ersatzdienst (Zivildienstgesetz, ZDG);municipality;95;Regensberg;1;Zürich;123;89;214;309
2026-06-14;6870;Änderung des Bundesgesetzes über den zivilen Ersatzdienst (Zivildienstgesetz, ZDG);municipality;96;Regensdorf;1;Zürich;2874;2270;5405;10617
2026-06-14;6870;Änderung des Bundesgesetzes über den zivilen Ersatzdienst (Zivildienstgesetz, ZDG);municipality;97;Rümlang;1;Zürich;1245;976;2274;4544
2026-06-14;6870;Änderung des Bundesgesetzes über den zivilen Ersatzdienst (Zivildienstgesetz, ZDG);municipality;98;Schleinikon;1;Zürich;233;161;401;633
2026-06-14;6870;Änderung des Bundesgesetzes über den zivilen Ersatzdienst (Zivildienstgesetz, ZDG);municipality;99;Schöfflisdorf;1;Zürich;407;241;657;947
2026-06-14;6870;Änderung des Bundesgesetzes über den zivilen Ersatzdienst (Zivildienstgesetz, ZDG);municipality;100;Stadel;1;Zürich;627;345;990;1705
2026-06-14;6870;Änderung des Bundesgesetzes über den zivilen Ersatzdienst (Zivildienstgesetz, ZDG);municipality;101;Steinmaur;1;Zürich;812;520;1366;2189
2026-06-14;6870;Änderung des Bundesgesetzes über den zivilen Ersatzdienst (Zivildienstgesetz, ZDG);municipality;102;Weiach;1;Zürich;371;224;605;1201
2026-06-14;6870;Änderung des Bundesgesetzes über den zivilen Ersatzdienst (Zivildienstgesetz, ZDG);municipality;111;Bäretswil;1;Zürich;1514;938;2466;3643
2026-06-14;6870;Änderung des Bundesgesetzes über den zivilen Ersatzdienst (Zivildienstgesetz, ZDG);municipality;112;Bubikon;1;Zürich;1986;1530;3587;5472
2026-06-14;6870;Änderung des Bundesgesetzes über den zivilen Ersatzdienst (Zivildienstgesetz, ZDG);municipality;113;Dürnten;1;Zürich;1832;1405;3296;5234
2026-06-14;6870;Änderung des Bundesgesetzes über den zivilen Ersatzdienst (Zivildienstgesetz, ZDG);municipality;114;Fischenthal;1;Zürich;753;398;1176;1781
2026-06-14;6870;Änderung des Bundesgesetzes über den zivilen Ersatzdienst (Zivildienstgesetz, ZDG);municipality;115;Gossau (ZH);1;Zürich;2669;1756;4501;7272
2026-06-14;6870;Änderung des Bundesgesetzes über den zivilen Ersatzdienst (Zivildienstgesetz, ZDG);municipality;116;Grüningen;1;Zürich;946;681;1655;2638
2026-06-14;6870;Änderung des Bundesgesetzes über den zivilen Ersatzdienst (Zivildienstgesetz, ZDG);municipality;117;Hinwil;1;Zürich;2856;1747;4706;7866
2026-06-14;6870;Änderung des Bundesgesetzes über den zivilen Ersatzdienst (Zivildienstgesetz, ZDG);municipality;118;Rüti (ZH);1;Zürich;2240;1890;4203;7778
2026-06-14;6870;Änderung des Bundesgesetzes über den zivilen Ersatzdienst (Zivildienstgesetz, ZDG);municipality;119;Seegräben;1;Zürich;377;277;665;981
2026-06-14;6870;Änderung des Bundesgesetzes über den zivilen Ersatzdienst (Zivildienstgesetz, ZDG);municipality;120;Wald (ZH);1;Zürich;1937;1649;3651;6323
2026-06-14;6870;Änderung des Bundesgesetzes über den zivilen Ersatzdienst (Zivildienstgesetz, ZDG);municipality;121;Wetzikon (ZH);1;Zürich;4392;4158;8701;15759
2026-06-14;6870;Änderung des Bundesgesetzes über den zivilen Ersatzdienst (Zivildienstgesetz, ZDG);municipality;131;Adliswil;1;Zürich;2807;2649;5590;9756
2026-06-14;6870;Änderung des Bundesgesetzes über den zivilen Ersatzdienst (Zivildienstgesetz, ZDG);municipality;135;Kilchberg (ZH);1;Zürich;1958;1387;3399;5030
2026-06-14;6870;Änderung des Bundesgesetzes über den zivilen Ersatzdienst (Zivildienstgesetz, ZDG);municipality;136;Langnau am Albis;1;Zürich;1504;1250;2807;4461
2026-06-14;6870;Änderung des Bundesgesetzes über den zivilen Ersatzdienst (Zivildienstgesetz, ZDG);municipality;137;Oberrieden;1;Zürich;1251;1083;2374;3355
2026-06-14;6870;Änderung des Bundesgesetzes über den zivilen Ersatzdienst (Zivildienstgesetz, ZDG);municipality;138;Richterswil;1;Zürich;3124;2516;5768;9220
2026-06-14;6870;Änderung des Bundesgesetzes über den zivilen Ersatzdienst (Zivildienstgesetz, ZDG);municipality;139;Rüschlikon;1;Zürich;1394;1014;2441;3523
2026-06-14;6870;Änderung des Bundesgesetzes über den zivilen Ersatzdienst (Zivildienstgesetz, ZDG);municipality;141;Thalwil;1;Zürich;3619;3154;6912;10570
2026-06-14;6870;Änderung des Bundesgesetzes über den zivilen Ersatzdienst (Zivildienstgesetz, ZDG);municipality;151;Erlenbach (ZH);1;Zürich;1556;897;2495;3491
2026-06-14;6870;Änderung des Bundesgesetzes über den zivilen Ersatzdienst (Zivildienstgesetz, ZDG);municipality;152;Herrliberg;1;Zürich;2017;1011;3088;4206
2026-06-14;6870;Änderung des Bundesgesetzes über den zivilen Ersatzdienst (Zivildienstgesetz, ZDG);municipality;153;Hombrechtikon;1;Zürich;2093;1494;3642;5904
2026-06-14;6870;Änderung des Bundesgesetzes über den zivilen Ersatzdienst (Zivildienstgesetz, ZDG);municipality;154;Küsnacht (ZH);1;Zürich;3820;2256;6358;8938
2026-06-14;6870;Änderung des Bundesgesetzes über den zivilen Ersatzdienst (Zivildienstgesetz, ZDG);municipality;155;Männedorf;1;Zürich;2824;2257;5169;7554
2026-06-14;6870;Änderung des Bundesgesetzes über den zivilen Ersatzdienst (Zivildienstgesetz, ZDG);municipality;156;Meilen;1;Zürich;3834;2578;6677;9383
2026-06-14;6870;Änderung des Bundesgesetzes über den zivilen Ersatzdienst (Zivildienstgesetz, ZDG);municipality;157;Oetwil am See;1;Zürich;852;627;1515;2847
2026-06-14;6870;Änderung des Bundesgesetzes über den zivilen Ersatzdienst (Zivildienstgesetz, ZDG);municipality;158;Stäfa;1;Zürich;3726;3119;6967;10088
2026-06-14;6870;Änderung des Bundesgesetzes über den zivilen Ersatzdienst (Zivildienstgesetz, ZDG);municipality;159;Uetikon am See;1;Zürich;1669;1211;2944;4317
2026-06-14;6870;Änderung des Bundesgesetzes über den zivilen Ersatzdienst (Zivildienstgesetz, ZDG);municipality;160;Zumikon;1;Zürich;1753;849;2652;3568
2026-06-14;6870;Änderung des Bundesgesetzes über den zivilen Ersatzdienst (Zivildienstgesetz, ZDG);municipality;161;Zollikon;1;Zürich;3266;2304;5817;8201
2026-06-14;6870;Änderung des Bundesgesetzes über den zivilen Ersatzdienst (Zivildienstgesetz, ZDG);municipality;172;Fehraltorf;1;Zürich;1530;1032;2614;4416
2026-06-14;6870;Änderung des Bundesgesetzes über den zivilen Ersatzdienst (Zivildienstgesetz, ZDG);municipality;173;Hittnau;1;Zürich;1067;716;1864;2861
2026-06-14;6870;Änderung des Bundesgesetzes über den zivilen Ersatzdienst (Zivildienstgesetz, ZDG);municipality;176;Lindau;1;Zürich;1379;845;2257;3693
2026-06-14;6870;Änderung des Bundesgesetzes über den zivilen Ersatzdienst (Zivildienstgesetz, ZDG);municipality;177;Pfäffikon;1;Zürich;2690;2384;5165;8485
2026-06-14;6870;Änderung des Bundesgesetzes über den zivilen Ersatzdienst (Zivildienstgesetz, ZDG);municipality;178;Russikon;1;Zürich;1271;772;2078;3217
2026-06-14;6870;Änderung des Bundesgesetzes über den zivilen Ersatzdienst (Zivildienstgesetz, ZDG);municipality;180;Weisslingen;1;Zürich;1024;549;1607;2448
2026-06-14;6870;Änderung des Bundesgesetzes über den zivilen Ersatzdienst (Zivildienstgesetz, ZDG);municipality;181;Wila;1;Zürich;534;343;894;1475
2026-06-14;6870;Änderung des Bundesgesetzes über den zivilen Ersatzdienst (Zivildienstgesetz, ZDG);municipality;182;Wildberg;1;Zürich;314;196;516;724
2026-06-14;6870;Änderung des Bundesgesetzes über den zivilen Ersatzdienst (Zivildienstgesetz, ZDG);municipality;191;Dübendorf;1;Zürich;5010;4549;9750;17313
2026-06-14;6870;Änderung des Bundesgesetzes über den zivilen Ersatzdienst (Zivildienstgesetz, ZDG);municipality;192;Egg;1;Zürich;1970;1463;3596;5543
2026-06-14;6870;Änderung des Bundesgesetzes über den zivilen Ersatzdienst (Zivildienstgesetz, ZDG);municipality;193;Fällanden;1;Zürich;1777;1489;3327;5676
2026-06-14;6870;Änderung des Bundesgesetzes über den zivilen Ersatzdienst (Zivildienstgesetz, ZDG);municipality;194;Greifensee;1;Zürich;1100;942;2066;3379
2026-06-14;6870;Änderung des Bundesgesetzes über den zivilen Ersatzdienst (Zivildienstgesetz, ZDG);municipality;195;Maur;1;Zürich;2774;1872;4715;6888
2026-06-14;6870;Änderung des Bundesgesetzes über den zivilen Ersatzdienst (Zivildienstgesetz, ZDG);municipality;196;Mönchaltorf;1;Zürich;952;843;1827;2884
2026-06-14;6870;Änderung des Bundesgesetzes über den zivilen Ersatzdienst (Zivildienstgesetz, ZDG);municipality;197;Schwerzenbach;1;Zürich;946;832;1819;3053
2026-06-14;6870;Änderung des Bundesgesetzes über den zivilen Ersatzdienst (Zivildienstgesetz, ZDG);municipality;198;Uster;1;Zürich;6732;7495;14487;22779
2026-06-14;6870;Änderung des Bundesgesetzes über den zivilen Ersatzdienst (Zivildienstgesetz, ZDG);municipality;199;Volketswil;1;Zürich;3835;2579;6511;11713
2026-06-14;6870;Änderung des Bundesgesetzes über den zivilen Ersatzdienst (Zivildienstgesetz, ZDG);municipality;200;Wangen-Brüttisellen;1;Zürich;1494;1108;2643;4787
2026-06-14;6870;Änderung des Bundesgesetzes über den zivilen Ersatzdienst (Zivildienstgesetz, ZDG);municipality;211;Altikon;1;Zürich;227;130;361;554
2026-06-14;6870;Änderung des Bundesgesetzes über den zivilen Ersatzdienst (Zivildienstgesetz, ZDG);municipality;213;Brütten;1;Zürich;766;414;1200;1666
2026-06-14;6870;Änderung des Bundesgesetzes über den zivilen Ersatzdienst (Zivildienstgesetz, ZDG);municipality;214;Dägerlen;1;Zürich;378;250;645;911
2026-06-14;6870;Änderung des Bundesgesetzes über den zivilen Ersatzdienst (Zivildienstgesetz, ZDG);municipality;215;Dättlikon;1;Zürich;246;203;461;628
2026-06-14;6870;Änderung des Bundesgesetzes über den zivilen Ersatzdienst (Zivildienstgesetz, ZDG);municipality;216;Dinhard;1;Zürich;549;331;895;1262
2026-06-14;6870;Änderung des Bundesgesetzes über den zivilen Ersatzdienst (Zivildienstgesetz, ZDG);municipality;218;Ellikon an der Thur;1;Zürich;286;182;478;735
2026-06-14;6870;Änderung des Bundesgesetzes über den zivilen Ersatzdienst (Zivildienstgesetz, ZDG);municipality;219;Elsau;1;Zürich;909;751;1695;2590
2026-06-14;6870;Änderung des Bundesgesetzes über den zivilen Ersatzdienst (Zivildienstgesetz, ZDG);municipality;220;Hagenbuch;1;Zürich;319;159;492;798
2026-06-14;6870;Änderung des Bundesgesetzes über den zivilen Ersatzdienst (Zivildienstgesetz, ZDG);municipality;221;Hettlingen;1;Zürich;992;677;1698;2327
2026-06-14;6870;Änderung des Bundesgesetzes über den zivilen Ersatzdienst (Zivildienstgesetz, ZDG);municipality;223;Neftenbach;1;Zürich;1497;987;2542;4015
2026-06-14;6870;Änderung des Bundesgesetzes über den zivilen Ersatzdienst (Zivildienstgesetz, ZDG);municipality;224;Pfungen;1;Zürich;784;589;1400;2473
2026-06-14;6870;Änderung des Bundesgesetzes über den zivilen Ersatzdienst (Zivildienstgesetz, ZDG);municipality;225;Rickenbach (ZH);1;Zürich;721;508;1244;1970
2026-06-14;6870;Änderung des Bundesgesetzes über den zivilen Ersatzdienst (Zivildienstgesetz, ZDG);municipality;226;Schlatt (ZH);1;Zürich;207;158;367;543
2026-06-14;6870;Änderung des Bundesgesetzes über den zivilen Ersatzdienst (Zivildienstgesetz, ZDG);municipality;227;Seuzach;1;Zürich;2062;1382;3605;5586
2026-06-14;6870;Änderung des Bundesgesetzes über den zivilen Ersatzdienst (Zivildienstgesetz, ZDG);municipality;228;Turbenthal;1;Zürich;1060;803;1903;3353
2026-06-14;6870;Änderung des Bundesgesetzes über den zivilen Ersatzdienst (Zivildienstgesetz, ZDG);municipality;230;Winterthur;1;Zürich;16916;26643;44498;72267
2026-06-14;6870;Änderung des Bundesgesetzes über den zivilen Ersatzdienst (Zivildienstgesetz, ZDG);municipality;231;Zell (ZH);1;Zürich;1283;1052;2377;4246
2026-06-14;6870;Änderung des Bundesgesetzes über den zivilen Ersatzdienst (Zivildienstgesetz, ZDG);municipality;241;Aesch (ZH);1;Zürich;507;287;807;1074
2026-06-14;6870;Änderung des Bundesgesetzes über den zivilen Ersatzdienst (Zivildienstgesetz, ZDG);municipality;242;Birmensdorf (ZH);1;Zürich;1533;1259;2847;4503
2026-06-14;6870;Änderung des Bundesgesetzes über den zivilen Ersatzdienst (Zivildienstgesetz, ZDG);municipality;243;Dietikon;1;Zürich;2857;2659;5610;11778
2026-06-14;6870;Änderung des Bundesgesetzes über den zivilen Ersatzdienst (Zivildienstgesetz, ZDG);municipality;244;Geroldswil;1;Zürich;889;607;1526;2993
2026-06-14;6870;Änderung des Bundesgesetzes über den zivilen Ersatzdienst (Zivildienstgesetz, ZDG);municipality;245;Oberengstringen;1;Zürich;1100;936;2064;3747
2026-06-14;6870;Änderung des Bundesgesetzes über den zivilen Ersatzdienst (Zivildienstgesetz, ZDG);municipality;246;Oetwil an der Limmat;1;Zürich;648;370;1041;1738
2026-06-14;6870;Änderung des Bundesgesetzes über den zivilen Ersatzdienst (Zivildienstgesetz, ZDG);municipality;247;Schlieren;1;Zürich;1785;2087;3965;8912
2026-06-14;6870;Änderung des Bundesgesetzes über den zivilen Ersatzdienst (Zivildienstgesetz, ZDG);municipality;248;Uitikon;1;Zürich;1649;906;2589;3583
2026-06-14;6870;Änderung des Bundesgesetzes über den zivilen Ersatzdienst (Zivildienstgesetz, ZDG);municipality;249;Unterengstringen;1;Zürich;920;656;1592;2599
2026-06-14;6870;Änderung des Bundesgesetzes über den zivilen Ersatzdienst (Zivildienstgesetz, ZDG);municipality;250;Urdorf;1;Zürich;1952;1525;3544;6156
2026-06-14;6870;Änderung des Bundesgesetzes über den zivilen Ersatzdienst (Zivildienstgesetz, ZDG);municipality;251;Weiningen (ZH);1;Zürich;961;656;1638;2935
2026-06-14;6870;Änderung des Bundesgesetzes über den zivilen Ersatzdienst (Zivildienstgesetz, ZDG);municipality;261;Zürich;1;Zürich;52379;96205;151482;238055
2026-06-14;6870;Änderung des Bundesgesetzes über den zivilen Ersatzdienst (Zivildienstgesetz, ZDG);municipality;291;Andelfingen;1;Zürich;1026;712;1767;2581
2026-06-14;6870;Änderung des Bundesgesetzes über den zivilen Ersatzdienst (Zivildienstgesetz, ZDG);municipality;292;Stammheim;1;Zürich;817;602;1460;2136
2026-06-14;6870;Änderung des Bundesgesetzes über den zivilen Ersatzdienst (Zivildienstgesetz, ZDG);municipality;293;Wädenswil;1;Zürich;5552;4509;10265;16285
2026-06-14;6870;Änderung des Bundesgesetzes über den zivilen Ersatzdienst (Zivildienstgesetz, ZDG);municipality;294;Elgg;1;Zürich;1145;954;2134;3434
2026-06-14;6870;Änderung des Bundesgesetzes über den zivilen Ersatzdienst (Zivildienstgesetz, ZDG);municipality;295;Horgen;1;Zürich;4328;3749;8230;13706
2026-06-14;6870;Änderung des Bundesgesetzes über den zivilen Ersatzdienst (Zivildienstgesetz, ZDG);municipality;296;Illnau-Effretikon;1;Zürich;3169;2562;5844;10343
2026-06-14;6870;Änderung des Bundesgesetzes über den zivilen Ersatzdienst (Zivildienstgesetz, ZDG);municipality;297;Bauma;1;Zürich;1325;784;2140;3582
2026-06-14;6870;Änderung des Bundesgesetzes über den zivilen Ersatzdienst (Zivildienstgesetz, ZDG);municipality;298;Wiesendangen;1;Zürich;1887;1391;3333;4911
2026-06-14;6870;Änderung des Bundesgesetzes über den zivilen Ersatzdienst (Zivildienstgesetz, ZDG);municipality;301;Aarberg;2;Bern;1105;857;1998;3347
2026-06-14;6870;Änderung des Bundesgesetzes über den zivilen Ersatzdienst (Zivildienstgesetz, ZDG);municipality;302;Bargen (BE);2;Bern;315;204;526;821
2026-06-14;6870;Änderung des Bundesgesetzes über den zivilen Ersatzdienst (Zivildienstgesetz, ZDG);municipality;303;Grossaffoltern;2;Bern;868;645;1547;2442
2026-06-14;6870;Änderung des Bundesgesetzes über den zivilen Ersatzdienst (Zivildienstgesetz, ZDG);municipality;304;Kallnach;2;Bern;620;371;1012;1696
2026-06-14;6870;Änderung des Bundesgesetzes über den zivilen Ersatzdienst (Zivildienstgesetz, ZDG);municipality;305;Kappelen;2;Bern;397;275;682;1096
2026-06-14;6870;Änderung des Bundesgesetzes über den zivilen Ersatzdienst (Zivildienstgesetz, ZDG);municipality;306;Lyss;2;Bern;3113;2647;5880;10777
2026-06-14;6870;Änderung des Bundesgesetzes über den zivilen Ersatzdienst (Zivildienstgesetz, ZDG);municipality;307;Meikirch;2;Bern;654;712;1385;1997
2026-06-14;6870;Änderung des Bundesgesetzes über den zivilen Ersatzdienst (Zivildienstgesetz, ZDG);municipality;309;Radelfingen;2;Bern;366;275;656;1008
2026-06-14;6870;Änderung des Bundesgesetzes über den zivilen Ersatzdienst (Zivildienstgesetz, ZDG);municipality;310;Rapperswil (BE);2;Bern;778;568;1372;2255
2026-06-14;6870;Änderung des Bundesgesetzes über den zivilen Ersatzdienst (Zivildienstgesetz, ZDG);municipality;311;Schüpfen;2;Bern;912;832;1772;2907
2026-06-14;6870;Änderung des Bundesgesetzes über den zivilen Ersatzdienst (Zivildienstgesetz, ZDG);municipality;312;Seedorf (BE);2;Bern;944;597;1579;2621
2026-06-14;6870;Änderung des Bundesgesetzes über den zivilen Ersatzdienst (Zivildienstgesetz, ZDG);municipality;321;Aarwangen;2;Bern;1045;732;1812;3270
2026-06-14;6870;Änderung des Bundesgesetzes über den zivilen Ersatzdienst (Zivildienstgesetz, ZDG);municipality;322;Auswil;2;Bern;157;97;255;409
2026-06-14;6870;Änderung des Bundesgesetzes über den zivilen Ersatzdienst (Zivildienstgesetz, ZDG);municipality;323;Bannwil;2;Bern;182;150;339;550
2026-06-14;6870;Änderung des Bundesgesetzes über den zivilen Ersatzdienst (Zivildienstgesetz, ZDG);municipality;324;Bleienbach;2;Bern;228;133;366;599
2026-06-14;6870;Änderung des Bundesgesetzes über den zivilen Ersatzdienst (Zivildienstgesetz, ZDG);municipality;325;Busswil bei Melchnau;2;Bern;72;35;108;166
2026-06-14;6870;Änderung des Bundesgesetzes über den zivilen Ersatzdienst (Zivildienstgesetz, ZDG);municipality;326;Gondiswil;2;Bern;244;121;376;636
2026-06-14;6870;Änderung des Bundesgesetzes über den zivilen Ersatzdienst (Zivildienstgesetz, ZDG);municipality;329;Langenthal;2;Bern;3120;2576;5822;10230
2026-06-14;6870;Änderung des Bundesgesetzes über den zivilen Ersatzdienst (Zivildienstgesetz, ZDG);municipality;331;Lotzwil;2;Bern;600;474;1086;1916
2026-06-14;6870;Änderung des Bundesgesetzes über den zivilen Ersatzdienst (Zivildienstgesetz, ZDG);municipality;332;Madiswil;2;Bern;963;604;1597;2670
2026-06-14;6870;Änderung des Bundesgesetzes über den zivilen Ersatzdienst (Zivildienstgesetz, ZDG);municipality;333;Melchnau;2;Bern;347;250;609;1095
2026-06-14;6870;Änderung des Bundesgesetzes über den zivilen Ersatzdienst (Zivildienstgesetz, ZDG);municipality;335;Oeschenbach;2;Bern;72;30;107;199
2026-06-14;6870;Änderung des Bundesgesetzes über den zivilen Ersatzdienst (Zivildienstgesetz, ZDG);municipality;336;Reisiswil;2;Bern;59;31;90;164
2026-06-14;6870;Änderung des Bundesgesetzes über den zivilen Ersatzdienst (Zivildienstgesetz, ZDG);municipality;337;Roggwil (BE);2;Bern;974;695;1702;2980
2026-06-14;6870;Änderung des Bundesgesetzes über den zivilen Ersatzdienst (Zivildienstgesetz, ZDG);municipality;338;Rohrbach;2;Bern;392;297;699;1297
2026-06-14;6870;Änderung des Bundesgesetzes über den zivilen Ersatzdienst (Zivildienstgesetz, ZDG);municipality;339;Rohrbachgraben;2;Bern;106;65;175;316
2026-06-14;6870;Änderung des Bundesgesetzes über den zivilen Ersatzdienst (Zivildienstgesetz, ZDG);municipality;340;Rütschelen;2;Bern;171;108;284;464
2026-06-14;6870;Änderung des Bundesgesetzes über den zivilen Ersatzdienst (Zivildienstgesetz, ZDG);municipality;341;Schwarzhäusern;2;Bern;172;90;266;424
2026-06-14;6870;Änderung des Bundesgesetzes über den zivilen Ersatzdienst (Zivildienstgesetz, ZDG);municipality;342;Thunstetten;2;Bern;760;529;1315;2458
2026-06-14;6870;Änderung des Bundesgesetzes über den zivilen Ersatzdienst (Zivildienstgesetz, ZDG);municipality;344;Ursenbach;2;Bern;274;129;405;720
2026-06-14;6870;Änderung des Bundesgesetzes über den zivilen Ersatzdienst (Zivildienstgesetz, ZDG);municipality;345;Wynau;2;Bern;306;236;553;1018
2026-06-14;6870;Änderung des Bundesgesetzes über den zivilen Ersatzdienst (Zivildienstgesetz, ZDG);municipality;351;Bern;2;Bern;15778;43118;60360;89937
2026-06-14;6870;Änderung des Bundesgesetzes über den zivilen Ersatzdienst (Zivildienstgesetz, ZDG);municipality;352;Bolligen;2;Bern;1565;1518;3153;4652
2026-06-14;6870;Änderung des Bundesgesetzes über den zivilen Ersatzdienst (Zivildienstgesetz, ZDG);municipality;353;Bremgarten bei Bern;2;Bern;965;1356;2353;3249
2026-06-14;6870;Änderung des Bundesgesetzes über den zivilen Ersatzdienst (Zivildienstgesetz, ZDG);municipality;354;Kirchlindach;2;Bern;834;920;1784;2513
2026-06-14;6870;Änderung des Bundesgesetzes über den zivilen Ersatzdienst (Zivildienstgesetz, ZDG);municipality;355;Köniz;2;Bern;7314;10902;18624;28996
2026-06-14;6870;Änderung des Bundesgesetzes über den zivilen Ersatzdienst (Zivildienstgesetz, ZDG);municipality;356;Muri bei Bern;2;Bern;3184;3091;6410;9667
2026-06-14;6870;Änderung des Bundesgesetzes über den zivilen Ersatzdienst (Zivildienstgesetz, ZDG);municipality;357;Oberbalm;2;Bern;298;163;471;727
2026-06-14;6870;Änderung des Bundesgesetzes über den zivilen Ersatzdienst (Zivildienstgesetz, ZDG);municipality;358;Stettlen;2;Bern;834;679;1533;2354
2026-06-14;6870;Änderung des Bundesgesetzes über den zivilen Ersatzdienst (Zivildienstgesetz, ZDG);municipality;359;Vechigen;2;Bern;1703;1419;3182;4723
2026-06-14;6870;Änderung des Bundesgesetzes über den zivilen Ersatzdienst (Zivildienstgesetz, ZDG);municipality;360;Wohlen bei Bern;2;Bern;2140;2521;4746;6996
2026-06-14;6870;Änderung des Bundesgesetzes über den zivilen Ersatzdienst (Zivildienstgesetz, ZDG);municipality;361;Zollikofen;2;Bern;2137;2383;4613;7569
2026-06-14;6870;Änderung des Bundesgesetzes über den zivilen Ersatzdienst (Zivildienstgesetz, ZDG);municipality;362;Ittigen;2;Bern;1975;2048;4110;7010
2026-06-14;6870;Änderung des Bundesgesetzes über den zivilen Ersatzdienst (Zivildienstgesetz, ZDG);municipality;363;Ostermundigen;2;Bern;2467;3061;5670;10454
2026-06-14;6870;Änderung des Bundesgesetzes über den zivilen Ersatzdienst (Zivildienstgesetz, ZDG);municipality;371;Biel/Bienne;2;Bern;5440;9669;15477;31767
2026-06-14;6870;Änderung des Bundesgesetzes über den zivilen Ersatzdienst (Zivildienstgesetz, ZDG);municipality;372;Evilard;2;Bern;536;690;1251;1934
2026-06-14;6870;Änderung des Bundesgesetzes über den zivilen Ersatzdienst (Zivildienstgesetz, ZDG);municipality;381;Arch;2;Bern;430;314;767;1307
2026-06-14;6870;Änderung des Bundesgesetzes über den zivilen Ersatzdienst (Zivildienstgesetz, ZDG);municipality;382;Büetigen;2;Bern;224;173;407;678
2026-06-14;6870;Änderung des Bundesgesetzes über den zivilen Ersatzdienst (Zivildienstgesetz, ZDG);municipality;383;Büren an der Aare;2;Bern;827;645;1512;2568
2026-06-14;6870;Änderung des Bundesgesetzes über den zivilen Ersatzdienst (Zivildienstgesetz, ZDG);municipality;385;Diessbach bei Büren;2;Bern;271;174;458;784
2026-06-14;6870;Änderung des Bundesgesetzes über den zivilen Ersatzdienst (Zivildienstgesetz, ZDG);municipality;386;Dotzigen;2;Bern;351;302;663;1133
2026-06-14;6870;Änderung des Bundesgesetzes über den zivilen Ersatzdienst (Zivildienstgesetz, ZDG);municipality;387;Lengnau (BE);2;Bern;916;756;1698;3348
2026-06-14;6870;Änderung des Bundesgesetzes über den zivilen Ersatzdienst (Zivildienstgesetz, ZDG);municipality;388;Leuzigen;2;Bern;328;215;562;1044
2026-06-14;6870;Änderung des Bundesgesetzes über den zivilen Ersatzdienst (Zivildienstgesetz, ZDG);municipality;390;Meinisberg;2;Bern;337;263;613;1061
2026-06-14;6870;Änderung des Bundesgesetzes über den zivilen Ersatzdienst (Zivildienstgesetz, ZDG);municipality;391;Oberwil bei Büren;2;Bern;266;177;453;725
2026-06-14;6870;Änderung des Bundesgesetzes über den zivilen Ersatzdienst (Zivildienstgesetz, ZDG);municipality;392;Pieterlen;2;Bern;722;589;1338;2830
2026-06-14;6870;Änderung des Bundesgesetzes über den zivilen Ersatzdienst (Zivildienstgesetz, ZDG);municipality;393;Rüti bei Büren;2;Bern;244;113;362;639
2026-06-14;6870;Änderung des Bundesgesetzes über den zivilen Ersatzdienst (Zivildienstgesetz, ZDG);municipality;394;Wengi;2;Bern;190;136;332;518
2026-06-14;6870;Änderung des Bundesgesetzes über den zivilen Ersatzdienst (Zivildienstgesetz, ZDG);municipality;401;Aefligen;2;Bern;292;197;501;847
2026-06-14;6870;Änderung des Bundesgesetzes über den zivilen Ersatzdienst (Zivildienstgesetz, ZDG);municipality;402;Alchenstorf;2;Bern;189;121;322;511
2026-06-14;6870;Änderung des Bundesgesetzes über den zivilen Ersatzdienst (Zivildienstgesetz, ZDG);municipality;403;Bäriswil;2;Bern;297;238;549;855
2026-06-14;6870;Änderung des Bundesgesetzes über den zivilen Ersatzdienst (Zivildienstgesetz, ZDG);municipality;404;Burgdorf;2;Bern;2973;3901;6994;11809
2026-06-14;6870;Änderung des Bundesgesetzes über den zivilen Ersatzdienst (Zivildienstgesetz, ZDG);municipality;405;Ersigen;2;Bern;630;397;1051;1668
2026-06-14;6870;Änderung des Bundesgesetzes über den zivilen Ersatzdienst (Zivildienstgesetz, ZDG);municipality;406;Hasle bei Burgdorf;2;Bern;820;641;1489;2703
2026-06-14;6870;Änderung des Bundesgesetzes über den zivilen Ersatzdienst (Zivildienstgesetz, ZDG);municipality;407;Heimiswil;2;Bern;478;315;806;1391
2026-06-14;6870;Änderung des Bundesgesetzes über den zivilen Ersatzdienst (Zivildienstgesetz, ZDG);municipality;409;Hindelbank;2;Bern;620;472;1110;1995
2026-06-14;6870;Änderung des Bundesgesetzes über den zivilen Ersatzdienst (Zivildienstgesetz, ZDG);municipality;410;Höchstetten;2;Bern;152;69;226;357
2026-06-14;6870;Änderung des Bundesgesetzes über den zivilen Ersatzdienst (Zivildienstgesetz, ZDG);municipality;411;Kernenried;2;Bern;173;73;252;415
2026-06-14;6870;Änderung des Bundesgesetzes über den zivilen Ersatzdienst (Zivildienstgesetz, ZDG);municipality;412;Kirchberg (BE);2;Bern;1461;1030;2546;4186
2026-06-14;6870;Änderung des Bundesgesetzes über den zivilen Ersatzdienst (Zivildienstgesetz, ZDG);municipality;413;Koppigen;2;Bern;651;408;1076;1761
2026-06-14;6870;Änderung des Bundesgesetzes über den zivilen Ersatzdienst (Zivildienstgesetz, ZDG);municipality;414;Krauchthal;2;Bern;717;418;1154;1903
2026-06-14;6870;Änderung des Bundesgesetzes über den zivilen Ersatzdienst (Zivildienstgesetz, ZDG);municipality;415;Lyssach;2;Bern;374;289;678;1112
2026-06-14;6870;Änderung des Bundesgesetzes über den zivilen Ersatzdienst (Zivildienstgesetz, ZDG);municipality;418;Oberburg;2;Bern;680;425;1137;1986
2026-06-14;6870;Änderung des Bundesgesetzes über den zivilen Ersatzdienst (Zivildienstgesetz, ZDG);municipality;420;Rüdtligen-Alchenflüh;2;Bern;430;308;756;1537
2026-06-14;6870;Änderung des Bundesgesetzes über den zivilen Ersatzdienst (Zivildienstgesetz, ZDG);municipality;421;Rumendingen;2;Bern;28;29;59;80
2026-06-14;6870;Änderung des Bundesgesetzes über den zivilen Ersatzdienst (Zivildienstgesetz, ZDG);municipality;422;Rüti bei Lyssach;2;Bern;43;37;82;136
2026-06-14;6870;Änderung des Bundesgesetzes über den zivilen Ersatzdienst (Zivildienstgesetz, ZDG);municipality;423;Willadingen;2;Bern;83;40;124;179
2026-06-14;6870;Änderung des Bundesgesetzes über den zivilen Ersatzdienst (Zivildienstgesetz, ZDG);municipality;424;Wynigen;2;Bern;649;429;1105;1758
2026-06-14;6870;Änderung des Bundesgesetzes über den zivilen Ersatzdienst (Zivildienstgesetz, ZDG);municipality;431;Corgémont;2;Bern;335;337;687;1247
2026-06-14;6870;Änderung des Bundesgesetzes über den zivilen Ersatzdienst (Zivildienstgesetz, ZDG);municipality;432;Cormoret;2;Bern;87;115;209;377
2026-06-14;6870;Änderung des Bundesgesetzes über den zivilen Ersatzdienst (Zivildienstgesetz, ZDG);municipality;433;Cortébert;2;Bern;96;97;206;490
2026-06-14;6870;Änderung des Bundesgesetzes über den zivilen Ersatzdienst (Zivildienstgesetz, ZDG);municipality;434;Courtelary;2;Bern;214;321;550;1027
2026-06-14;6870;Änderung des Bundesgesetzes über den zivilen Ersatzdienst (Zivildienstgesetz, ZDG);municipality;435;La Ferrière;2;Bern;85;67;154;417
2026-06-14;6870;Änderung des Bundesgesetzes über den zivilen Ersatzdienst (Zivildienstgesetz, ZDG);municipality;437;Mont-Tramelan;2;Bern;18;31;53;104
2026-06-14;6870;Änderung des Bundesgesetzes über den zivilen Ersatzdienst (Zivildienstgesetz, ZDG);municipality;438;Orvin;2;Bern;251;205;472;920
2026-06-14;6870;Änderung des Bundesgesetzes über den zivilen Ersatzdienst (Zivildienstgesetz, ZDG);municipality;441;Renan (BE);2;Bern;161;188;360;759
2026-06-14;6870;Änderung des Bundesgesetzes über den zivilen Ersatzdienst (Zivildienstgesetz, ZDG);municipality;442;Romont (BE);2;Bern;49;54;104;167
2026-06-14;6870;Änderung des Bundesgesetzes über den zivilen Ersatzdienst (Zivildienstgesetz, ZDG);municipality;443;Saint-Imier;2;Bern;622;775;1436;3025
2026-06-14;6870;Änderung des Bundesgesetzes über den zivilen Ersatzdienst (Zivildienstgesetz, ZDG);municipality;444;Sonceboz-Sombeval;2;Bern;277;315;616;1296
2026-06-14;6870;Änderung des Bundesgesetzes über den zivilen Ersatzdienst (Zivildienstgesetz, ZDG);municipality;445;Sonvilier;2;Bern;183;226;424;919
2026-06-14;6870;Änderung des Bundesgesetzes über den zivilen Ersatzdienst (Zivildienstgesetz, ZDG);municipality;446;Tramelan;2;Bern;763;872;1674;3358
2026-06-14;6870;Änderung des Bundesgesetzes über den zivilen Ersatzdienst (Zivildienstgesetz, ZDG);municipality;448;Villeret;2;Bern;131;204;346;677
2026-06-14;6870;Änderung des Bundesgesetzes über den zivilen Ersatzdienst (Zivildienstgesetz, ZDG);municipality;449;Sauge;2;Bern;170;163;344;628
2026-06-14;6870;Änderung des Bundesgesetzes über den zivilen Ersatzdienst (Zivildienstgesetz, ZDG);municipality;450;Péry-La Heutte;2;Bern;316;322;656;1347
2026-06-14;6870;Änderung des Bundesgesetzes über den zivilen Ersatzdienst (Zivildienstgesetz, ZDG);municipality;491;Brüttelen;2;Bern;179;85;266;421
2026-06-14;6870;Änderung des Bundesgesetzes über den zivilen Ersatzdienst (Zivildienstgesetz, ZDG);municipality;492;Erlach;2;Bern;284;296;587;980
2026-06-14;6870;Änderung des Bundesgesetzes über den zivilen Ersatzdienst (Zivildienstgesetz, ZDG);municipality;493;Finsterhennen;2;Bern;127;77;208;357
2026-06-14;6870;Änderung des Bundesgesetzes über den zivilen Ersatzdienst (Zivildienstgesetz, ZDG);municipality;494;Gals;2;Bern;183;146;341;617
2026-06-14;6870;Änderung des Bundesgesetzes über den zivilen Ersatzdienst (Zivildienstgesetz, ZDG);municipality;495;Gampelen;2;Bern;254;139;401;723
2026-06-14;6870;Änderung des Bundesgesetzes über den zivilen Ersatzdienst (Zivildienstgesetz, ZDG);municipality;496;Ins;2;Bern;857;794;1673;2564
2026-06-14;6870;Änderung des Bundesgesetzes über den zivilen Ersatzdienst (Zivildienstgesetz, ZDG);municipality;497;Lüscherz;2;Bern;163;117;285;471
2026-06-14;6870;Änderung des Bundesgesetzes über den zivilen Ersatzdienst (Zivildienstgesetz, ZDG);municipality;498;Müntschemier;2;Bern;380;180;573;911
2026-06-14;6870;Änderung des Bundesgesetzes über den zivilen Ersatzdienst (Zivildienstgesetz, ZDG);municipality;499;Siselen;2;Bern;164;122;292;485
2026-06-14;6870;Änderung des Bundesgesetzes über den zivilen Ersatzdienst (Zivildienstgesetz, ZDG);municipality;500;Treiten;2;Bern;131;67;204;327
2026-06-14;6870;Änderung des Bundesgesetzes über den zivilen Ersatzdienst (Zivildienstgesetz, ZDG);municipality;501;Tschugg;2;Bern;111;104;217;342
2026-06-14;6870;Änderung des Bundesgesetzes über den zivilen Ersatzdienst (Zivildienstgesetz, ZDG);municipality;502;Vinelz;2;Bern;246;189;447;701
2026-06-14;6870;Änderung des Bundesgesetzes über den zivilen Ersatzdienst (Zivildienstgesetz, ZDG);municipality;533;Bätterkinden;2;Bern;751;742;1520;2609
2026-06-14;6870;Änderung des Bundesgesetzes über den zivilen Ersatzdienst (Zivildienstgesetz, ZDG);municipality;538;Fraubrunnen;2;Bern;1444;1217;2702;4263
2026-06-14;6870;Änderung des Bundesgesetzes über den zivilen Ersatzdienst (Zivildienstgesetz, ZDG);municipality;540;Jegenstorf;2;Bern;1424;1383;2881;4431
2026-06-14;6870;Änderung des Bundesgesetzes über den zivilen Ersatzdienst (Zivildienstgesetz, ZDG);municipality;541;Iffwil;2;Bern;112;103;219;349
2026-06-14;6870;Änderung des Bundesgesetzes über den zivilen Ersatzdienst (Zivildienstgesetz, ZDG);municipality;543;Mattstetten;2;Bern;197;127;329;464
2026-06-14;6870;Änderung des Bundesgesetzes über den zivilen Ersatzdienst (Zivildienstgesetz, ZDG);municipality;544;Moosseedorf;2;Bern;759;690;1475;2612
2026-06-14;6870;Änderung des Bundesgesetzes über den zivilen Ersatzdienst (Zivildienstgesetz, ZDG);municipality;546;Münchenbuchsee;2;Bern;2008;2148;4240;7127
2026-06-14;6870;Änderung des Bundesgesetzes über den zivilen Ersatzdienst (Zivildienstgesetz, ZDG);municipality;551;Urtenen-Schönbühl;2;Bern;1162;972;2169;4199
2026-06-14;6870;Änderung des Bundesgesetzes über den zivilen Ersatzdienst (Zivildienstgesetz, ZDG);municipality;552;Utzenstorf;2;Bern;1128;908;2063;3436
2026-06-14;6870;Änderung des Bundesgesetzes über den zivilen Ersatzdienst (Zivildienstgesetz, ZDG);municipality;553;Wiggiswil;2;Bern;56;53;110;158
2026-06-14;6870;Änderung des Bundesgesetzes über den zivilen Ersatzdienst (Zivildienstgesetz, ZDG);municipality;554;Wiler bei Utzenstorf;2;Bern;232;196;441;764
2026-06-14;6870;Änderung des Bundesgesetzes über den zivilen Ersatzdienst (Zivildienstgesetz, ZDG);municipality;556;Zielebach;2;Bern;92;46;138;250
2026-06-14;6870;Änderung des Bundesgesetzes über den zivilen Ersatzdienst (Zivildienstgesetz, ZDG);municipality;557;Zuzwil (BE);2;Bern;199;116;320;463
2026-06-14;6870;Änderung des Bundesgesetzes über den zivilen Ersatzdienst (Zivildienstgesetz, ZDG);municipality;561;Adelboden;2;Bern;1232;565;1842;2649
2026-06-14;6870;Änderung des Bundesgesetzes über den zivilen Ersatzdienst (Zivildienstgesetz, ZDG);municipality;562;Aeschi bei Spiez;2;Bern;763;442;1231;1870
2026-06-14;6870;Änderung des Bundesgesetzes über den zivilen Ersatzdienst (Zivildienstgesetz, ZDG);municipality;563;Frutigen;2;Bern;2046;1181;3335;5374
2026-06-14;6870;Änderung des Bundesgesetzes über den zivilen Ersatzdienst (Zivildienstgesetz, ZDG);municipality;564;Kandergrund;2;Bern;252;114;374;655
2026-06-14;6870;Änderung des Bundesgesetzes über den zivilen Ersatzdienst (Zivildienstgesetz, ZDG);municipality;565;Kandersteg;2;Bern;360;220;601;924
2026-06-14;6870;Änderung des Bundesgesetzes über den zivilen Ersatzdienst (Zivildienstgesetz, ZDG);municipality;566;Krattigen;2;Bern;323;231;561;884
2026-06-14;6870;Änderung des Bundesgesetzes über den zivilen Ersatzdienst (Zivildienstgesetz, ZDG);municipality;567;Reichenbach im Kandertal;2;Bern;1101;622;1788;2926
2026-06-14;6870;Änderung des Bundesgesetzes über den zivilen Ersatzdienst (Zivildienstgesetz, ZDG);municipality;571;Beatenberg;2;Bern;317;211;539;872
2026-06-14;6870;Änderung des Bundesgesetzes über den zivilen Ersatzdienst (Zivildienstgesetz, ZDG);municipality;572;Bönigen;2;Bern;627;454;1101;2039
2026-06-14;6870;Änderung des Bundesgesetzes über den zivilen Ersatzdienst (Zivildienstgesetz, ZDG);municipality;573;Brienz (BE);2;Bern;786;598;1412;2425
2026-06-14;6870;Änderung des Bundesgesetzes über den zivilen Ersatzdienst (Zivildienstgesetz, ZDG);municipality;574;Brienzwiler;2;Bern;120;111;240;394
2026-06-14;6870;Änderung des Bundesgesetzes über den zivilen Ersatzdienst (Zivildienstgesetz, ZDG);municipality;575;Därligen;2;Bern;86;74;164;313
2026-06-14;6870;Änderung des Bundesgesetzes über den zivilen Ersatzdienst (Zivildienstgesetz, ZDG);municipality;576;Grindelwald;2;Bern;997;433;1476;2494
2026-06-14;6870;Änderung des Bundesgesetzes über den zivilen Ersatzdienst (Zivildienstgesetz, ZDG);municipality;577;Gsteigwiler;2;Bern;115;87;206;324
2026-06-14;6870;Änderung des Bundesgesetzes über den zivilen Ersatzdienst (Zivildienstgesetz, ZDG);municipality;578;Gündlischwand;2;Bern;80;44;127;221
2026-06-14;6870;Änderung des Bundesgesetzes über den zivilen Ersatzdienst (Zivildienstgesetz, ZDG);municipality;579;Habkern;2;Bern;227;100;332;510
2026-06-14;6870;Änderung des Bundesgesetzes über den zivilen Ersatzdienst (Zivildienstgesetz, ZDG);municipality;580;Hofstetten bei Brienz;2;Bern;160;115;280;455
2026-06-14;6870;Änderung des Bundesgesetzes über den zivilen Ersatzdienst (Zivildienstgesetz, ZDG);municipality;581;Interlaken;2;Bern;1024;804;1858;3372
2026-06-14;6870;Änderung des Bundesgesetzes über den zivilen Ersatzdienst (Zivildienstgesetz, ZDG);municipality;582;Iseltwald;2;Bern;117;68;189;325
2026-06-14;6870;Änderung des Bundesgesetzes über den zivilen Ersatzdienst (Zivildienstgesetz, ZDG);municipality;584;Lauterbrunnen;2;Bern;496;307;825;1474
2026-06-14;6870;Änderung des Bundesgesetzes über den zivilen Ersatzdienst (Zivildienstgesetz, ZDG);municipality;585;Leissigen;2;Bern;316;200;519;864
2026-06-14;6870;Änderung des Bundesgesetzes über den zivilen Ersatzdienst (Zivildienstgesetz, ZDG);municipality;586;Lütschental;2;Bern;74;22;101;179
2026-06-14;6870;Änderung des Bundesgesetzes über den zivilen Ersatzdienst (Zivildienstgesetz, ZDG);municipality;587;Matten bei Interlaken;2;Bern;870;667;1562;2688
2026-06-14;6870;Änderung des Bundesgesetzes über den zivilen Ersatzdienst (Zivildienstgesetz, ZDG);municipality;588;Niederried bei Interlaken;2;Bern;86;65;155;273
2026-06-14;6870;Änderung des Bundesgesetzes über den zivilen Ersatzdienst (Zivildienstgesetz, ZDG);municipality;589;Oberried am Brienzersee;2;Bern;105;80;190;382
2026-06-14;6870;Änderung des Bundesgesetzes über den zivilen Ersatzdienst (Zivildienstgesetz, ZDG);municipality;590;Ringgenberg (BE);2;Bern;612;435;1070;1940
2026-06-14;6870;Änderung des Bundesgesetzes über den zivilen Ersatzdienst (Zivildienstgesetz, ZDG);municipality;591;Saxeten;2;Bern;35;15;52;88
2026-06-14;6870;Änderung des Bundesgesetzes über den zivilen Ersatzdienst (Zivildienstgesetz, ZDG);municipality;592;Schwanden bei Brienz;2;Bern;173;133;311;514
2026-06-14;6870;Änderung des Bundesgesetzes über den zivilen Ersatzdienst (Zivildienstgesetz, ZDG);municipality;593;Unterseen;2;Bern;1357;940;2353;3924
2026-06-14;6870;Änderung des Bundesgesetzes über den zivilen Ersatzdienst (Zivildienstgesetz, ZDG);municipality;594;Wilderswil;2;Bern;649;411;1076;1897
2026-06-14;6870;Änderung des Bundesgesetzes über den zivilen Ersatzdienst (Zivildienstgesetz, ZDG);municipality;602;Arni (BE);2;Bern;320;170;501;827
2026-06-14;6870;Änderung des Bundesgesetzes über den zivilen Ersatzdienst (Zivildienstgesetz, ZDG);municipality;603;Biglen;2;Bern;504;374;898;1456
2026-06-14;6870;Änderung des Bundesgesetzes über den zivilen Ersatzdienst (Zivildienstgesetz, ZDG);municipality;605;Bowil;2;Bern;378;251;645;1095
2026-06-14;6870;Änderung des Bundesgesetzes über den zivilen Ersatzdienst (Zivildienstgesetz, ZDG);municipality;606;Brenzikofen;2;Bern;163;119;287;429
2026-06-14;6870;Änderung des Bundesgesetzes über den zivilen Ersatzdienst (Zivildienstgesetz, ZDG);municipality;607;Freimettigen;2;Bern;132;88;226;335
2026-06-14;6870;Änderung des Bundesgesetzes über den zivilen Ersatzdienst (Zivildienstgesetz, ZDG);municipality;608;Grosshöchstetten;2;Bern;1095;892;2026;3212
2026-06-14;6870;Änderung des Bundesgesetzes über den zivilen Ersatzdienst (Zivildienstgesetz, ZDG);municipality;609;Häutligen;2;Bern;95;46;144;220
2026-06-14;6870;Änderung des Bundesgesetzes über den zivilen Ersatzdienst (Zivildienstgesetz, ZDG);municipality;610;Herbligen;2;Bern;172;122;299;486
2026-06-14;6870;Änderung des Bundesgesetzes über den zivilen Ersatzdienst (Zivildienstgesetz, ZDG);municipality;611;Kiesen;2;Bern;259;229;494;771
2026-06-14;6870;Änderung des Bundesgesetzes über den zivilen Ersatzdienst (Zivildienstgesetz, ZDG);municipality;612;Konolfingen;2;Bern;1353;1144;2547;4212
2026-06-14;6870;Änderung des Bundesgesetzes über den zivilen Ersatzdienst (Zivildienstgesetz, ZDG);municipality;613;Landiswil;2;Bern;211;129;347;560
2026-06-14;6870;Änderung des Bundesgesetzes über den zivilen Ersatzdienst (Zivildienstgesetz, ZDG);municipality;614;Linden;2;Bern;432;238;690;1123
2026-06-14;6870;Änderung des Bundesgesetzes über den zivilen Ersatzdienst (Zivildienstgesetz, ZDG);municipality;615;Mirchel;2;Bern;156;121;285;469
2026-06-14;6870;Änderung des Bundesgesetzes über den zivilen Ersatzdienst (Zivildienstgesetz, ZDG);municipality;616;Münsingen;2;Bern;2756;3027;5937;9495
2026-06-14;6870;Änderung des Bundesgesetzes über den zivilen Ersatzdienst (Zivildienstgesetz, ZDG);municipality;617;Niederhünigen;2;Bern;228;134;367;596
2026-06-14;6870;Änderung des Bundesgesetzes über den zivilen Ersatzdienst (Zivildienstgesetz, ZDG);municipality;619;Oberdiessbach;2;Bern;1025;773;1857;2965
2026-06-14;6870;Änderung des Bundesgesetzes über den zivilen Ersatzdienst (Zivildienstgesetz, ZDG);municipality;620;Oberthal;2;Bern;195;151;354;615
2026-06-14;6870;Änderung des Bundesgesetzes über den zivilen Ersatzdienst (Zivildienstgesetz, ZDG);municipality;622;Oppligen;2;Bern;183;132;319;537
2026-06-14;6870;Änderung des Bundesgesetzes über den zivilen Ersatzdienst (Zivildienstgesetz, ZDG);municipality;623;Rubigen;2;Bern;649;691;1369;2214
2026-06-14;6870;Änderung des Bundesgesetzes über den zivilen Ersatzdienst (Zivildienstgesetz, ZDG);municipality;626;Walkringen;2;Bern;475;381;874;1488
2026-06-14;6870;Änderung des Bundesgesetzes über den zivilen Ersatzdienst (Zivildienstgesetz, ZDG);municipality;627;Worb;2;Bern;2408;2293;4823;8020
2026-06-14;6870;Änderung des Bundesgesetzes über den zivilen Ersatzdienst (Zivildienstgesetz, ZDG);municipality;628;Zäziwil;2;Bern;535;358;911;1575
2026-06-14;6870;Änderung des Bundesgesetzes über den zivilen Ersatzdienst (Zivildienstgesetz, ZDG);municipality;630;Allmendingen;2;Bern;169;104;279;420
2026-06-14;6870;Änderung des Bundesgesetzes über den zivilen Ersatzdienst (Zivildienstgesetz, ZDG);municipality;632;Wichtrach;2;Bern;1126;919;2083;3460
2026-06-14;6870;Änderung des Bundesgesetzes über den zivilen Ersatzdienst (Zivildienstgesetz, ZDG);municipality;662;Ferenbalm;2;Bern;363;236;605;988
2026-06-14;6870;Änderung des Bundesgesetzes über den zivilen Ersatzdienst (Zivildienstgesetz, ZDG);municipality;663;Frauenkappelen;2;Bern;391;288;694;1041
2026-06-14;6870;Änderung des Bundesgesetzes über den zivilen Ersatzdienst (Zivildienstgesetz, ZDG);municipality;665;Gurbrü;2;Bern;71;48;122;192
2026-06-14;6870;Änderung des Bundesgesetzes über den zivilen Ersatzdienst (Zivildienstgesetz, ZDG);municipality;666;Kriechenwil;2;Bern;116;79;199;355
2026-06-14;6870;Änderung des Bundesgesetzes über den zivilen Ersatzdienst (Zivildienstgesetz, ZDG);municipality;667;Laupen;2;Bern;730;645;1394;2346
2026-06-14;6870;Änderung des Bundesgesetzes über den zivilen Ersatzdienst (Zivildienstgesetz, ZDG);municipality;668;Mühleberg;2;Bern;875;613;1508;2449
2026-06-14;6870;Änderung des Bundesgesetzes über den zivilen Ersatzdienst (Zivildienstgesetz, ZDG);municipality;669;Münchenwiler;2;Bern;128;89;218;372
2026-06-14;6870;Änderung des Bundesgesetzes über den zivilen Ersatzdienst (Zivildienstgesetz, ZDG);municipality;670;Neuenegg;2;Bern;1219;950;2215;4033
2026-06-14;6870;Änderung des Bundesgesetzes über den zivilen Ersatzdienst (Zivildienstgesetz, ZDG);municipality;671;Wileroltigen;2;Bern;111;52;164;273
2026-06-14;6870;Änderung des Bundesgesetzes über den zivilen Ersatzdienst (Zivildienstgesetz, ZDG);municipality;681;Belprahon;2;Bern;61;69;131;212
2026-06-14;6870;Änderung des Bundesgesetzes über den zivilen Ersatzdienst (Zivildienstgesetz, ZDG);municipality;683;Champoz;2;Bern;69;26;98;132
2026-06-14;6870;Änderung des Bundesgesetzes über den zivilen Ersatzdienst (Zivildienstgesetz, ZDG);municipality;687;Corcelles (BE);2;Bern;43;36;86;160
2026-06-14;6870;Änderung des Bundesgesetzes über den zivilen Ersatzdienst (Zivildienstgesetz, ZDG);municipality;690;Court;2;Bern;300;211;527;1025
2026-06-14;6870;Änderung des Bundesgesetzes über den zivilen Ersatzdienst (Zivildienstgesetz, ZDG);municipality;691;Crémines;2;Bern;105;99;210;404
2026-06-14;6870;Änderung des Bundesgesetzes über den zivilen Ersatzdienst (Zivildienstgesetz, ZDG);municipality;692;Eschert;2;Bern;83;56;147;269
2026-06-14;6870;Änderung des Bundesgesetzes über den zivilen Ersatzdienst (Zivildienstgesetz, ZDG);municipality;694;Grandval;2;Bern;84;63;152;280
2026-06-14;6870;Änderung des Bundesgesetzes über den zivilen Ersatzdienst (Zivildienstgesetz, ZDG);municipality;696;Loveresse;2;Bern;74;67;142;260
2026-06-14;6870;Änderung des Bundesgesetzes über den zivilen Ersatzdienst (Zivildienstgesetz, ZDG);municipality;701;Perrefitte;2;Bern;86;86;175;312
2026-06-14;6870;Änderung des Bundesgesetzes über den zivilen Ersatzdienst (Zivildienstgesetz, ZDG);municipality;703;Reconvilier;2;Bern;426;367;820;1620
2026-06-14;6870;Änderung des Bundesgesetzes über den zivilen Ersatzdienst (Zivildienstgesetz, ZDG);municipality;704;Roches (BE);2;Bern;44;28;77;145
2026-06-14;6870;Änderung des Bundesgesetzes über den zivilen Ersatzdienst (Zivildienstgesetz, ZDG);municipality;706;Saicourt;2;Bern;118;115;240;493
2026-06-14;6870;Änderung des Bundesgesetzes über den zivilen Ersatzdienst (Zivildienstgesetz, ZDG);municipality;707;Saules (BE);2;Bern;32;38;74;133
2026-06-14;6870;Änderung des Bundesgesetzes über den zivilen Ersatzdienst (Zivildienstgesetz, ZDG);municipality;708;Schelten;2;Bern;17;24;41;98
2026-06-14;6870;Änderung des Bundesgesetzes über den zivilen Ersatzdienst (Zivildienstgesetz, ZDG);municipality;709;Seehof;2;Bern;16;11;31;56
2026-06-14;6870;Änderung des Bundesgesetzes über den zivilen Ersatzdienst (Zivildienstgesetz, ZDG);municipality;711;Sorvilier;2;Bern;48;76;129;225
2026-06-14;6870;Änderung des Bundesgesetzes über den zivilen Ersatzdienst (Zivildienstgesetz, ZDG);municipality;713;Tavannes;2;Bern;444;537;1014;2115
2026-06-14;6870;Änderung des Bundesgesetzes über den zivilen Ersatzdienst (Zivildienstgesetz, ZDG);municipality;715;Rebévelier;2;Bern;14;14;28;34
2026-06-14;6870;Änderung des Bundesgesetzes über den zivilen Ersatzdienst (Zivildienstgesetz, ZDG);municipality;716;Petit-Val;2;Bern;90;110;206;315
2026-06-14;6870;Änderung des Bundesgesetzes über den zivilen Ersatzdienst (Zivildienstgesetz, ZDG);municipality;717;Valbirse;2;Bern;698;644;1384;2730
2026-06-14;6870;Änderung des Bundesgesetzes über den zivilen Ersatzdienst (Zivildienstgesetz, ZDG);municipality;723;La Neuveville;2;Bern;605;830;1478;2721
2026-06-14;6870;Änderung des Bundesgesetzes über den zivilen Ersatzdienst (Zivildienstgesetz, ZDG);municipality;724;Nods;2;Bern;155;150;318;604
2026-06-14;6870;Änderung des Bundesgesetzes über den zivilen Ersatzdienst (Zivildienstgesetz, ZDG);municipality;726;Plateau de Diesse;2;Bern;362;453;835;1635
2026-06-14;6870;Änderung des Bundesgesetzes über den zivilen Ersatzdienst (Zivildienstgesetz, ZDG);municipality;731;Aegerten;2;Bern;479;388;891;1618
2026-06-14;6870;Änderung des Bundesgesetzes über den zivilen Ersatzdienst (Zivildienstgesetz, ZDG);municipality;732;Bellmund;2;Bern;480;368;861;1337
2026-06-14;6870;Änderung des Bundesgesetzes über den zivilen Ersatzdienst (Zivildienstgesetz, ZDG);municipality;733;Brügg;2;Bern;724;714;1478;2821
2026-06-14;6870;Änderung des Bundesgesetzes über den zivilen Ersatzdienst (Zivildienstgesetz, ZDG);municipality;734;Bühl;2;Bern;135;85;223;392
2026-06-14;6870;Änderung des Bundesgesetzes über den zivilen Ersatzdienst (Zivildienstgesetz, ZDG);municipality;735;Epsach;2;Bern;119;65;186;296
2026-06-14;6870;Änderung des Bundesgesetzes über den zivilen Ersatzdienst (Zivildienstgesetz, ZDG);municipality;736;Hagneck;2;Bern;102;100;204;322
2026-06-14;6870;Änderung des Bundesgesetzes über den zivilen Ersatzdienst (Zivildienstgesetz, ZDG);municipality;737;Hermrigen;2;Bern;81;51;138;247
2026-06-14;6870;Änderung des Bundesgesetzes über den zivilen Ersatzdienst (Zivildienstgesetz, ZDG);municipality;738;Jens;2;Bern;194;167;367;554
2026-06-14;6870;Änderung des Bundesgesetzes über den zivilen Ersatzdienst (Zivildienstgesetz, ZDG);municipality;739;Ipsach;2;Bern;857;773;1674;2820
2026-06-14;6870;Änderung des Bundesgesetzes über den zivilen Ersatzdienst (Zivildienstgesetz, ZDG);municipality;740;Ligerz;2;Bern;135;135;282;411
2026-06-14;6870;Änderung des Bundesgesetzes über den zivilen Ersatzdienst (Zivildienstgesetz, ZDG);municipality;741;Merzligen;2;Bern;100;120;224;356
2026-06-14;6870;Änderung des Bundesgesetzes über den zivilen Ersatzdienst (Zivildienstgesetz, ZDG);municipality;742;Mörigen;2;Bern;285;193;489;706
2026-06-14;6870;Änderung des Bundesgesetzes über den zivilen Ersatzdienst (Zivildienstgesetz, ZDG);municipality;743;Nidau;2;Bern;938;1301;2277;4385
2026-06-14;6870;Änderung des Bundesgesetzes über den zivilen Ersatzdienst (Zivildienstgesetz, ZDG);municipality;744;Orpund;2;Bern;526;460;1000;2135
2026-06-14;6870;Änderung des Bundesgesetzes über den zivilen Ersatzdienst (Zivildienstgesetz, ZDG);municipality;745;Port;2;Bern;895;817;1743;2837
2026-06-14;6870;Änderung des Bundesgesetzes über den zivilen Ersatzdienst (Zivildienstgesetz, ZDG);municipality;746;Safnern;2;Bern;553;350;922;1512
2026-06-14;6870;Änderung des Bundesgesetzes über den zivilen Ersatzdienst (Zivildienstgesetz, ZDG);municipality;747;Scheuren;2;Bern;140;119;262;386
2026-06-14;6870;Änderung des Bundesgesetzes über den zivilen Ersatzdienst (Zivildienstgesetz, ZDG);municipality;748;Schwadernau;2;Bern;146;127;281;519
2026-06-14;6870;Änderung des Bundesgesetzes über den zivilen Ersatzdienst (Zivildienstgesetz, ZDG);municipality;749;Studen (BE);2;Bern;614;449;1086;2133
2026-06-14;6870;Änderung des Bundesgesetzes über den zivilen Ersatzdienst (Zivildienstgesetz, ZDG);municipality;750;Sutz-Lattrigen;2;Bern;336;321;676;1072
2026-06-14;6870;Änderung des Bundesgesetzes über den zivilen Ersatzdienst (Zivildienstgesetz, ZDG);municipality;751;Täuffelen;2;Bern;835;614;1479;2405
2026-06-14;6870;Änderung des Bundesgesetzes über den zivilen Ersatzdienst (Zivildienstgesetz, ZDG);municipality;754;Walperswil;2;Bern;310;184;502;781
2026-06-14;6870;Änderung des Bundesgesetzes über den zivilen Ersatzdienst (Zivildienstgesetz, ZDG);municipality;755;Worben;2;Bern;582;503;1101;1964
2026-06-14;6870;Änderung des Bundesgesetzes über den zivilen Ersatzdienst (Zivildienstgesetz, ZDG);municipality;756;Twann-Tüscherz;2;Bern;290;289;591;906
2026-06-14;6870;Änderung des Bundesgesetzes über den zivilen Ersatzdienst (Zivildienstgesetz, ZDG);municipality;761;Därstetten;2;Bern;303;118;437;661
2026-06-14;6870;Änderung des Bundesgesetzes über den zivilen Ersatzdienst (Zivildienstgesetz, ZDG);municipality;762;Diemtigen;2;Bern;838;332;1219;1910
2026-06-14;6870;Änderung des Bundesgesetzes über den zivilen Ersatzdienst (Zivildienstgesetz, ZDG);municipality;763;Erlenbach im Simmental;2;Bern;554;269;841;1348
2026-06-14;6870;Änderung des Bundesgesetzes über den zivilen Ersatzdienst (Zivildienstgesetz, ZDG);municipality;766;Oberwil im Simmental;2;Bern;334;107;456;693
2026-06-14;6870;Änderung des Bundesgesetzes über den zivilen Ersatzdienst (Zivildienstgesetz, ZDG);municipality;767;Reutigen;2;Bern;430;216;656;1042
2026-06-14;6870;Änderung des Bundesgesetzes über den zivilen Ersatzdienst (Zivildienstgesetz, ZDG);municipality;768;Spiez;2;Bern;3191;2704;6027;9849
2026-06-14;6870;Änderung des Bundesgesetzes über den zivilen Ersatzdienst (Zivildienstgesetz, ZDG);municipality;769;Wimmis;2;Bern;786;391;1192;1997
2026-06-14;6870;Änderung des Bundesgesetzes über den zivilen Ersatzdienst (Zivildienstgesetz, ZDG);municipality;770;Stocken-Höfen;2;Bern;304;171;492;811
2026-06-14;6870;Änderung des Bundesgesetzes über den zivilen Ersatzdienst (Zivildienstgesetz, ZDG);municipality;782;Guttannen;2;Bern;74;47;122;200
2026-06-14;6870;Änderung des Bundesgesetzes über den zivilen Ersatzdienst (Zivildienstgesetz, ZDG);municipality;783;Hasliberg;2;Bern;319;194;522;796
2026-06-14;6870;Änderung des Bundesgesetzes über den zivilen Ersatzdienst (Zivildienstgesetz, ZDG);municipality;784;Innertkirchen;2;Bern;336;161;511;888
2026-06-14;6870;Änderung des Bundesgesetzes über den zivilen Ersatzdienst (Zivildienstgesetz, ZDG);municipality;785;Meiringen;2;Bern;1094;748;1881;3196
2026-06-14;6870;Änderung des Bundesgesetzes über den zivilen Ersatzdienst (Zivildienstgesetz, ZDG);municipality;786;Schattenhalb;2;Bern;151;104;258;450
2026-06-14;6870;Änderung des Bundesgesetzes über den zivilen Ersatzdienst (Zivildienstgesetz, ZDG);municipality;791;Boltigen;2;Bern;425;175;621;1028
2026-06-14;6870;Änderung des Bundesgesetzes über den zivilen Ersatzdienst (Zivildienstgesetz, ZDG);municipality;792;Lenk;2;Bern;574;483;1093;1800
2026-06-14;6870;Änderung des Bundesgesetzes über den zivilen Ersatzdienst (Zivildienstgesetz, ZDG);municipality;793;St. Stephan;2;Bern;484;166;675;1024
2026-06-14;6870;Änderung des Bundesgesetzes über den zivilen Ersatzdienst (Zivildienstgesetz, ZDG);municipality;794;Zweisimmen;2;Bern;825;475;1335;2270
2026-06-14;6870;Änderung des Bundesgesetzes über den zivilen Ersatzdienst (Zivildienstgesetz, ZDG);municipality;841;Gsteig;2;Bern;251;134;397;685
2026-06-14;6870;Änderung des Bundesgesetzes über den zivilen Ersatzdienst (Zivildienstgesetz, ZDG);municipality;842;Lauenen;2;Bern;237;106;362;623
2026-06-14;6870;Änderung des Bundesgesetzes über den zivilen Ersatzdienst (Zivildienstgesetz, ZDG);municipality;843;Saanen;2;Bern;1494;835;2403;4144
2026-06-14;6870;Änderung des Bundesgesetzes über den zivilen Ersatzdienst (Zivildienstgesetz, ZDG);municipality;852;Guggisberg;2;Bern;438;317;764;1357
2026-06-14;6870;Änderung des Bundesgesetzes über den zivilen Ersatzdienst (Zivildienstgesetz, ZDG);municipality;853;Rüschegg;2;Bern;499;346;861;1558
2026-06-14;6870;Änderung des Bundesgesetzes über den zivilen Ersatzdienst (Zivildienstgesetz, ZDG);municipality;855;Schwarzenburg;2;Bern;1722;1501;3286;5552
2026-06-14;6870;Änderung des Bundesgesetzes über den zivilen Ersatzdienst (Zivildienstgesetz, ZDG);municipality;861;Belp;2;Bern;2753;2296;5183;8138
2026-06-14;6870;Änderung des Bundesgesetzes über den zivilen Ersatzdienst (Zivildienstgesetz, ZDG);municipality;863;Burgistein;2;Bern;311;253;572;917
2026-06-14;6870;Änderung des Bundesgesetzes über den zivilen Ersatzdienst (Zivildienstgesetz, ZDG);municipality;866;Gerzensee;2;Bern;375;267;651;984
2026-06-14;6870;Änderung des Bundesgesetzes über den zivilen Ersatzdienst (Zivildienstgesetz, ZDG);municipality;867;Gurzelen;2;Bern;254;174;438;688
2026-06-14;6870;Änderung des Bundesgesetzes über den zivilen Ersatzdienst (Zivildienstgesetz, ZDG);municipality;868;Jaberg;2;Bern;74;66;143;231
2026-06-14;6870;Änderung des Bundesgesetzes über den zivilen Ersatzdienst (Zivildienstgesetz, ZDG);municipality;869;Kaufdorf;2;Bern;275;293;575;835
2026-06-14;6870;Änderung des Bundesgesetzes über den zivilen Ersatzdienst (Zivildienstgesetz, ZDG);municipality;870;Kehrsatz;2;Bern;825;893;1747;2779
2026-06-14;6870;Änderung des Bundesgesetzes über den zivilen Ersatzdienst (Zivildienstgesetz, ZDG);municipality;872;Kirchdorf (BE);2;Bern;557;354;931;1527
2026-06-14;6870;Änderung des Bundesgesetzes über den zivilen Ersatzdienst (Zivildienstgesetz, ZDG);municipality;879;Riggisberg;2;Bern;746;484;1254;2460
2026-06-14;6870;Änderung des Bundesgesetzes über den zivilen Ersatzdienst (Zivildienstgesetz, ZDG);municipality;880;Rüeggisberg;2;Bern;534;372;940;1533
2026-06-14;6870;Änderung des Bundesgesetzes über den zivilen Ersatzdienst (Zivildienstgesetz, ZDG);municipality;883;Seftigen;2;Bern;627;389;1039;1708
2026-06-14;6870;Änderung des Bundesgesetzes über den zivilen Ersatzdienst (Zivildienstgesetz, ZDG);municipality;884;Toffen;2;Bern;708;549;1283;1991
2026-06-14;6870;Änderung des Bundesgesetzes über den zivilen Ersatzdienst (Zivildienstgesetz, ZDG);municipality;885;Uttigen;2;Bern;615;465;1124;1676
2026-06-14;6870;Änderung des Bundesgesetzes über den zivilen Ersatzdienst (Zivildienstgesetz, ZDG);municipality;886;Wattenwil;2;Bern;874;613;1513;2545
2026-06-14;6870;Änderung des Bundesgesetzes über den zivilen Ersatzdienst (Zivildienstgesetz, ZDG);municipality;888;Wald (BE);2;Bern;524;374;922;1433
2026-06-14;6870;Änderung des Bundesgesetzes über den zivilen Ersatzdienst (Zivildienstgesetz, ZDG);municipality;889;Thurnen;2;Bern;537;515;1076;1627
2026-06-14;6870;Änderung des Bundesgesetzes über den zivilen Ersatzdienst (Zivildienstgesetz, ZDG);municipality;901;Eggiwil;2;Bern;699;367;1094;2081
2026-06-14;6870;Änderung des Bundesgesetzes über den zivilen Ersatzdienst (Zivildienstgesetz, ZDG);municipality;902;Langnau im Emmental;2;Bern;2167;2044;4307;7796
2026-06-14;6870;Änderung des Bundesgesetzes über den zivilen Ersatzdienst (Zivildienstgesetz, ZDG);municipality;903;Lauperswil;2;Bern;667;503;1190;2294
2026-06-14;6870;Änderung des Bundesgesetzes über den zivilen Ersatzdienst (Zivildienstgesetz, ZDG);municipality;904;Röthenbach im Emmental;2;Bern;421;210;655;1088
2026-06-14;6870;Änderung des Bundesgesetzes über den zivilen Ersatzdienst (Zivildienstgesetz, ZDG);municipality;905;Rüderswil;2;Bern;650;426;1101;2046
2026-06-14;6870;Änderung des Bundesgesetzes über den zivilen Ersatzdienst (Zivildienstgesetz, ZDG);municipality;906;Schangnau;2;Bern;363;119;502;818
2026-06-14;6870;Änderung des Bundesgesetzes über den zivilen Ersatzdienst (Zivildienstgesetz, ZDG);municipality;907;Signau;2;Bern;756;498;1285;2260
2026-06-14;6870;Änderung des Bundesgesetzes über den zivilen Ersatzdienst (Zivildienstgesetz, ZDG);municipality;908;Trub;2;Bern;374;279;673;1432
2026-06-14;6870;Änderung des Bundesgesetzes über den zivilen Ersatzdienst (Zivildienstgesetz, ZDG);municipality;909;Trubschachen;2;Bern;370;283;661;1181
2026-06-14;6870;Änderung des Bundesgesetzes über den zivilen Ersatzdienst (Zivildienstgesetz, ZDG);municipality;921;Amsoldingen;2;Bern;242;183;434;696
2026-06-14;6870;Änderung des Bundesgesetzes über den zivilen Ersatzdienst (Zivildienstgesetz, ZDG);municipality;922;Blumenstein;2;Bern;388;211;612;1052
2026-06-14;6870;Änderung des Bundesgesetzes über den zivilen Ersatzdienst (Zivildienstgesetz, ZDG);municipality;923;Buchholterberg;2;Bern;537;312;861;1331
2026-06-14;6870;Änderung des Bundesgesetzes über den zivilen Ersatzdienst (Zivildienstgesetz, ZDG);municipality;924;Eriz;2;Bern;180;86;274;459
2026-06-14;6870;Änderung des Bundesgesetzes über den zivilen Ersatzdienst (Zivildienstgesetz, ZDG);municipality;925;Fahrni;2;Bern;256;153;418;655
2026-06-14;6870;Änderung des Bundesgesetzes über den zivilen Ersatzdienst (Zivildienstgesetz, ZDG);municipality;927;Heiligenschwendi;2;Bern;188;153;348;557
2026-06-14;6870;Änderung des Bundesgesetzes über den zivilen Ersatzdienst (Zivildienstgesetz, ZDG);municipality;928;Heimberg;2;Bern;1739;1072;2884;5239
2026-06-14;6870;Änderung des Bundesgesetzes über den zivilen Ersatzdienst (Zivildienstgesetz, ZDG);municipality;929;Hilterfingen;2;Bern;1063;923;2038;3174
2026-06-14;6870;Änderung des Bundesgesetzes über den zivilen Ersatzdienst (Zivildienstgesetz, ZDG);municipality;931;Homberg;2;Bern;154;86;256;403
2026-06-14;6870;Änderung des Bundesgesetzes über den zivilen Ersatzdienst (Zivildienstgesetz, ZDG);municipality;932;Horrenbach-Buchen;2;Bern;66;35;104;174
2026-06-14;6870;Änderung des Bundesgesetzes über den zivilen Ersatzdienst (Zivildienstgesetz, ZDG);municipality;934;Oberhofen am Thunersee;2;Bern;711;566;1306;1950
2026-06-14;6870;Änderung des Bundesgesetzes über den zivilen Ersatzdienst (Zivildienstgesetz, ZDG);municipality;935;Oberlangenegg;2;Bern;170;64;238;413
2026-06-14;6870;Änderung des Bundesgesetzes über den zivilen Ersatzdienst (Zivildienstgesetz, ZDG);municipality;936;Pohlern;2;Bern;86;41;129;204
2026-06-14;6870;Änderung des Bundesgesetzes über den zivilen Ersatzdienst (Zivildienstgesetz, ZDG);municipality;938;Sigriswil;2;Bern;1654;882;2592;4065
2026-06-14;6870;Änderung des Bundesgesetzes über den zivilen Ersatzdienst (Zivildienstgesetz, ZDG);municipality;939;Steffisburg;2;Bern;3932;3288;7380;12320
2026-06-14;6870;Änderung des Bundesgesetzes über den zivilen Ersatzdienst (Zivildienstgesetz, ZDG);municipality;940;Teuffenthal (BE);2;Bern;60;35;99;149
2026-06-14;6870;Änderung des Bundesgesetzes über den zivilen Ersatzdienst (Zivildienstgesetz, ZDG);municipality;941;Thierachern;2;Bern;750;578;1361;2093
2026-06-14;6870;Änderung des Bundesgesetzes über den zivilen Ersatzdienst (Zivildienstgesetz, ZDG);municipality;942;Thun;2;Bern;9137;8825;18474;31685
2026-06-14;6870;Änderung des Bundesgesetzes über den zivilen Ersatzdienst (Zivildienstgesetz, ZDG);municipality;943;Uebeschi;2;Bern;238;119;364;540
2026-06-14;6870;Änderung des Bundesgesetzes über den zivilen Ersatzdienst (Zivildienstgesetz, ZDG);municipality;944;Uetendorf;2;Bern;1607;1130;2800;4689
2026-06-14;6870;Änderung des Bundesgesetzes über den zivilen Ersatzdienst (Zivildienstgesetz, ZDG);municipality;945;Unterlangenegg;2;Bern;336;159;501;841
2026-06-14;6870;Änderung des Bundesgesetzes über den zivilen Ersatzdienst (Zivildienstgesetz, ZDG);municipality;946;Wachseldorn;2;Bern;111;21;134;183
2026-06-14;6870;Änderung des Bundesgesetzes über den zivilen Ersatzdienst (Zivildienstgesetz, ZDG);municipality;948;Forst-Längenbühl;2;Bern;248;157;417;632
2026-06-14;6870;Änderung des Bundesgesetzes über den zivilen Ersatzdienst (Zivildienstgesetz, ZDG);municipality;951;Affoltern im Emmental;2;Bern;407;216;635;1029
2026-06-14;6870;Änderung des Bundesgesetzes über den zivilen Ersatzdienst (Zivildienstgesetz, ZDG);municipality;952;Dürrenroth;2;Bern;361;175;546;893
2026-06-14;6870;Änderung des Bundesgesetzes über den zivilen Ersatzdienst (Zivildienstgesetz, ZDG);municipality;953;Eriswil;2;Bern;391;235;643;1177
2026-06-14;6870;Änderung des Bundesgesetzes über den zivilen Ersatzdienst (Zivildienstgesetz, ZDG);municipality;954;Huttwil;2;Bern;1146;927;2110;3859
2026-06-14;6870;Änderung des Bundesgesetzes über den zivilen Ersatzdienst (Zivildienstgesetz, ZDG);municipality;955;Lützelflüh;2;Bern;1206;840;2110;3551
2026-06-14;6870;Änderung des Bundesgesetzes über den zivilen Ersatzdienst (Zivildienstgesetz, ZDG);municipality;956;Rüegsau;2;Bern;966;562;1562;2617
2026-06-14;6870;Änderung des Bundesgesetzes über den zivilen Ersatzdienst (Zivildienstgesetz, ZDG);municipality;957;Sumiswald;2;Bern;1371;959;2401;4270
2026-06-14;6870;Änderung des Bundesgesetzes über den zivilen Ersatzdienst (Zivildienstgesetz, ZDG);municipality;958;Trachselwald;2;Bern;274;147;439;818
2026-06-14;6870;Änderung des Bundesgesetzes über den zivilen Ersatzdienst (Zivildienstgesetz, ZDG);municipality;959;Walterswil (BE);2;Bern;163;105;271;482
2026-06-14;6870;Änderung des Bundesgesetzes über den zivilen Ersatzdienst (Zivildienstgesetz, ZDG);municipality;960;Wyssachen;2;Bern;337;226;571;972
2026-06-14;6870;Änderung des Bundesgesetzes über den zivilen Ersatzdienst (Zivildienstgesetz, ZDG);municipality;971;Attiswil;2;Bern;464;230;716;1187
2026-06-14;6870;Änderung des Bundesgesetzes über den zivilen Ersatzdienst (Zivildienstgesetz, ZDG);municipality;972;Berken;2;Bern;24;9;33;40
2026-06-14;6870;Änderung des Bundesgesetzes über den zivilen Ersatzdienst (Zivildienstgesetz, ZDG);municipality;973;Bettenhausen;2;Bern;210;146;365;562
2026-06-14;6870;Änderung des Bundesgesetzes über den zivilen Ersatzdienst (Zivildienstgesetz, ZDG);municipality;975;Farnern;2;Bern;85;54;139;195
2026-06-14;6870;Änderung des Bundesgesetzes über den zivilen Ersatzdienst (Zivildienstgesetz, ZDG);municipality;976;Graben;2;Bern;102;62;169;260
2026-06-14;6870;Änderung des Bundesgesetzes über den zivilen Ersatzdienst (Zivildienstgesetz, ZDG);municipality;977;Heimenhausen;2;Bern;335;201;546;926
2026-06-14;6870;Änderung des Bundesgesetzes über den zivilen Ersatzdienst (Zivildienstgesetz, ZDG);municipality;979;Herzogenbuchsee;2;Bern;1561;1263;2891;5026
2026-06-14;6870;Änderung des Bundesgesetzes über den zivilen Ersatzdienst (Zivildienstgesetz, ZDG);municipality;980;Inkwil;2;Bern;196;151;352;550
2026-06-14;6870;Änderung des Bundesgesetzes über den zivilen Ersatzdienst (Zivildienstgesetz, ZDG);municipality;981;Niederbipp;2;Bern;1068;685;1796;3414
2026-06-14;6870;Änderung des Bundesgesetzes über den zivilen Ersatzdienst (Zivildienstgesetz, ZDG);municipality;982;Niederönz;2;Bern;465;393;873;1387
2026-06-14;6870;Änderung des Bundesgesetzes über den zivilen Ersatzdienst (Zivildienstgesetz, ZDG);municipality;983;Oberbipp;2;Bern;458;303;771;1310
2026-06-14;6870;Änderung des Bundesgesetzes über den zivilen Ersatzdienst (Zivildienstgesetz, ZDG);municipality;985;Ochlenberg;2;Bern;189;102;299;475
2026-06-14;6870;Änderung des Bundesgesetzes über den zivilen Ersatzdienst (Zivildienstgesetz, ZDG);municipality;987;Rumisberg;2;Bern;175;84;262;388
2026-06-14;6870;Änderung des Bundesgesetzes über den zivilen Ersatzdienst (Zivildienstgesetz, ZDG);municipality;988;Seeberg;2;Bern;437;303;756;1322
2026-06-14;6870;Änderung des Bundesgesetzes über den zivilen Ersatzdienst (Zivildienstgesetz, ZDG);municipality;989;Thörigen;2;Bern;300;206;512;896
2026-06-14;6870;Änderung des Bundesgesetzes über den zivilen Ersatzdienst (Zivildienstgesetz, ZDG);municipality;990;Walliswil bei Niederbipp;2;Bern;62;47;112;178
2026-06-14;6870;Änderung des Bundesgesetzes über den zivilen Ersatzdienst (Zivildienstgesetz, ZDG);municipality;991;Walliswil bei Wangen;2;Bern;184;121;312;491
2026-06-14;6870;Änderung des Bundesgesetzes über den zivilen Ersatzdienst (Zivildienstgesetz, ZDG);municipality;992;Wangen an der Aare;2;Bern;772;469;1273;2051
2026-06-14;6870;Änderung des Bundesgesetzes über den zivilen Ersatzdienst (Zivildienstgesetz, ZDG);municipality;995;Wiedlisbach;2;Bern;521;406;948;1768
2026-06-14;6870;Änderung des Bundesgesetzes über den zivilen Ersatzdienst (Zivildienstgesetz, ZDG);municipality;1001;Doppleschwand;3;Luzern;333;131;475;621
2026-06-14;6870;Änderung des Bundesgesetzes über den zivilen Ersatzdienst (Zivildienstgesetz, ZDG);municipality;1002;Entlebuch;3;Luzern;1131;545;1704;2487
2026-06-14;6870;Änderung des Bundesgesetzes über den zivilen Ersatzdienst (Zivildienstgesetz, ZDG);municipality;1004;Flühli;3;Luzern;673;232;919;1298
2026-06-14;6870;Änderung des Bundesgesetzes über den zivilen Ersatzdienst (Zivildienstgesetz, ZDG);municipality;1005;Hasle (LU);3;Luzern;645;316;971;1363
2026-06-14;6870;Änderung des Bundesgesetzes über den zivilen Ersatzdienst (Zivildienstgesetz, ZDG);municipality;1007;Romoos;3;Luzern;248;89;345;469
2026-06-14;6870;Änderung des Bundesgesetzes über den zivilen Ersatzdienst (Zivildienstgesetz, ZDG);municipality;1008;Schüpfheim;3;Luzern;1404;806;2238;3131
2026-06-14;6870;Änderung des Bundesgesetzes über den zivilen Ersatzdienst (Zivildienstgesetz, ZDG);municipality;1009;Werthenstein;3;Luzern;569;332;920;1401
2026-06-14;6870;Änderung des Bundesgesetzes über den zivilen Ersatzdienst (Zivildienstgesetz, ZDG);municipality;1010;Escholzmatt-Marbach;3;Luzern;1620;701;2370;3450
2026-06-14;6870;Änderung des Bundesgesetzes über den zivilen Ersatzdienst (Zivildienstgesetz, ZDG);municipality;1021;Aesch (LU);3;Luzern;417;235;673;1025
2026-06-14;6870;Änderung des Bundesgesetzes über den zivilen Ersatzdienst (Zivildienstgesetz, ZDG);municipality;1023;Ballwil;3;Luzern;881;543;1450;2106
2026-06-14;6870;Änderung des Bundesgesetzes über den zivilen Ersatzdienst (Zivildienstgesetz, ZDG);municipality;1024;Emmen;3;Luzern;4557;3582;8254;16384
2026-06-14;6870;Änderung des Bundesgesetzes über den zivilen Ersatzdienst (Zivildienstgesetz, ZDG);municipality;1025;Ermensee;3;Luzern;325;218;551;753
2026-06-14;6870;Änderung des Bundesgesetzes über den zivilen Ersatzdienst (Zivildienstgesetz, ZDG);municipality;1026;Eschenbach (LU);3;Luzern;1114;679;1827;2618
2026-06-14;6870;Änderung des Bundesgesetzes über den zivilen Ersatzdienst (Zivildienstgesetz, ZDG);municipality;1030;Hitzkirch;3;Luzern;1614;1026;2687;4080
2026-06-14;6870;Änderung des Bundesgesetzes über den zivilen Ersatzdienst (Zivildienstgesetz, ZDG);municipality;1031;Hochdorf;3;Luzern;2198;1600;3889;6287
2026-06-14;6870;Änderung des Bundesgesetzes über den zivilen Ersatzdienst (Zivildienstgesetz, ZDG);municipality;1032;Hohenrain;3;Luzern;804;459;1282;1774
2026-06-14;6870;Änderung des Bundesgesetzes über den zivilen Ersatzdienst (Zivildienstgesetz, ZDG);municipality;1033;Inwil;3;Luzern;811;443;1283;1967
2026-06-14;6870;Änderung des Bundesgesetzes über den zivilen Ersatzdienst (Zivildienstgesetz, ZDG);municipality;1037;Rain;3;Luzern;1061;513;1611;2357
2026-06-14;6870;Änderung des Bundesgesetzes über den zivilen Ersatzdienst (Zivildienstgesetz, ZDG);municipality;1039;Römerswil;3;Luzern;584;306;902;1262
2026-06-14;6870;Änderung des Bundesgesetzes über den zivilen Ersatzdienst (Zivildienstgesetz, ZDG);municipality;1040;Rothenburg;3;Luzern;2382;1453;3910;5707
2026-06-14;6870;Änderung des Bundesgesetzes über den zivilen Ersatzdienst (Zivildienstgesetz, ZDG);municipality;1041;Schongau;3;Luzern;313;221;547;780
2026-06-14;6870;Änderung des Bundesgesetzes über den zivilen Ersatzdienst (Zivildienstgesetz, ZDG);municipality;1051;Adligenswil;3;Luzern;1594;1250;2902;4028
2026-06-14;6870;Änderung des Bundesgesetzes über den zivilen Ersatzdienst (Zivildienstgesetz, ZDG);municipality;1052;Buchrain;3;Luzern;1550;1027;2646;4318
2026-06-14;6870;Änderung des Bundesgesetzes über den zivilen Ersatzdienst (Zivildienstgesetz, ZDG);municipality;1053;Dierikon;3;Luzern;301;211;530;1034
2026-06-14;6870;Änderung des Bundesgesetzes über den zivilen Ersatzdienst (Zivildienstgesetz, ZDG);municipality;1054;Ebikon;3;Luzern;2797;2192;5082;8756
2026-06-14;6870;Änderung des Bundesgesetzes über den zivilen Ersatzdienst (Zivildienstgesetz, ZDG);municipality;1055;Gisikon;3;Luzern;367;203;580;923
2026-06-14;6870;Änderung des Bundesgesetzes über den zivilen Ersatzdienst (Zivildienstgesetz, ZDG);municipality;1056;Greppen;3;Luzern;330;213;554;788
2026-06-14;6870;Änderung des Bundesgesetzes über den zivilen Ersatzdienst (Zivildienstgesetz, ZDG);municipality;1058;Horw;3;Luzern;3918;3113;7184;10664
2026-06-14;6870;Änderung des Bundesgesetzes über den zivilen Ersatzdienst (Zivildienstgesetz, ZDG);municipality;1059;Kriens;3;Luzern;6045;5285;11564;19267
2026-06-14;6870;Änderung des Bundesgesetzes über den zivilen Ersatzdienst (Zivildienstgesetz, ZDG);municipality;1061;Luzern;3;Luzern;14177;18969;34193;53237
2026-06-14;6870;Änderung des Bundesgesetzes über den zivilen Ersatzdienst (Zivildienstgesetz, ZDG);municipality;1062;Malters;3;Luzern;2051;1439;3554;5389
2026-06-14;6870;Änderung des Bundesgesetzes über den zivilen Ersatzdienst (Zivildienstgesetz, ZDG);municipality;1063;Meggen;3;Luzern;2552;1319;3929;5325
2026-06-14;6870;Änderung des Bundesgesetzes über den zivilen Ersatzdienst (Zivildienstgesetz, ZDG);municipality;1064;Meierskappel;3;Luzern;420;260;694;997
2026-06-14;6870;Änderung des Bundesgesetzes über den zivilen Ersatzdienst (Zivildienstgesetz, ZDG);municipality;1065;Root;3;Luzern;1251;853;2143;3886
2026-06-14;6870;Änderung des Bundesgesetzes über den zivilen Ersatzdienst (Zivildienstgesetz, ZDG);municipality;1066;Schwarzenberg;3;Luzern;596;300;915;1303
2026-06-14;6870;Änderung des Bundesgesetzes über den zivilen Ersatzdienst (Zivildienstgesetz, ZDG);municipality;1067;Udligenswil;3;Luzern;777;494;1293;1725
2026-06-14;6870;Änderung des Bundesgesetzes über den zivilen Ersatzdienst (Zivildienstgesetz, ZDG);municipality;1068;Vitznau;3;Luzern;370;241;619;898
2026-06-14;6870;Änderung des Bundesgesetzes über den zivilen Ersatzdienst (Zivildienstgesetz, ZDG);municipality;1069;Weggis;3;Luzern;1310;817;2178;2964
2026-06-14;6870;Änderung des Bundesgesetzes über den zivilen Ersatzdienst (Zivildienstgesetz, ZDG);municipality;1081;Beromünster;3;Luzern;1821;1121;3013;4722
2026-06-14;6870;Änderung des Bundesgesetzes über den zivilen Ersatzdienst (Zivildienstgesetz, ZDG);municipality;1082;Büron;3;Luzern;621;332;985;1648
2026-06-14;6870;Änderung des Bundesgesetzes über den zivilen Ersatzdienst (Zivildienstgesetz, ZDG);municipality;1083;Buttisholz;3;Luzern;932;605;1569;2407
2026-06-14;6870;Änderung des Bundesgesetzes über den zivilen Ersatzdienst (Zivildienstgesetz, ZDG);municipality;1084;Eich;3;Luzern;634;300;958;1342
2026-06-14;6870;Änderung des Bundesgesetzes über den zivilen Ersatzdienst (Zivildienstgesetz, ZDG);municipality;1085;Geuensee;3;Luzern;662;429;1113;1876
2026-06-14;6870;Änderung des Bundesgesetzes über den zivilen Ersatzdienst (Zivildienstgesetz, ZDG);municipality;1086;Grosswangen;3;Luzern;976;549;1551;2340
2026-06-14;6870;Änderung des Bundesgesetzes über den zivilen Ersatzdienst (Zivildienstgesetz, ZDG);municipality;1088;Hildisrieden;3;Luzern;771;436;1222;1735
2026-06-14;6870;Änderung des Bundesgesetzes über den zivilen Ersatzdienst (Zivildienstgesetz, ZDG);municipality;1089;Knutwil;3;Luzern;725;400;1151;1744
2026-06-14;6870;Änderung des Bundesgesetzes über den zivilen Ersatzdienst (Zivildienstgesetz, ZDG);municipality;1091;Mauensee;3;Luzern;404;353;768;1132
2026-06-14;6870;Änderung des Bundesgesetzes über den zivilen Ersatzdienst (Zivildienstgesetz, ZDG);municipality;1093;Neuenkirch;3;Luzern;1900;1336;3291;5105
2026-06-14;6870;Änderung des Bundesgesetzes über den zivilen Ersatzdienst (Zivildienstgesetz, ZDG);municipality;1094;Nottwil;3;Luzern;1047;752;1842;2794
2026-06-14;6870;Änderung des Bundesgesetzes über den zivilen Ersatzdienst (Zivildienstgesetz, ZDG);municipality;1095;Oberkirch;3;Luzern;1340;1023;2401;3589
2026-06-14;6870;Änderung des Bundesgesetzes über den zivilen Ersatzdienst (Zivildienstgesetz, ZDG);municipality;1097;Rickenbach (LU);3;Luzern;933;548;1515;2428
2026-06-14;6870;Änderung des Bundesgesetzes über den zivilen Ersatzdienst (Zivildienstgesetz, ZDG);municipality;1098;Ruswil;3;Luzern;2169;1395;3648;5401
2026-06-14;6870;Änderung des Bundesgesetzes über den zivilen Ersatzdienst (Zivildienstgesetz, ZDG);municipality;1099;Schenkon;3;Luzern;1019;566;1613;2337
2026-06-14;6870;Änderung des Bundesgesetzes über den zivilen Ersatzdienst (Zivildienstgesetz, ZDG);municipality;1100;Schlierbach;3;Luzern;333;154;495;686
2026-06-14;6870;Änderung des Bundesgesetzes über den zivilen Ersatzdienst (Zivildienstgesetz, ZDG);municipality;1102;Sempach;3;Luzern;1229;922;2208;3173
2026-06-14;6870;Änderung des Bundesgesetzes über den zivilen Ersatzdienst (Zivildienstgesetz, ZDG);municipality;1103;Sursee;3;Luzern;2397;2281;4802;7521
2026-06-14;6870;Änderung des Bundesgesetzes über den zivilen Ersatzdienst (Zivildienstgesetz, ZDG);municipality;1104;Triengen;3;Luzern;1120;687;1860;2986
2026-06-14;6870;Änderung des Bundesgesetzes über den zivilen Ersatzdienst (Zivildienstgesetz, ZDG);municipality;1107;Wolhusen;3;Luzern;1155;604;1798;2846
2026-06-14;6870;Änderung des Bundesgesetzes über den zivilen Ersatzdienst (Zivildienstgesetz, ZDG);municipality;1121;Alberswil;3;Luzern;196;101;308;497
2026-06-14;6870;Änderung des Bundesgesetzes über den zivilen Ersatzdienst (Zivildienstgesetz, ZDG);municipality;1122;Altbüron;3;Luzern;289;179;475;713
2026-06-14;6870;Änderung des Bundesgesetzes über den zivilen Ersatzdienst (Zivildienstgesetz, ZDG);municipality;1123;Altishofen;3;Luzern;473;294;788;1270
2026-06-14;6870;Änderung des Bundesgesetzes über den zivilen Ersatzdienst (Zivildienstgesetz, ZDG);municipality;1125;Dagmersellen;3;Luzern;1426;887;2349;3891
2026-06-14;6870;Änderung des Bundesgesetzes über den zivilen Ersatzdienst (Zivildienstgesetz, ZDG);municipality;1127;Egolzwil;3;Luzern;459;263;732;1141
2026-06-14;6870;Änderung des Bundesgesetzes über den zivilen Ersatzdienst (Zivildienstgesetz, ZDG);municipality;1128;Ettiswil;3;Luzern;783;445;1252;1952
2026-06-14;6870;Änderung des Bundesgesetzes über den zivilen Ersatzdienst (Zivildienstgesetz, ZDG);municipality;1129;Fischbach;3;Luzern;207;116;325;521
2026-06-14;6870;Änderung des Bundesgesetzes über den zivilen Ersatzdienst (Zivildienstgesetz, ZDG);municipality;1131;Grossdietwil;3;Luzern;251;163;423;669
2026-06-14;6870;Änderung des Bundesgesetzes über den zivilen Ersatzdienst (Zivildienstgesetz, ZDG);municipality;1132;Hergiswil bei Willisau;3;Luzern;566;325;904;1407
2026-06-14;6870;Änderung des Bundesgesetzes über den zivilen Ersatzdienst (Zivildienstgesetz, ZDG);municipality;1135;Luthern;3;Luzern;391;226;634;938
2026-06-14;6870;Änderung des Bundesgesetzes über den zivilen Ersatzdienst (Zivildienstgesetz, ZDG);municipality;1136;Menznau;3;Luzern;773;496;1299;2163
2026-06-14;6870;Änderung des Bundesgesetzes über den zivilen Ersatzdienst (Zivildienstgesetz, ZDG);municipality;1137;Nebikon;3;Luzern;561;363;942;1569
2026-06-14;6870;Änderung des Bundesgesetzes über den zivilen Ersatzdienst (Zivildienstgesetz, ZDG);municipality;1139;Pfaffnau;3;Luzern;700;412;1134;1807
2026-06-14;6870;Änderung des Bundesgesetzes über den zivilen Ersatzdienst (Zivildienstgesetz, ZDG);municipality;1140;Reiden;3;Luzern;1526;952;2542;4460
2026-06-14;6870;Änderung des Bundesgesetzes über den zivilen Ersatzdienst (Zivildienstgesetz, ZDG);municipality;1142;Roggliswil;3;Luzern;261;144;408;593
2026-06-14;6870;Änderung des Bundesgesetzes über den zivilen Ersatzdienst (Zivildienstgesetz, ZDG);municipality;1143;Schötz;3;Luzern;1088;660;1777;3035
2026-06-14;6870;Änderung des Bundesgesetzes über den zivilen Ersatzdienst (Zivildienstgesetz, ZDG);municipality;1145;Ufhusen;3;Luzern;305;150;466;688
2026-06-14;6870;Änderung des Bundesgesetzes über den zivilen Ersatzdienst (Zivildienstgesetz, ZDG);municipality;1146;Wauwil;3;Luzern;658;428;1099;1663
2026-06-14;6870;Änderung des Bundesgesetzes über den zivilen Ersatzdienst (Zivildienstgesetz, ZDG);municipality;1147;Wikon;3;Luzern;358;247;616;960
2026-06-14;6870;Änderung des Bundesgesetzes über den zivilen Ersatzdienst (Zivildienstgesetz, ZDG);municipality;1150;Zell (LU);3;Luzern;630;386;1038;1588
2026-06-14;6870;Änderung des Bundesgesetzes über den zivilen Ersatzdienst (Zivildienstgesetz, ZDG);municipality;1151;Willisau;3;Luzern;2486;1599;4165;6401
2026-06-14;6870;Änderung des Bundesgesetzes über den zivilen Ersatzdienst (Zivildienstgesetz, ZDG);municipality;1201;Altdorf (UR);4;Uri;2329;2035;4473;7161
2026-06-14;6870;Änderung des Bundesgesetzes über den zivilen Ersatzdienst (Zivildienstgesetz, ZDG);municipality;1202;Andermatt;4;Uri;354;202;561;942
2026-06-14;6870;Änderung des Bundesgesetzes über den zivilen Ersatzdienst (Zivildienstgesetz, ZDG);municipality;1203;Attinghausen;4;Uri;465;300;785;1321
2026-06-14;6870;Änderung des Bundesgesetzes über den zivilen Ersatzdienst (Zivildienstgesetz, ZDG);municipality;1205;Bürglen (UR);4;Uri;1028;840;1906;2972
2026-06-14;6870;Änderung des Bundesgesetzes über den zivilen Ersatzdienst (Zivildienstgesetz, ZDG);municipality;1206;Erstfeld;4;Uri;913;676;1648;2467
2026-06-14;6870;Änderung des Bundesgesetzes über den zivilen Ersatzdienst (Zivildienstgesetz, ZDG);municipality;1207;Flüelen;4;Uri;509;351;880;1421
2026-06-14;6870;Änderung des Bundesgesetzes über den zivilen Ersatzdienst (Zivildienstgesetz, ZDG);municipality;1208;Göschenen;4;Uri;99;82;185;285
2026-06-14;6870;Änderung des Bundesgesetzes über den zivilen Ersatzdienst (Zivildienstgesetz, ZDG);municipality;1209;Gurtnellen;4;Uri;113;98;211;402
2026-06-14;6870;Änderung des Bundesgesetzes über den zivilen Ersatzdienst (Zivildienstgesetz, ZDG);municipality;1210;Hospental;4;Uri;39;29;70;114
2026-06-14;6870;Änderung des Bundesgesetzes über den zivilen Ersatzdienst (Zivildienstgesetz, ZDG);municipality;1211;Isenthal;4;Uri;96;121;220;355
2026-06-14;6870;Änderung des Bundesgesetzes über den zivilen Ersatzdienst (Zivildienstgesetz, ZDG);municipality;1212;Realp;4;Uri;50;19;69;98
2026-06-14;6870;Änderung des Bundesgesetzes über den zivilen Ersatzdienst (Zivildienstgesetz, ZDG);municipality;1213;Schattdorf;4;Uri;1461;928;2446;3975
2026-06-14;6870;Änderung des Bundesgesetzes über den zivilen Ersatzdienst (Zivildienstgesetz, ZDG);municipality;1214;Seedorf (UR);4;Uri;495;378;888;1484
2026-06-14;6870;Änderung des Bundesgesetzes über den zivilen Ersatzdienst (Zivildienstgesetz, ZDG);municipality;1215;Seelisberg;4;Uri;218;113;343;520
2026-06-14;6870;Änderung des Bundesgesetzes über den zivilen Ersatzdienst (Zivildienstgesetz, ZDG);municipality;1216;Silenen;4;Uri;487;333;833;1579
2026-06-14;6870;Änderung des Bundesgesetzes über den zivilen Ersatzdienst (Zivildienstgesetz, ZDG);municipality;1217;Sisikon;4;Uri;101;60;163;232
2026-06-14;6870;Änderung des Bundesgesetzes über den zivilen Ersatzdienst (Zivildienstgesetz, ZDG);municipality;1218;Spiringen;4;Uri;208;213;436;687
2026-06-14;6870;Änderung des Bundesgesetzes über den zivilen Ersatzdienst (Zivildienstgesetz, ZDG);municipality;1219;Unterschächen;4;Uri;189;148;341;556
2026-06-14;6870;Änderung des Bundesgesetzes über den zivilen Ersatzdienst (Zivildienstgesetz, ZDG);municipality;1220;Wassen;4;Uri;88;63;153;247
2026-06-14;6870;Änderung des Bundesgesetzes über den zivilen Ersatzdienst (Zivildienstgesetz, ZDG);municipality;1301;Einsiedeln;5;Schwyz;5053;2931;8085;11576
2026-06-14;6870;Änderung des Bundesgesetzes über den zivilen Ersatzdienst (Zivildienstgesetz, ZDG);municipality;1311;Gersau;5;Schwyz;624;395;1039;1559
2026-06-14;6870;Änderung des Bundesgesetzes über den zivilen Ersatzdienst (Zivildienstgesetz, ZDG);municipality;1321;Feusisberg;5;Schwyz;1676;711;2404;3545
2026-06-14;6870;Änderung des Bundesgesetzes über den zivilen Ersatzdienst (Zivildienstgesetz, ZDG);municipality;1322;Freienbach;5;Schwyz;4326;2284;6676;10305
2026-06-14;6870;Änderung des Bundesgesetzes über den zivilen Ersatzdienst (Zivildienstgesetz, ZDG);municipality;1323;Wollerau;5;Schwyz;2194;1058;3293;4899
2026-06-14;6870;Änderung des Bundesgesetzes über den zivilen Ersatzdienst (Zivildienstgesetz, ZDG);municipality;1331;Küssnacht (SZ);5;Schwyz;3780;2285;6148;8869
2026-06-14;6870;Änderung des Bundesgesetzes über den zivilen Ersatzdienst (Zivildienstgesetz, ZDG);municipality;1341;Altendorf;5;Schwyz;1988;1140;3166;4861
2026-06-14;6870;Änderung des Bundesgesetzes über den zivilen Ersatzdienst (Zivildienstgesetz, ZDG);municipality;1342;Galgenen;5;Schwyz;1432;852;2309;3608
2026-06-14;6870;Änderung des Bundesgesetzes über den zivilen Ersatzdienst (Zivildienstgesetz, ZDG);municipality;1343;Innerthal;5;Schwyz;85;33;119;163
2026-06-14;6870;Änderung des Bundesgesetzes über den zivilen Ersatzdienst (Zivildienstgesetz, ZDG);municipality;1344;Lachen;5;Schwyz;2166;1284;3487;5444
2026-06-14;6870;Änderung des Bundesgesetzes über den zivilen Ersatzdienst (Zivildienstgesetz, ZDG);municipality;1345;Reichenburg;5;Schwyz;952;547;1508;2483
2026-06-14;6870;Änderung des Bundesgesetzes über den zivilen Ersatzdienst (Zivildienstgesetz, ZDG);municipality;1346;Schübelbach;5;Schwyz;1994;1197;3221;5530
2026-06-14;6870;Änderung des Bundesgesetzes über den zivilen Ersatzdienst (Zivildienstgesetz, ZDG);municipality;1347;Tuggen;5;Schwyz;961;580;1556;2385
2026-06-14;6870;Änderung des Bundesgesetzes über den zivilen Ersatzdienst (Zivildienstgesetz, ZDG);municipality;1348;Vorderthal;5;Schwyz;323;184;514;790
2026-06-14;6870;Änderung des Bundesgesetzes über den zivilen Ersatzdienst (Zivildienstgesetz, ZDG);municipality;1349;Wangen (SZ);5;Schwyz;1429;979;2434;3791
2026-06-14;6870;Änderung des Bundesgesetzes über den zivilen Ersatzdienst (Zivildienstgesetz, ZDG);municipality;1361;Alpthal;5;Schwyz;225;138;366;509
2026-06-14;6870;Änderung des Bundesgesetzes über den zivilen Ersatzdienst (Zivildienstgesetz, ZDG);municipality;1362;Arth;5;Schwyz;2867;1770;4682;7306
2026-06-14;6870;Änderung des Bundesgesetzes über den zivilen Ersatzdienst (Zivildienstgesetz, ZDG);municipality;1363;Illgau;5;Schwyz;289;163;460;643
2026-06-14;6870;Änderung des Bundesgesetzes über den zivilen Ersatzdienst (Zivildienstgesetz, ZDG);municipality;1364;Ingenbohl;5;Schwyz;2593;1600;4241;6340
2026-06-14;6870;Änderung des Bundesgesetzes über den zivilen Ersatzdienst (Zivildienstgesetz, ZDG);municipality;1365;Lauerz;5;Schwyz;368;223;593;821
2026-06-14;6870;Änderung des Bundesgesetzes über den zivilen Ersatzdienst (Zivildienstgesetz, ZDG);municipality;1366;Morschach;5;Schwyz;356;229;589;879
2026-06-14;6870;Änderung des Bundesgesetzes über den zivilen Ersatzdienst (Zivildienstgesetz, ZDG);municipality;1367;Muotathal;5;Schwyz;1337;624;1980;2731
2026-06-14;6870;Änderung des Bundesgesetzes über den zivilen Ersatzdienst (Zivildienstgesetz, ZDG);municipality;1368;Oberiberg;5;Schwyz;350;182;538;737
2026-06-14;6870;Änderung des Bundesgesetzes über den zivilen Ersatzdienst (Zivildienstgesetz, ZDG);municipality;1369;Riemenstalden;5;Schwyz;22;27;49;65
2026-06-14;6870;Änderung des Bundesgesetzes über den zivilen Ersatzdienst (Zivildienstgesetz, ZDG);municipality;1370;Rothenthurm;5;Schwyz;829;416;1251;1765
2026-06-14;6870;Änderung des Bundesgesetzes über den zivilen Ersatzdienst (Zivildienstgesetz, ZDG);municipality;1371;Sattel;5;Schwyz;761;319;1087;1463
2026-06-14;6870;Änderung des Bundesgesetzes über den zivilen Ersatzdienst (Zivildienstgesetz, ZDG);municipality;1372;Schwyz;5;Schwyz;4315;3026;7425;11128
2026-06-14;6870;Änderung des Bundesgesetzes über den zivilen Ersatzdienst (Zivildienstgesetz, ZDG);municipality;1373;Steinen;5;Schwyz;1125;709;1851;2759
2026-06-14;6870;Änderung des Bundesgesetzes über den zivilen Ersatzdienst (Zivildienstgesetz, ZDG);municipality;1374;Steinerberg;5;Schwyz;305;164;474;716
2026-06-14;6870;Änderung des Bundesgesetzes über den zivilen Ersatzdienst (Zivildienstgesetz, ZDG);municipality;1375;Unteriberg;5;Schwyz;924;470;1410;1861
2026-06-14;6870;Änderung des Bundesgesetzes über den zivilen Ersatzdienst (Zivildienstgesetz, ZDG);municipality;1401;Alpnach;6;Obwalden;1809;1008;2889;4428
2026-06-14;6870;Änderung des Bundesgesetzes über den zivilen Ersatzdienst (Zivildienstgesetz, ZDG);municipality;1402;Engelberg;6;Obwalden;1206;620;1879;2734
2026-06-14;6870;Änderung des Bundesgesetzes über den zivilen Ersatzdienst (Zivildienstgesetz, ZDG);municipality;1403;Giswil;6;Obwalden;1165;663;1881;2885
2026-06-14;6870;Änderung des Bundesgesetzes über den zivilen Ersatzdienst (Zivildienstgesetz, ZDG);municipality;1404;Kerns;6;Obwalden;2083;1063;3214;4777
2026-06-14;6870;Änderung des Bundesgesetzes über den zivilen Ersatzdienst (Zivildienstgesetz, ZDG);municipality;1405;Lungern;6;Obwalden;686;418;1139;1647
2026-06-14;6870;Änderung des Bundesgesetzes über den zivilen Ersatzdienst (Zivildienstgesetz, ZDG);municipality;1406;Sachseln;6;Obwalden;1546;1010;2631;3882
2026-06-14;6870;Änderung des Bundesgesetzes über den zivilen Ersatzdienst (Zivildienstgesetz, ZDG);municipality;1407;Sarnen;6;Obwalden;3025;1899;5075;7614
2026-06-14;6870;Änderung des Bundesgesetzes über den zivilen Ersatzdienst (Zivildienstgesetz, ZDG);municipality;1501;Beckenried;7;Nidwalden;1191;594;1846;2766
2026-06-14;6870;Änderung des Bundesgesetzes über den zivilen Ersatzdienst (Zivildienstgesetz, ZDG);municipality;1502;Buochs;7;Nidwalden;1546;827;2416;3892
2026-06-14;6870;Änderung des Bundesgesetzes über den zivilen Ersatzdienst (Zivildienstgesetz, ZDG);municipality;1503;Dallenwil;7;Nidwalden;608;379;1004;1460
2026-06-14;6870;Änderung des Bundesgesetzes über den zivilen Ersatzdienst (Zivildienstgesetz, ZDG);municipality;1504;Emmetten;7;Nidwalden;495;233;753;1150
2026-06-14;6870;Änderung des Bundesgesetzes über den zivilen Ersatzdienst (Zivildienstgesetz, ZDG);municipality;1505;Ennetbürgen;7;Nidwalden;1618;803;2479;3729
2026-06-14;6870;Änderung des Bundesgesetzes über den zivilen Ersatzdienst (Zivildienstgesetz, ZDG);municipality;1506;Ennetmoos;7;Nidwalden;711;395;1123;1665
2026-06-14;6870;Änderung des Bundesgesetzes über den zivilen Ersatzdienst (Zivildienstgesetz, ZDG);municipality;1507;Hergiswil (NW);7;Nidwalden;1858;840;2754;4112
2026-06-14;6870;Änderung des Bundesgesetzes über den zivilen Ersatzdienst (Zivildienstgesetz, ZDG);municipality;1508;Oberdorf (NW);7;Nidwalden;1037;587;1655;2334
2026-06-14;6870;Änderung des Bundesgesetzes über den zivilen Ersatzdienst (Zivildienstgesetz, ZDG);municipality;1509;Stans;7;Nidwalden;1999;1507;3598;6024
2026-06-14;6870;Änderung des Bundesgesetzes über den zivilen Ersatzdienst (Zivildienstgesetz, ZDG);municipality;1510;Stansstad;7;Nidwalden;1259;974;2264;3352
2026-06-14;6870;Änderung des Bundesgesetzes über den zivilen Ersatzdienst (Zivildienstgesetz, ZDG);municipality;1511;Wolfenschiessen;7;Nidwalden;630;397;1047;1650
2026-06-14;6870;Änderung des Bundesgesetzes über den zivilen Ersatzdienst (Zivildienstgesetz, ZDG);municipality;1630;Glarus Nord;8;Glarus;4107;2440;6828;11880
2026-06-14;6870;Änderung des Bundesgesetzes über den zivilen Ersatzdienst (Zivildienstgesetz, ZDG);municipality;1631;Glarus Süd;8;Glarus;2661;1398;4116;6956
2026-06-14;6870;Änderung des Bundesgesetzes über den zivilen Ersatzdienst (Zivildienstgesetz, ZDG);municipality;1632;Glarus;8;Glarus;2615;1793;4552;8021
2026-06-14;6870;Änderung des Bundesgesetzes über den zivilen Ersatzdienst (Zivildienstgesetz, ZDG);municipality;1701;Baar;9;Zug;5639;3768;9534;14886
2026-06-14;6870;Änderung des Bundesgesetzes über den zivilen Ersatzdienst (Zivildienstgesetz, ZDG);municipality;1702;Cham;9;Zug;4170;2867;7099;11093
2026-06-14;6870;Änderung des Bundesgesetzes über den zivilen Ersatzdienst (Zivildienstgesetz, ZDG);municipality;1703;Hünenberg;9;Zug;2581;1610;4226;6074
2026-06-14;6870;Änderung des Bundesgesetzes über den zivilen Ersatzdienst (Zivildienstgesetz, ZDG);municipality;1704;Menzingen;9;Zug;1342;819;2184;3145
2026-06-14;6870;Änderung des Bundesgesetzes über den zivilen Ersatzdienst (Zivildienstgesetz, ZDG);municipality;1705;Neuheim;9;Zug;650;373;1034;1545
2026-06-14;6870;Änderung des Bundesgesetzes über den zivilen Ersatzdienst (Zivildienstgesetz, ZDG);municipality;1706;Oberägeri;9;Zug;1825;780;2627;4000
2026-06-14;6870;Änderung des Bundesgesetzes über den zivilen Ersatzdienst (Zivildienstgesetz, ZDG);municipality;1707;Risch;9;Zug;2717;1770;4526;7116
2026-06-14;6870;Änderung des Bundesgesetzes über den zivilen Ersatzdienst (Zivildienstgesetz, ZDG);municipality;1708;Steinhausen;9;Zug;2470;1688;4199;6475
2026-06-14;6870;Änderung des Bundesgesetzes über den zivilen Ersatzdienst (Zivildienstgesetz, ZDG);municipality;1709;Unterägeri;9;Zug;2428;1618;4082;5993
2026-06-14;6870;Änderung des Bundesgesetzes über den zivilen Ersatzdienst (Zivildienstgesetz, ZDG);municipality;1710;Walchwil;9;Zug;1115;523;1651;2258
2026-06-14;6870;Änderung des Bundesgesetzes über den zivilen Ersatzdienst (Zivildienstgesetz, ZDG);municipality;1711;Zug;9;Zug;6771;5180;12093;17533
2026-06-14;6870;Änderung des Bundesgesetzes über den zivilen Ersatzdienst (Zivildienstgesetz, ZDG);municipality;2008;Châtillon (FR);10;Freiburg;102;131;235;386
2026-06-14;6870;Änderung des Bundesgesetzes über den zivilen Ersatzdienst (Zivildienstgesetz, ZDG);municipality;2011;Cugy (FR);10;Freiburg;373;310;700;1300
2026-06-14;6870;Änderung des Bundesgesetzes über den zivilen Ersatzdienst (Zivildienstgesetz, ZDG);municipality;2022;Gletterens;10;Freiburg;228;182;418;802
2026-06-14;6870;Änderung des Bundesgesetzes über den zivilen Ersatzdienst (Zivildienstgesetz, ZDG);municipality;2025;Lully (FR);10;Freiburg;217;197;435;786
2026-06-14;6870;Änderung des Bundesgesetzes über den zivilen Ersatzdienst (Zivildienstgesetz, ZDG);municipality;2029;Montagny (FR);10;Freiburg;419;419;857;1900
2026-06-14;6870;Änderung des Bundesgesetzes über den zivilen Ersatzdienst (Zivildienstgesetz, ZDG);municipality;2035;Nuvilly;10;Freiburg;83;71;156;314
2026-06-14;6870;Änderung des Bundesgesetzes über den zivilen Ersatzdienst (Zivildienstgesetz, ZDG);municipality;2038;Prévondavaux;10;Freiburg;28;17;47;82
2026-06-14;6870;Änderung des Bundesgesetzes über den zivilen Ersatzdienst (Zivildienstgesetz, ZDG);municipality;2041;Saint-Aubin (FR);10;Freiburg;395;264;675;1271
2026-06-14;6870;Änderung des Bundesgesetzes über den zivilen Ersatzdienst (Zivildienstgesetz, ZDG);municipality;2043;Sévaz;10;Freiburg;71;58;129;208
2026-06-14;6870;Änderung des Bundesgesetzes über den zivilen Ersatzdienst (Zivildienstgesetz, ZDG);municipality;2044;Surpierre;10;Freiburg;227;193;430;837
2026-06-14;6870;Änderung des Bundesgesetzes über den zivilen Ersatzdienst (Zivildienstgesetz, ZDG);municipality;2045;Vallon;10;Freiburg;93;74;173;325
2026-06-14;6870;Änderung des Bundesgesetzes über den zivilen Ersatzdienst (Zivildienstgesetz, ZDG);municipality;2050;Les Montets;10;Freiburg;302;204;508;1014
2026-06-14;6870;Änderung des Bundesgesetzes über den zivilen Ersatzdienst (Zivildienstgesetz, ZDG);municipality;2051;Delley-Portalban;10;Freiburg;279;186;475;955
2026-06-14;6870;Änderung des Bundesgesetzes über den zivilen Ersatzdienst (Zivildienstgesetz, ZDG);municipality;2053;Belmont-Broye;10;Freiburg;892;836;1778;3542
2026-06-14;6870;Änderung des Bundesgesetzes über den zivilen Ersatzdienst (Zivildienstgesetz, ZDG);municipality;2054;Estavayer;10;Freiburg;1792;1713;3741;6746
2026-06-14;6870;Änderung des Bundesgesetzes über den zivilen Ersatzdienst (Zivildienstgesetz, ZDG);municipality;2055;Cheyres-Châbles;10;Freiburg;498;434;953;1795
2026-06-14;6870;Änderung des Bundesgesetzes über den zivilen Ersatzdienst (Zivildienstgesetz, ZDG);municipality;2056;Fétigny-Ménières;10;Freiburg;341;236;589;1131
2026-06-14;6870;Änderung des Bundesgesetzes über den zivilen Ersatzdienst (Zivildienstgesetz, ZDG);municipality;2063;Billens-Hennens;10;Freiburg;170;194;373;664
2026-06-14;6870;Änderung des Bundesgesetzes über den zivilen Ersatzdienst (Zivildienstgesetz, ZDG);municipality;2067;Le Châtelard;10;Freiburg;80;57;138;261
2026-06-14;6870;Änderung des Bundesgesetzes über den zivilen Ersatzdienst (Zivildienstgesetz, ZDG);municipality;2068;Châtonnaye;10;Freiburg;172;132;320;560
2026-06-14;6870;Änderung des Bundesgesetzes über den zivilen Ersatzdienst (Zivildienstgesetz, ZDG);municipality;2079;Grangettes;10;Freiburg;52;28;84;147
2026-06-14;6870;Änderung des Bundesgesetzes über den zivilen Ersatzdienst (Zivildienstgesetz, ZDG);municipality;2086;Massonnens;10;Freiburg;121;108;233;387
2026-06-14;6870;Änderung des Bundesgesetzes über den zivilen Ersatzdienst (Zivildienstgesetz, ZDG);municipality;2087;Mézières (FR);10;Freiburg;216;219;458;775
2026-06-14;6870;Änderung des Bundesgesetzes über den zivilen Ersatzdienst (Zivildienstgesetz, ZDG);municipality;2096;Romont (FR);10;Freiburg;749;750;1532;2867
2026-06-14;6870;Änderung des Bundesgesetzes über den zivilen Ersatzdienst (Zivildienstgesetz, ZDG);municipality;2097;Rue;10;Freiburg;570;551;1195;1792
2026-06-14;6870;Änderung des Bundesgesetzes über den zivilen Ersatzdienst (Zivildienstgesetz, ZDG);municipality;2099;Siviriez;10;Freiburg;463;386;895;1643
2026-06-14;6870;Änderung des Bundesgesetzes über den zivilen Ersatzdienst (Zivildienstgesetz, ZDG);municipality;2102;Ursy;10;Freiburg;763;585;1387;2563
2026-06-14;6870;Änderung des Bundesgesetzes über den zivilen Ersatzdienst (Zivildienstgesetz, ZDG);municipality;2113;Vuisternens-devant-Romont;10;Freiburg;523;365;924;1682
2026-06-14;6870;Änderung des Bundesgesetzes über den zivilen Ersatzdienst (Zivildienstgesetz, ZDG);municipality;2114;Villorsonnens;10;Freiburg;331;254;604;1088
2026-06-14;6870;Änderung des Bundesgesetzes über den zivilen Ersatzdienst (Zivildienstgesetz, ZDG);municipality;2115;Torny;10;Freiburg;206;198;413;744
2026-06-14;6870;Änderung des Bundesgesetzes über den zivilen Ersatzdienst (Zivildienstgesetz, ZDG);municipality;2117;Villaz;10;Freiburg;425;424;880;1527
2026-06-14;6870;Änderung des Bundesgesetzes über den zivilen Ersatzdienst (Zivildienstgesetz, ZDG);municipality;2121;Haut-Intyamon;10;Freiburg;311;248;572;1092
2026-06-14;6870;Änderung des Bundesgesetzes über den zivilen Ersatzdienst (Zivildienstgesetz, ZDG);municipality;2122;Pont-en-Ogoz;10;Freiburg;414;360;797;1372
2026-06-14;6870;Änderung des Bundesgesetzes über den zivilen Ersatzdienst (Zivildienstgesetz, ZDG);municipality;2123;Botterens;10;Freiburg;155;115;282;480
2026-06-14;6870;Änderung des Bundesgesetzes über den zivilen Ersatzdienst (Zivildienstgesetz, ZDG);municipality;2124;Broc;10;Freiburg;460;357;837;1534
2026-06-14;6870;Änderung des Bundesgesetzes über den zivilen Ersatzdienst (Zivildienstgesetz, ZDG);municipality;2125;Bulle;10;Freiburg;3269;3112;6545;12629
2026-06-14;6870;Änderung des Bundesgesetzes über den zivilen Ersatzdienst (Zivildienstgesetz, ZDG);municipality;2128;Châtel-sur-Montsalvens;10;Freiburg;82;68;153;225
2026-06-14;6870;Änderung des Bundesgesetzes über den zivilen Ersatzdienst (Zivildienstgesetz, ZDG);municipality;2129;Corbières;10;Freiburg;212;192;419;711
2026-06-14;6870;Änderung des Bundesgesetzes über den zivilen Ersatzdienst (Zivildienstgesetz, ZDG);municipality;2130;Crésuz;10;Freiburg;111;118;233;330
2026-06-14;6870;Änderung des Bundesgesetzes über den zivilen Ersatzdienst (Zivildienstgesetz, ZDG);municipality;2131;Echarlens;10;Freiburg;182;166;358;584
2026-06-14;6870;Änderung des Bundesgesetzes über den zivilen Ersatzdienst (Zivildienstgesetz, ZDG);municipality;2134;Grandvillard;10;Freiburg;181;153;343;598
2026-06-14;6870;Änderung des Bundesgesetzes über den zivilen Ersatzdienst (Zivildienstgesetz, ZDG);municipality;2135;Gruyères;10;Freiburg;369;381;779;1414
2026-06-14;6870;Änderung des Bundesgesetzes über den zivilen Ersatzdienst (Zivildienstgesetz, ZDG);municipality;2137;Hauteville;10;Freiburg;123;129;259;483
2026-06-14;6870;Änderung des Bundesgesetzes über den zivilen Ersatzdienst (Zivildienstgesetz, ZDG);municipality;2138;Jaun;10;Freiburg;213;113;329;493
2026-06-14;6870;Änderung des Bundesgesetzes über den zivilen Ersatzdienst (Zivildienstgesetz, ZDG);municipality;2140;Marsens;10;Freiburg;379;409;818;1376
2026-06-14;6870;Änderung des Bundesgesetzes über den zivilen Ersatzdienst (Zivildienstgesetz, ZDG);municipality;2143;Morlon;10;Freiburg;175;179;359;556
2026-06-14;6870;Änderung des Bundesgesetzes über den zivilen Ersatzdienst (Zivildienstgesetz, ZDG);municipality;2145;Le Pâquier (FR);10;Freiburg;264;279;553;912
2026-06-14;6870;Änderung des Bundesgesetzes über den zivilen Ersatzdienst (Zivildienstgesetz, ZDG);municipality;2147;Pont-la-Ville;10;Freiburg;150;103;256;464
2026-06-14;6870;Änderung des Bundesgesetzes über den zivilen Ersatzdienst (Zivildienstgesetz, ZDG);municipality;2148;Riaz;10;Freiburg;589;497;1111;1841
2026-06-14;6870;Änderung des Bundesgesetzes über den zivilen Ersatzdienst (Zivildienstgesetz, ZDG);municipality;2149;La Roche;10;Freiburg;398;352;766;1337
2026-06-14;6870;Änderung des Bundesgesetzes über den zivilen Ersatzdienst (Zivildienstgesetz, ZDG);municipality;2152;Sâles;10;Freiburg;261;292;577;1007
2026-06-14;6870;Änderung des Bundesgesetzes über den zivilen Ersatzdienst (Zivildienstgesetz, ZDG);municipality;2153;Sorens;10;Freiburg;220;220;447;787
2026-06-14;6870;Änderung des Bundesgesetzes über den zivilen Ersatzdienst (Zivildienstgesetz, ZDG);municipality;2155;Vaulruz;10;Freiburg;223;190;423;780
2026-06-14;6870;Änderung des Bundesgesetzes über den zivilen Ersatzdienst (Zivildienstgesetz, ZDG);municipality;2160;Vuadens;10;Freiburg;497;442;963;1644
2026-06-14;6870;Änderung des Bundesgesetzes über den zivilen Ersatzdienst (Zivildienstgesetz, ZDG);municipality;2162;Bas-Intyamon;10;Freiburg;339;231;592;1081
2026-06-14;6870;Änderung des Bundesgesetzes über den zivilen Ersatzdienst (Zivildienstgesetz, ZDG);municipality;2163;Val-de-Charmey;10;Freiburg;661;443;1130;1870
2026-06-14;6870;Änderung des Bundesgesetzes über den zivilen Ersatzdienst (Zivildienstgesetz, ZDG);municipality;2173;Autigny;10;Freiburg;190;138;333;557
2026-06-14;6870;Änderung des Bundesgesetzes über den zivilen Ersatzdienst (Zivildienstgesetz, ZDG);municipality;2174;Avry;10;Freiburg;411;358;781;1321
2026-06-14;6870;Änderung des Bundesgesetzes über den zivilen Ersatzdienst (Zivildienstgesetz, ZDG);municipality;2175;Belfaux;10;Freiburg;469;556;1042;1828
2026-06-14;6870;Änderung des Bundesgesetzes über den zivilen Ersatzdienst (Zivildienstgesetz, ZDG);municipality;2177;Chénens;10;Freiburg;130;151;288;548
2026-06-14;6870;Änderung des Bundesgesetzes über den zivilen Ersatzdienst (Zivildienstgesetz, ZDG);municipality;2183;Corminboeuf;10;Freiburg;613;659;1292;2010
2026-06-14;6870;Änderung des Bundesgesetzes über den zivilen Ersatzdienst (Zivildienstgesetz, ZDG);municipality;2186;Cottens (FR);10;Freiburg;304;269;584;1004
2026-06-14;6870;Änderung des Bundesgesetzes über den zivilen Ersatzdienst (Zivildienstgesetz, ZDG);municipality;2194;Ferpicloz;10;Freiburg;59;33;92;160
2026-06-14;6870;Änderung des Bundesgesetzes über den zivilen Ersatzdienst (Zivildienstgesetz, ZDG);municipality;2196;Fribourg;10;Freiburg;3859;7210;11336;20019
2026-06-14;6870;Änderung des Bundesgesetzes über den zivilen Ersatzdienst (Zivildienstgesetz, ZDG);municipality;2197;Givisiez;10;Freiburg;391;409;820;1553
2026-06-14;6870;Änderung des Bundesgesetzes über den zivilen Ersatzdienst (Zivildienstgesetz, ZDG);municipality;2198;Granges-Paccot;10;Freiburg;449;542;1027;1964
2026-06-14;6870;Änderung des Bundesgesetzes über den zivilen Ersatzdienst (Zivildienstgesetz, ZDG);municipality;2206;Marly;10;Freiburg;1347;1706;3118;5473
2026-06-14;6870;Änderung des Bundesgesetzes über den zivilen Ersatzdienst (Zivildienstgesetz, ZDG);municipality;2208;Matran;10;Freiburg;295;393;705;1278
2026-06-14;6870;Änderung des Bundesgesetzes über den zivilen Ersatzdienst (Zivildienstgesetz, ZDG);municipality;2211;Neyruz (FR);10;Freiburg;447;551;1023;1767
2026-06-14;6870;Änderung des Bundesgesetzes über den zivilen Ersatzdienst (Zivildienstgesetz, ZDG);municipality;2216;Pierrafortscha;10;Freiburg;35;38;74;101
2026-06-14;6870;Änderung des Bundesgesetzes über den zivilen Ersatzdienst (Zivildienstgesetz, ZDG);municipality;2220;Le Mouret;10;Freiburg;693;585;1311;2204
2026-06-14;6870;Änderung des Bundesgesetzes über den zivilen Ersatzdienst (Zivildienstgesetz, ZDG);municipality;2226;Treyvaux;10;Freiburg;372;365;751;1132
2026-06-14;6870;Änderung des Bundesgesetzes über den zivilen Ersatzdienst (Zivildienstgesetz, ZDG);municipality;2228;Villars-sur-Glâne;10;Freiburg;1644;2203;3958;6723
2026-06-14;6870;Änderung des Bundesgesetzes über den zivilen Ersatzdienst (Zivildienstgesetz, ZDG);municipality;2230;Villarsel-sur-Marly;10;Freiburg;12;19;35;45
2026-06-14;6870;Änderung des Bundesgesetzes über den zivilen Ersatzdienst (Zivildienstgesetz, ZDG);municipality;2233;Hauterive (FR);10;Freiburg;474;507;1017;1768
2026-06-14;6870;Änderung des Bundesgesetzes über den zivilen Ersatzdienst (Zivildienstgesetz, ZDG);municipality;2234;La Brillaz;10;Freiburg;466;404;886;1528
2026-06-14;6870;Änderung des Bundesgesetzes über den zivilen Ersatzdienst (Zivildienstgesetz, ZDG);municipality;2235;La Sonnaz;10;Freiburg;273;280;565;974
2026-06-14;6870;Änderung des Bundesgesetzes über den zivilen Ersatzdienst (Zivildienstgesetz, ZDG);municipality;2236;Gibloux;10;Freiburg;1517;1601;3188;5548
2026-06-14;6870;Änderung des Bundesgesetzes über den zivilen Ersatzdienst (Zivildienstgesetz, ZDG);municipality;2237;Prez;10;Freiburg;427;433;887;1610
2026-06-14;6870;Änderung des Bundesgesetzes über den zivilen Ersatzdienst (Zivildienstgesetz, ZDG);municipality;2238;Bois-d'Amont;10;Freiburg;451;479;959;1590
2026-06-14;6870;Änderung des Bundesgesetzes über den zivilen Ersatzdienst (Zivildienstgesetz, ZDG);municipality;2239;Grolley-Ponthaux;10;Freiburg;477;434;928;1821
2026-06-14;6870;Änderung des Bundesgesetzes über den zivilen Ersatzdienst (Zivildienstgesetz, ZDG);municipality;2250;Courgevaux;10;Freiburg;265;219;490;858
2026-06-14;6870;Änderung des Bundesgesetzes über den zivilen Ersatzdienst (Zivildienstgesetz, ZDG);municipality;2254;Courtepin;10;Freiburg;805;780;1612;2849
2026-06-14;6870;Änderung des Bundesgesetzes über den zivilen Ersatzdienst (Zivildienstgesetz, ZDG);municipality;2257;Cressier (FR);10;Freiburg;224;196;425;641
2026-06-14;6870;Änderung des Bundesgesetzes über den zivilen Ersatzdienst (Zivildienstgesetz, ZDG);municipality;2258;Fräschels;10;Freiburg;130;95;229;335
2026-06-14;6870;Änderung des Bundesgesetzes über den zivilen Ersatzdienst (Zivildienstgesetz, ZDG);municipality;2261;Greng;10;Freiburg;62;24;87;128
2026-06-14;6870;Änderung des Bundesgesetzes über den zivilen Ersatzdienst (Zivildienstgesetz, ZDG);municipality;2262;Gurmels;10;Freiburg;1199;949;2190;3605
2026-06-14;6870;Änderung des Bundesgesetzes über den zivilen Ersatzdienst (Zivildienstgesetz, ZDG);municipality;2265;Kerzers;10;Freiburg;1042;758;1842;3167
2026-06-14;6870;Änderung des Bundesgesetzes über den zivilen Ersatzdienst (Zivildienstgesetz, ZDG);municipality;2266;Kleinbösingen;10;Freiburg;154;139;299;528
2026-06-14;6870;Änderung des Bundesgesetzes über den zivilen Ersatzdienst (Zivildienstgesetz, ZDG);municipality;2271;Meyriez;10;Freiburg;165;145;322;445
2026-06-14;6870;Änderung des Bundesgesetzes über den zivilen Ersatzdienst (Zivildienstgesetz, ZDG);municipality;2272;Misery-Courtion;10;Freiburg;332;291;642;1262
2026-06-14;6870;Änderung des Bundesgesetzes über den zivilen Ersatzdienst (Zivildienstgesetz, ZDG);municipality;2274;Muntelier;10;Freiburg;274;254;536;771
2026-06-14;6870;Änderung des Bundesgesetzes über den zivilen Ersatzdienst (Zivildienstgesetz, ZDG);municipality;2275;Murten;10;Freiburg;2120;1633;3798;6275
2026-06-14;6870;Änderung des Bundesgesetzes über den zivilen Ersatzdienst (Zivildienstgesetz, ZDG);municipality;2276;Ried bei Kerzers;10;Freiburg;370;208;589;872
2026-06-14;6870;Änderung des Bundesgesetzes über den zivilen Ersatzdienst (Zivildienstgesetz, ZDG);municipality;2284;Mont-Vully;10;Freiburg;973;791;1795;3127
2026-06-14;6870;Änderung des Bundesgesetzes über den zivilen Ersatzdienst (Zivildienstgesetz, ZDG);municipality;2292;Brünisried;10;Freiburg;225;164;397;557
2026-06-14;6870;Änderung des Bundesgesetzes über den zivilen Ersatzdienst (Zivildienstgesetz, ZDG);municipality;2293;Düdingen;10;Freiburg;1892;1985;3956;6424
2026-06-14;6870;Änderung des Bundesgesetzes über den zivilen Ersatzdienst (Zivildienstgesetz, ZDG);municipality;2294;Giffers;10;Freiburg;344;379;728;1223
2026-06-14;6870;Änderung des Bundesgesetzes über den zivilen Ersatzdienst (Zivildienstgesetz, ZDG);municipality;2295;Bösingen;10;Freiburg;831;652;1504;2444
2026-06-14;6870;Änderung des Bundesgesetzes über den zivilen Ersatzdienst (Zivildienstgesetz, ZDG);municipality;2296;Heitenried;10;Freiburg;337;307;670;1077
2026-06-14;6870;Änderung des Bundesgesetzes über den zivilen Ersatzdienst (Zivildienstgesetz, ZDG);municipality;2299;Plaffeien;10;Freiburg;1002;862;1899;2814
2026-06-14;6870;Änderung des Bundesgesetzes über den zivilen Ersatzdienst (Zivildienstgesetz, ZDG);municipality;2300;Plasselb;10;Freiburg;169;254;434;834
2026-06-14;6870;Änderung des Bundesgesetzes über den zivilen Ersatzdienst (Zivildienstgesetz, ZDG);municipality;2301;Rechthalten;10;Freiburg;328;284;616;917
2026-06-14;6870;Änderung des Bundesgesetzes über den zivilen Ersatzdienst (Zivildienstgesetz, ZDG);municipality;2303;St. Silvester;10;Freiburg;269;210;488;852
2026-06-14;6870;Änderung des Bundesgesetzes über den zivilen Ersatzdienst (Zivildienstgesetz, ZDG);municipality;2304;St. Ursen;10;Freiburg;331;290;628;1011
2026-06-14;6870;Änderung des Bundesgesetzes über den zivilen Ersatzdienst (Zivildienstgesetz, ZDG);municipality;2305;Schmitten (FR);10;Freiburg;937;971;1927;3064
2026-06-14;6870;Änderung des Bundesgesetzes über den zivilen Ersatzdienst (Zivildienstgesetz, ZDG);municipality;2306;Tafers;10;Freiburg;1649;1744;3427;5695
2026-06-14;6870;Änderung des Bundesgesetzes über den zivilen Ersatzdienst (Zivildienstgesetz, ZDG);municipality;2307;Tentlingen;10;Freiburg;290;299;596;1004
2026-06-14;6870;Änderung des Bundesgesetzes über den zivilen Ersatzdienst (Zivildienstgesetz, ZDG);municipality;2308;Ueberstorf;10;Freiburg;611;556;1185;1923
2026-06-14;6870;Änderung des Bundesgesetzes über den zivilen Ersatzdienst (Zivildienstgesetz, ZDG);municipality;2309;Wünnewil-Flamatt;10;Freiburg;1018;1049;2126;3777
2026-06-14;6870;Änderung des Bundesgesetzes über den zivilen Ersatzdienst (Zivildienstgesetz, ZDG);municipality;2321;Attalens;10;Freiburg;624;649;1321;2374
2026-06-14;6870;Änderung des Bundesgesetzes über den zivilen Ersatzdienst (Zivildienstgesetz, ZDG);municipality;2323;Bossonnens;10;Freiburg;224;229;473;1026
2026-06-14;6870;Änderung des Bundesgesetzes über den zivilen Ersatzdienst (Zivildienstgesetz, ZDG);municipality;2325;Châtel-Saint-Denis;10;Freiburg;1394;1242;2758;4904
2026-06-14;6870;Änderung des Bundesgesetzes über den zivilen Ersatzdienst (Zivildienstgesetz, ZDG);municipality;2328;Granges (Veveyse);10;Freiburg;208;215;439;694
2026-06-14;6870;Änderung des Bundesgesetzes über den zivilen Ersatzdienst (Zivildienstgesetz, ZDG);municipality;2333;Remaufens;10;Freiburg;254;229;503;877
2026-06-14;6870;Änderung des Bundesgesetzes über den zivilen Ersatzdienst (Zivildienstgesetz, ZDG);municipality;2335;Saint-Martin (FR);10;Freiburg;207;208;434;739
2026-06-14;6870;Änderung des Bundesgesetzes über den zivilen Ersatzdienst (Zivildienstgesetz, ZDG);municipality;2336;Semsales;10;Freiburg;316;259;611;1110
2026-06-14;6870;Änderung des Bundesgesetzes über den zivilen Ersatzdienst (Zivildienstgesetz, ZDG);municipality;2337;Le Flon;10;Freiburg;240;268;522;871
2026-06-14;6870;Änderung des Bundesgesetzes über den zivilen Ersatzdienst (Zivildienstgesetz, ZDG);municipality;2338;La Verrerie;10;Freiburg;266;236;518;921
2026-06-14;6870;Änderung des Bundesgesetzes über den zivilen Ersatzdienst (Zivildienstgesetz, ZDG);municipality;2401;Egerkingen;11;Solothurn;814;406;1233;2304
2026-06-14;6870;Änderung des Bundesgesetzes über den zivilen Ersatzdienst (Zivildienstgesetz, ZDG);municipality;2402;Härkingen;11;Solothurn;447;254;708;1198
2026-06-14;6870;Änderung des Bundesgesetzes über den zivilen Ersatzdienst (Zivildienstgesetz, ZDG);municipality;2403;Kestenholz;11;Solothurn;555;305;878;1405
2026-06-14;6870;Änderung des Bundesgesetzes über den zivilen Ersatzdienst (Zivildienstgesetz, ZDG);municipality;2404;Neuendorf;11;Solothurn;646;351;1011;1602
2026-06-14;6870;Änderung des Bundesgesetzes über den zivilen Ersatzdienst (Zivildienstgesetz, ZDG);municipality;2405;Niederbuchsiten;11;Solothurn;348;187;549;909
2026-06-14;6870;Änderung des Bundesgesetzes über den zivilen Ersatzdienst (Zivildienstgesetz, ZDG);municipality;2406;Oberbuchsiten;11;Solothurn;509;285;814;1379
2026-06-14;6870;Änderung des Bundesgesetzes über den zivilen Ersatzdienst (Zivildienstgesetz, ZDG);municipality;2407;Oensingen;11;Solothurn;1089;712;1827;3386
2026-06-14;6870;Änderung des Bundesgesetzes über den zivilen Ersatzdienst (Zivildienstgesetz, ZDG);municipality;2408;Wolfwil;11;Solothurn;655;354;1022;1772
2026-06-14;6870;Änderung des Bundesgesetzes über den zivilen Ersatzdienst (Zivildienstgesetz, ZDG);municipality;2421;Aedermannsdorf;11;Solothurn;200;127;334;498
2026-06-14;6870;Änderung des Bundesgesetzes über den zivilen Ersatzdienst (Zivildienstgesetz, ZDG);municipality;2422;Balsthal;11;Solothurn;1249;821;2093;3580
2026-06-14;6870;Änderung des Bundesgesetzes über den zivilen Ersatzdienst (Zivildienstgesetz, ZDG);municipality;2424;Herbetswil;11;Solothurn;178;89;270;470
2026-06-14;6870;Änderung des Bundesgesetzes über den zivilen Ersatzdienst (Zivildienstgesetz, ZDG);municipality;2425;Holderbank (SO);11;Solothurn;175;138;317;529
2026-06-14;6870;Änderung des Bundesgesetzes über den zivilen Ersatzdienst (Zivildienstgesetz, ZDG);municipality;2426;Laupersdorf;11;Solothurn;589;318;916;1362
2026-06-14;6870;Änderung des Bundesgesetzes über den zivilen Ersatzdienst (Zivildienstgesetz, ZDG);municipality;2427;Matzendorf;11;Solothurn;416;224;643;1065
2026-06-14;6870;Änderung des Bundesgesetzes über den zivilen Ersatzdienst (Zivildienstgesetz, ZDG);municipality;2428;Mümliswil-Ramiswil;11;Solothurn;778;410;1202;1810
2026-06-14;6870;Änderung des Bundesgesetzes über den zivilen Ersatzdienst (Zivildienstgesetz, ZDG);municipality;2430;Welschenrohr-Gänsbrunnen;11;Solothurn;305;183;492;907
2026-06-14;6870;Änderung des Bundesgesetzes über den zivilen Ersatzdienst (Zivildienstgesetz, ZDG);municipality;2445;Biezwil;11;Solothurn;125;56;185;281
2026-06-14;6870;Änderung des Bundesgesetzes über den zivilen Ersatzdienst (Zivildienstgesetz, ZDG);municipality;2455;Lüterkofen-Ichertswil;11;Solothurn;233;185;424;765
2026-06-14;6870;Änderung des Bundesgesetzes über den zivilen Ersatzdienst (Zivildienstgesetz, ZDG);municipality;2457;Messen;11;Solothurn;420;292;720;1181
2026-06-14;6870;Änderung des Bundesgesetzes über den zivilen Ersatzdienst (Zivildienstgesetz, ZDG);municipality;2461;Schnottwil;11;Solothurn;298;216;522;893
2026-06-14;6870;Änderung des Bundesgesetzes über den zivilen Ersatzdienst (Zivildienstgesetz, ZDG);municipality;2463;Unterramsern;11;Solothurn;79;44;124;187
2026-06-14;6870;Änderung des Bundesgesetzes über den zivilen Ersatzdienst (Zivildienstgesetz, ZDG);municipality;2464;Lüsslingen-Nennigkofen;11;Solothurn;237;324;570;880
2026-06-14;6870;Änderung des Bundesgesetzes über den zivilen Ersatzdienst (Zivildienstgesetz, ZDG);municipality;2465;Buchegg;11;Solothurn;857;598;1471;2412
2026-06-14;6870;Änderung des Bundesgesetzes über den zivilen Ersatzdienst (Zivildienstgesetz, ZDG);municipality;2471;Bättwil;11;Solothurn;249;219;474;853
2026-06-14;6870;Änderung des Bundesgesetzes über den zivilen Ersatzdienst (Zivildienstgesetz, ZDG);municipality;2472;Büren (SO);11;Solothurn;257;201;463;743
2026-06-14;6870;Änderung des Bundesgesetzes über den zivilen Ersatzdienst (Zivildienstgesetz, ZDG);municipality;2473;Dornach;11;Solothurn;1046;1413;2489;4212
2026-06-14;6870;Änderung des Bundesgesetzes über den zivilen Ersatzdienst (Zivildienstgesetz, ZDG);municipality;2474;Gempen;11;Solothurn;201;205;412;646
2026-06-14;6870;Änderung des Bundesgesetzes über den zivilen Ersatzdienst (Zivildienstgesetz, ZDG);municipality;2475;Hochwald;11;Solothurn;347;323;682;961
2026-06-14;6870;Änderung des Bundesgesetzes über den zivilen Ersatzdienst (Zivildienstgesetz, ZDG);municipality;2476;Hofstetten-Flüh;11;Solothurn;813;554;1385;2285
2026-06-14;6870;Änderung des Bundesgesetzes über den zivilen Ersatzdienst (Zivildienstgesetz, ZDG);municipality;2477;Metzerlen-Mariastein;11;Solothurn;286;181;475;716
2026-06-14;6870;Änderung des Bundesgesetzes über den zivilen Ersatzdienst (Zivildienstgesetz, ZDG);municipality;2478;Nuglar-St. Pantaleon;11;Solothurn;423;336;774;1194
2026-06-14;6870;Änderung des Bundesgesetzes über den zivilen Ersatzdienst (Zivildienstgesetz, ZDG);municipality;2479;Rodersdorf;11;Solothurn;306;419;736;1055
2026-06-14;6870;Änderung des Bundesgesetzes über den zivilen Ersatzdienst (Zivildienstgesetz, ZDG);municipality;2480;Seewen;11;Solothurn;291;210;508;830
2026-06-14;6870;Änderung des Bundesgesetzes über den zivilen Ersatzdienst (Zivildienstgesetz, ZDG);municipality;2481;Witterswil;11;Solothurn;324;268;610;959
2026-06-14;6870;Änderung des Bundesgesetzes über den zivilen Ersatzdienst (Zivildienstgesetz, ZDG);municipality;2491;Hauenstein-Ifenthal;11;Solothurn;86;83;174;266
2026-06-14;6870;Änderung des Bundesgesetzes über den zivilen Ersatzdienst (Zivildienstgesetz, ZDG);municipality;2492;Kienberg;11;Solothurn;144;86;234;376
2026-06-14;6870;Änderung des Bundesgesetzes über den zivilen Ersatzdienst (Zivildienstgesetz, ZDG);municipality;2493;Lostorf;11;Solothurn;1090;828;1934;2994
2026-06-14;6870;Änderung des Bundesgesetzes über den zivilen Ersatzdienst (Zivildienstgesetz, ZDG);municipality;2495;Niedergösgen;11;Solothurn;817;485;1327;2452
2026-06-14;6870;Änderung des Bundesgesetzes über den zivilen Ersatzdienst (Zivildienstgesetz, ZDG);municipality;2497;Obergösgen;11;Solothurn;497;341;850;1552
2026-06-14;6870;Änderung des Bundesgesetzes über den zivilen Ersatzdienst (Zivildienstgesetz, ZDG);municipality;2499;Stüsslingen;11;Solothurn;362;215;589;966
2026-06-14;6870;Änderung des Bundesgesetzes über den zivilen Ersatzdienst (Zivildienstgesetz, ZDG);municipality;2500;Trimbach;11;Solothurn;770;885;1678;3338
2026-06-14;6870;Änderung des Bundesgesetzes über den zivilen Ersatzdienst (Zivildienstgesetz, ZDG);municipality;2501;Winznau;11;Solothurn;444;345;801;1404
2026-06-14;6870;Änderung des Bundesgesetzes über den zivilen Ersatzdienst (Zivildienstgesetz, ZDG);municipality;2502;Wisen (SO);11;Solothurn;104;119;227;356
2026-06-14;6870;Änderung des Bundesgesetzes über den zivilen Ersatzdienst (Zivildienstgesetz, ZDG);municipality;2503;Erlinsbach (SO);11;Solothurn;843;586;1453;2509
2026-06-14;6870;Änderung des Bundesgesetzes über den zivilen Ersatzdienst (Zivildienstgesetz, ZDG);municipality;2511;Aeschi (SO);11;Solothurn;412;270;691;1053
2026-06-14;6870;Änderung des Bundesgesetzes über den zivilen Ersatzdienst (Zivildienstgesetz, ZDG);municipality;2513;Biberist;11;Solothurn;1702;1635;3382;5910
2026-06-14;6870;Änderung des Bundesgesetzes über den zivilen Ersatzdienst (Zivildienstgesetz, ZDG);municipality;2514;Bolken;11;Solothurn;171;129;308;443
2026-06-14;6870;Änderung des Bundesgesetzes über den zivilen Ersatzdienst (Zivildienstgesetz, ZDG);municipality;2516;Deitingen;11;Solothurn;614;494;1119;1764
2026-06-14;6870;Änderung des Bundesgesetzes über den zivilen Ersatzdienst (Zivildienstgesetz, ZDG);municipality;2517;Derendingen;11;Solothurn;1054;933;2042;4089
2026-06-14;6870;Änderung des Bundesgesetzes über den zivilen Ersatzdienst (Zivildienstgesetz, ZDG);municipality;2518;Etziken;11;Solothurn;268;186;458;763
2026-06-14;6870;Änderung des Bundesgesetzes über den zivilen Ersatzdienst (Zivildienstgesetz, ZDG);municipality;2519;Gerlafingen;11;Solothurn;689;623;1333;2800
2026-06-14;6870;Änderung des Bundesgesetzes über den zivilen Ersatzdienst (Zivildienstgesetz, ZDG);municipality;2523;Horriwil;11;Solothurn;248;189;441;691
2026-06-14;6870;Änderung des Bundesgesetzes über den zivilen Ersatzdienst (Zivildienstgesetz, ZDG);municipality;2524;Hüniken;11;Solothurn;63;24;87;121
2026-06-14;6870;Änderung des Bundesgesetzes über den zivilen Ersatzdienst (Zivildienstgesetz, ZDG);municipality;2525;Kriegstetten;11;Solothurn;792;593;1411;2342
2026-06-14;6870;Änderung des Bundesgesetzes über den zivilen Ersatzdienst (Zivildienstgesetz, ZDG);municipality;2526;Lohn-Ammannsegg;11;Solothurn;866;558;1447;2246
2026-06-14;6870;Änderung des Bundesgesetzes über den zivilen Ersatzdienst (Zivildienstgesetz, ZDG);municipality;2527;Luterbach;11;Solothurn;763;679;1458;2456
2026-06-14;6870;Änderung des Bundesgesetzes über den zivilen Ersatzdienst (Zivildienstgesetz, ZDG);municipality;2528;Obergerlafingen;11;Solothurn;328;179;514;870
2026-06-14;6870;Änderung des Bundesgesetzes über den zivilen Ersatzdienst (Zivildienstgesetz, ZDG);municipality;2530;Recherswil;11;Solothurn;513;391;912;1593
2026-06-14;6870;Änderung des Bundesgesetzes über den zivilen Ersatzdienst (Zivildienstgesetz, ZDG);municipality;2532;Subingen;11;Solothurn;736;545;1305;2252
2026-06-14;6870;Änderung des Bundesgesetzes über den zivilen Ersatzdienst (Zivildienstgesetz, ZDG);municipality;2534;Zuchwil;11;Solothurn;1120;1240;2403;4706
2026-06-14;6870;Änderung des Bundesgesetzes über den zivilen Ersatzdienst (Zivildienstgesetz, ZDG);municipality;2535;Drei Höfe;11;Solothurn;225;139;369;574
2026-06-14;6870;Änderung des Bundesgesetzes über den zivilen Ersatzdienst (Zivildienstgesetz, ZDG);municipality;2541;Balm bei Günsberg;11;Solothurn;82;41;125;162
2026-06-14;6870;Änderung des Bundesgesetzes über den zivilen Ersatzdienst (Zivildienstgesetz, ZDG);municipality;2542;Bellach;11;Solothurn;1058;773;1874;3280
2026-06-14;6870;Änderung des Bundesgesetzes über den zivilen Ersatzdienst (Zivildienstgesetz, ZDG);municipality;2543;Bettlach;11;Solothurn;1120;695;1837;3395
2026-06-14;6870;Änderung des Bundesgesetzes über den zivilen Ersatzdienst (Zivildienstgesetz, ZDG);municipality;2544;Feldbrunnen-St. Niklaus;11;Solothurn;223;351;582;814
2026-06-14;6870;Änderung des Bundesgesetzes über den zivilen Ersatzdienst (Zivildienstgesetz, ZDG);municipality;2545;Flumenthal;11;Solothurn;246;171;423;772
2026-06-14;6870;Änderung des Bundesgesetzes über den zivilen Ersatzdienst (Zivildienstgesetz, ZDG);municipality;2546;Grenchen;11;Solothurn;2536;1904;4536;9901
2026-06-14;6870;Änderung des Bundesgesetzes über den zivilen Ersatzdienst (Zivildienstgesetz, ZDG);municipality;2547;Günsberg;11;Solothurn;354;243;604;969
2026-06-14;6870;Änderung des Bundesgesetzes über den zivilen Ersatzdienst (Zivildienstgesetz, ZDG);municipality;2548;Hubersdorf;11;Solothurn;219;134;357;578
2026-06-14;6870;Änderung des Bundesgesetzes über den zivilen Ersatzdienst (Zivildienstgesetz, ZDG);municipality;2549;Kammersrohr;11;Solothurn;10;6;16;32
2026-06-14;6870;Änderung des Bundesgesetzes über den zivilen Ersatzdienst (Zivildienstgesetz, ZDG);municipality;2550;Langendorf;11;Solothurn;853;818;1687;2736
2026-06-14;6870;Änderung des Bundesgesetzes über den zivilen Ersatzdienst (Zivildienstgesetz, ZDG);municipality;2551;Lommiswil;11;Solothurn;454;343;806;1233
2026-06-14;6870;Änderung des Bundesgesetzes über den zivilen Ersatzdienst (Zivildienstgesetz, ZDG);municipality;2553;Oberdorf (SO);11;Solothurn;503;428;944;1383
2026-06-14;6870;Änderung des Bundesgesetzes über den zivilen Ersatzdienst (Zivildienstgesetz, ZDG);municipality;2554;Riedholz;11;Solothurn;573;476;1068;1688
2026-06-14;6870;Änderung des Bundesgesetzes über den zivilen Ersatzdienst (Zivildienstgesetz, ZDG);municipality;2555;Rüttenen;11;Solothurn;363;384;752;1164
2026-06-14;6870;Änderung des Bundesgesetzes über den zivilen Ersatzdienst (Zivildienstgesetz, ZDG);municipality;2556;Selzach;11;Solothurn;810;589;1422;2575
2026-06-14;6870;Änderung des Bundesgesetzes über den zivilen Ersatzdienst (Zivildienstgesetz, ZDG);municipality;2571;Boningen;11;Solothurn;195;117;314;539
2026-06-14;6870;Änderung des Bundesgesetzes über den zivilen Ersatzdienst (Zivildienstgesetz, ZDG);municipality;2572;Däniken;11;Solothurn;683;391;1094;1925
2026-06-14;6870;Änderung des Bundesgesetzes über den zivilen Ersatzdienst (Zivildienstgesetz, ZDG);municipality;2573;Dulliken;11;Solothurn;686;591;1298;2538
2026-06-14;6870;Änderung des Bundesgesetzes über den zivilen Ersatzdienst (Zivildienstgesetz, ZDG);municipality;2574;Eppenberg-Wöschnau;11;Solothurn;64;42;110;194
2026-06-14;6870;Änderung des Bundesgesetzes über den zivilen Ersatzdienst (Zivildienstgesetz, ZDG);municipality;2575;Fulenbach;11;Solothurn;416;309;738;1307
2026-06-14;6870;Änderung des Bundesgesetzes über den zivilen Ersatzdienst (Zivildienstgesetz, ZDG);municipality;2576;Gretzenbach;11;Solothurn;625;366;1003;1733
2026-06-14;6870;Änderung des Bundesgesetzes über den zivilen Ersatzdienst (Zivildienstgesetz, ZDG);municipality;2578;Gunzgen;11;Solothurn;430;295;734;1258
2026-06-14;6870;Änderung des Bundesgesetzes über den zivilen Ersatzdienst (Zivildienstgesetz, ZDG);municipality;2579;Hägendorf;11;Solothurn;1113;685;1816;3217
2026-06-14;6870;Änderung des Bundesgesetzes über den zivilen Ersatzdienst (Zivildienstgesetz, ZDG);municipality;2580;Kappel (SO);11;Solothurn;787;479;1283;2197
2026-06-14;6870;Änderung des Bundesgesetzes über den zivilen Ersatzdienst (Zivildienstgesetz, ZDG);municipality;2581;Olten;11;Solothurn;2988;3882;6993;11450
2026-06-14;6870;Änderung des Bundesgesetzes über den zivilen Ersatzdienst (Zivildienstgesetz, ZDG);municipality;2582;Rickenbach (SO);11;Solothurn;289;180;474;803
2026-06-14;6870;Änderung des Bundesgesetzes über den zivilen Ersatzdienst (Zivildienstgesetz, ZDG);municipality;2583;Schönenwerd;11;Solothurn;724;652;1412;2721
2026-06-14;6870;Änderung des Bundesgesetzes über den zivilen Ersatzdienst (Zivildienstgesetz, ZDG);municipality;2584;Starrkirch-Wil;11;Solothurn;445;411;866;1354
2026-06-14;6870;Änderung des Bundesgesetzes über den zivilen Ersatzdienst (Zivildienstgesetz, ZDG);municipality;2585;Walterswil (SO);11;Solothurn;171;94;271;558
2026-06-14;6870;Änderung des Bundesgesetzes über den zivilen Ersatzdienst (Zivildienstgesetz, ZDG);municipality;2586;Wangen bei Olten;11;Solothurn;966;822;1810;3308
2026-06-14;6870;Änderung des Bundesgesetzes über den zivilen Ersatzdienst (Zivildienstgesetz, ZDG);municipality;2601;Solothurn;11;Solothurn;2896;4137;7150;11572
2026-06-14;6870;Änderung des Bundesgesetzes über den zivilen Ersatzdienst (Zivildienstgesetz, ZDG);municipality;2611;Bärschwil;11;Solothurn;202;164;371;629
2026-06-14;6870;Änderung des Bundesgesetzes über den zivilen Ersatzdienst (Zivildienstgesetz, ZDG);municipality;2612;Beinwil (SO);11;Solothurn;75;45;125;194
2026-06-14;6870;Änderung des Bundesgesetzes über den zivilen Ersatzdienst (Zivildienstgesetz, ZDG);municipality;2613;Breitenbach;11;Solothurn;779;644;1440;2685
2026-06-14;6870;Änderung des Bundesgesetzes über den zivilen Ersatzdienst (Zivildienstgesetz, ZDG);municipality;2614;Büsserach;11;Solothurn;555;379;963;1713
2026-06-14;6870;Änderung des Bundesgesetzes über den zivilen Ersatzdienst (Zivildienstgesetz, ZDG);municipality;2615;Erschwil;11;Solothurn;246;153;405;691
2026-06-14;6870;Änderung des Bundesgesetzes über den zivilen Ersatzdienst (Zivildienstgesetz, ZDG);municipality;2616;Fehren;11;Solothurn;155;128;286;493
2026-06-14;6870;Änderung des Bundesgesetzes über den zivilen Ersatzdienst (Zivildienstgesetz, ZDG);municipality;2617;Grindel;11;Solothurn;106;100;208;392
2026-06-14;6870;Änderung des Bundesgesetzes über den zivilen Ersatzdienst (Zivildienstgesetz, ZDG);municipality;2618;Himmelried;11;Solothurn;251;192;445;711
2026-06-14;6870;Änderung des Bundesgesetzes über den zivilen Ersatzdienst (Zivildienstgesetz, ZDG);municipality;2619;Kleinlützel;11;Solothurn;244;271;533;919
2026-06-14;6870;Änderung des Bundesgesetzes über den zivilen Ersatzdienst (Zivildienstgesetz, ZDG);municipality;2620;Meltingen;11;Solothurn;164;133;300;478
2026-06-14;6870;Änderung des Bundesgesetzes über den zivilen Ersatzdienst (Zivildienstgesetz, ZDG);municipality;2621;Nunningen;11;Solothurn;496;388;894;1535
2026-06-14;6870;Änderung des Bundesgesetzes über den zivilen Ersatzdienst (Zivildienstgesetz, ZDG);municipality;2622;Zullwil;11;Solothurn;137;101;244;481
2026-06-14;6870;Änderung des Bundesgesetzes über den zivilen Ersatzdienst (Zivildienstgesetz, ZDG);municipality;2701;Basel;12;Basel-Stadt;20318;36333;58356;90700
2026-06-14;6870;Änderung des Bundesgesetzes über den zivilen Ersatzdienst (Zivildienstgesetz, ZDG);municipality;2702;Bettingen;12;Basel-Stadt;268;235;517;771
2026-06-14;6870;Änderung des Bundesgesetzes über den zivilen Ersatzdienst (Zivildienstgesetz, ZDG);municipality;2703;Riehen;12;Basel-Stadt;4276;4537;9075;13112
2026-06-14;6870;Änderung des Bundesgesetzes über den zivilen Ersatzdienst (Zivildienstgesetz, ZDG);municipality;2761;Aesch (BL);13;Basel-Landschaft;1965;1676;3730;7002
2026-06-14;6870;Änderung des Bundesgesetzes über den zivilen Ersatzdienst (Zivildienstgesetz, ZDG);municipality;2762;Allschwil;13;Basel-Landschaft;3278;3696;7331;13201
2026-06-14;6870;Änderung des Bundesgesetzes über den zivilen Ersatzdienst (Zivildienstgesetz, ZDG);municipality;2763;Arlesheim;13;Basel-Landschaft;1778;1972;3919;6316
2026-06-14;6870;Änderung des Bundesgesetzes über den zivilen Ersatzdienst (Zivildienstgesetz, ZDG);municipality;2764;Biel-Benken;13;Basel-Landschaft;895;732;1673;2602
2026-06-14;6870;Änderung des Bundesgesetzes über den zivilen Ersatzdienst (Zivildienstgesetz, ZDG);municipality;2765;Binningen;13;Basel-Landschaft;2924;3076;6253;9849
2026-06-14;6870;Änderung des Bundesgesetzes über den zivilen Ersatzdienst (Zivildienstgesetz, ZDG);municipality;2766;Birsfelden;13;Basel-Landschaft;1406;1659;3236;5973
2026-06-14;6870;Änderung des Bundesgesetzes über den zivilen Ersatzdienst (Zivildienstgesetz, ZDG);municipality;2767;Bottmingen;13;Basel-Landschaft;1429;1220;2751;4356
2026-06-14;6870;Änderung des Bundesgesetzes über den zivilen Ersatzdienst (Zivildienstgesetz, ZDG);municipality;2768;Ettingen;13;Basel-Landschaft;1196;980;2260;3708
2026-06-14;6870;Änderung des Bundesgesetzes über den zivilen Ersatzdienst (Zivildienstgesetz, ZDG);municipality;2769;Münchenstein;13;Basel-Landschaft;1896;2289;4308;7682
2026-06-14;6870;Änderung des Bundesgesetzes über den zivilen Ersatzdienst (Zivildienstgesetz, ZDG);municipality;2770;Muttenz;13;Basel-Landschaft;3336;3243;6772;11633
2026-06-14;6870;Änderung des Bundesgesetzes über den zivilen Ersatzdienst (Zivildienstgesetz, ZDG);municipality;2771;Oberwil (BL);13;Basel-Landschaft;2376;1984;4503;7448
2026-06-14;6870;Änderung des Bundesgesetzes über den zivilen Ersatzdienst (Zivildienstgesetz, ZDG);municipality;2772;Pfeffingen;13;Basel-Landschaft;709;439;1172;1715
2026-06-14;6870;Änderung des Bundesgesetzes über den zivilen Ersatzdienst (Zivildienstgesetz, ZDG);municipality;2773;Reinach (BL);13;Basel-Landschaft;3811;3429;7504;13443
2026-06-14;6870;Änderung des Bundesgesetzes über den zivilen Ersatzdienst (Zivildienstgesetz, ZDG);municipality;2774;Schönenbuch;13;Basel-Landschaft;420;271;712;1106
2026-06-14;6870;Änderung des Bundesgesetzes über den zivilen Ersatzdienst (Zivildienstgesetz, ZDG);municipality;2775;Therwil;13;Basel-Landschaft;2111;1932;4187;7012
2026-06-14;6870;Änderung des Bundesgesetzes über den zivilen Ersatzdienst (Zivildienstgesetz, ZDG);municipality;2781;Blauen;13;Basel-Landschaft;191;146;340;554
2026-06-14;6870;Änderung des Bundesgesetzes über den zivilen Ersatzdienst (Zivildienstgesetz, ZDG);municipality;2782;Brislach;13;Basel-Landschaft;413;286;720;1290
2026-06-14;6870;Änderung des Bundesgesetzes über den zivilen Ersatzdienst (Zivildienstgesetz, ZDG);municipality;2783;Burg im Leimental;13;Basel-Landschaft;58;66;125;216
2026-06-14;6870;Änderung des Bundesgesetzes über den zivilen Ersatzdienst (Zivildienstgesetz, ZDG);municipality;2784;Dittingen;13;Basel-Landschaft;130;157;292;531
2026-06-14;6870;Änderung des Bundesgesetzes über den zivilen Ersatzdienst (Zivildienstgesetz, ZDG);municipality;2785;Duggingen;13;Basel-Landschaft;353;272;651;1049
2026-06-14;6870;Änderung des Bundesgesetzes über den zivilen Ersatzdienst (Zivildienstgesetz, ZDG);municipality;2786;Grellingen;13;Basel-Landschaft;311;263;604;1192
2026-06-14;6870;Änderung des Bundesgesetzes über den zivilen Ersatzdienst (Zivildienstgesetz, ZDG);municipality;2787;Laufen;13;Basel-Landschaft;990;980;2009;3652
2026-06-14;6870;Änderung des Bundesgesetzes über den zivilen Ersatzdienst (Zivildienstgesetz, ZDG);municipality;2788;Liesberg;13;Basel-Landschaft;330;154;493;847
2026-06-14;6870;Änderung des Bundesgesetzes über den zivilen Ersatzdienst (Zivildienstgesetz, ZDG);municipality;2789;Nenzlingen;13;Basel-Landschaft;105;105;217;342
2026-06-14;6870;Änderung des Bundesgesetzes über den zivilen Ersatzdienst (Zivildienstgesetz, ZDG);municipality;2790;Roggenburg;13;Basel-Landschaft;53;58;118;231
2026-06-14;6870;Änderung des Bundesgesetzes über den zivilen Ersatzdienst (Zivildienstgesetz, ZDG);municipality;2791;Röschenz;13;Basel-Landschaft;476;446;943;1469
2026-06-14;6870;Änderung des Bundesgesetzes über den zivilen Ersatzdienst (Zivildienstgesetz, ZDG);municipality;2792;Wahlen;13;Basel-Landschaft;338;250;601;1114
2026-06-14;6870;Änderung des Bundesgesetzes über den zivilen Ersatzdienst (Zivildienstgesetz, ZDG);municipality;2793;Zwingen;13;Basel-Landschaft;450;361;822;1708
2026-06-14;6870;Änderung des Bundesgesetzes über den zivilen Ersatzdienst (Zivildienstgesetz, ZDG);municipality;2821;Arisdorf;13;Basel-Landschaft;418;252;687;1212
2026-06-14;6870;Änderung des Bundesgesetzes über den zivilen Ersatzdienst (Zivildienstgesetz, ZDG);municipality;2822;Augst;13;Basel-Landschaft;220;182;413;733
2026-06-14;6870;Änderung des Bundesgesetzes über den zivilen Ersatzdienst (Zivildienstgesetz, ZDG);municipality;2823;Bubendorf;13;Basel-Landschaft;1003;837;1875;3109
2026-06-14;6870;Änderung des Bundesgesetzes über den zivilen Ersatzdienst (Zivildienstgesetz, ZDG);municipality;2824;Frenkendorf;13;Basel-Landschaft;955;863;1863;3551
2026-06-14;6870;Änderung des Bundesgesetzes über den zivilen Ersatzdienst (Zivildienstgesetz, ZDG);municipality;2825;Füllinsdorf;13;Basel-Landschaft;857;640;1531;2737
2026-06-14;6870;Änderung des Bundesgesetzes über den zivilen Ersatzdienst (Zivildienstgesetz, ZDG);municipality;2826;Giebenach;13;Basel-Landschaft;237;133;380;693
2026-06-14;6870;Änderung des Bundesgesetzes über den zivilen Ersatzdienst (Zivildienstgesetz, ZDG);municipality;2827;Hersberg;13;Basel-Landschaft;99;80;183;288
2026-06-14;6870;Änderung des Bundesgesetzes über den zivilen Ersatzdienst (Zivildienstgesetz, ZDG);municipality;2828;Lausen;13;Basel-Landschaft;1053;877;1996;3541
2026-06-14;6870;Änderung des Bundesgesetzes über den zivilen Ersatzdienst (Zivildienstgesetz, ZDG);municipality;2829;Liestal;13;Basel-Landschaft;2449;2808;5392;9639
2026-06-14;6870;Änderung des Bundesgesetzes über den zivilen Ersatzdienst (Zivildienstgesetz, ZDG);municipality;2830;Lupsingen;13;Basel-Landschaft;354;309;675;1132
2026-06-14;6870;Änderung des Bundesgesetzes über den zivilen Ersatzdienst (Zivildienstgesetz, ZDG);municipality;2831;Pratteln;13;Basel-Landschaft;1797;1854;3801;8145
2026-06-14;6870;Änderung des Bundesgesetzes über den zivilen Ersatzdienst (Zivildienstgesetz, ZDG);municipality;2832;Ramlinsburg;13;Basel-Landschaft;199;149;353;546
2026-06-14;6870;Änderung des Bundesgesetzes über den zivilen Ersatzdienst (Zivildienstgesetz, ZDG);municipality;2833;Seltisberg;13;Basel-Landschaft;398;302;718;1041
2026-06-14;6870;Änderung des Bundesgesetzes über den zivilen Ersatzdienst (Zivildienstgesetz, ZDG);municipality;2834;Ziefen;13;Basel-Landschaft;392;437;856;1278
2026-06-14;6870;Änderung des Bundesgesetzes über den zivilen Ersatzdienst (Zivildienstgesetz, ZDG);municipality;2841;Anwil;13;Basel-Landschaft;166;98;268;425
2026-06-14;6870;Änderung des Bundesgesetzes über den zivilen Ersatzdienst (Zivildienstgesetz, ZDG);municipality;2842;Böckten;13;Basel-Landschaft;221;164;396;611
2026-06-14;6870;Änderung des Bundesgesetzes über den zivilen Ersatzdienst (Zivildienstgesetz, ZDG);municipality;2843;Buckten;13;Basel-Landschaft;132;161;302;505
2026-06-14;6870;Änderung des Bundesgesetzes über den zivilen Ersatzdienst (Zivildienstgesetz, ZDG);municipality;2844;Buus;13;Basel-Landschaft;242;222;481;817
2026-06-14;6870;Änderung des Bundesgesetzes über den zivilen Ersatzdienst (Zivildienstgesetz, ZDG);municipality;2845;Diepflingen;13;Basel-Landschaft;187;138;333;548
2026-06-14;6870;Änderung des Bundesgesetzes über den zivilen Ersatzdienst (Zivildienstgesetz, ZDG);municipality;2846;Gelterkinden;13;Basel-Landschaft;1326;1238;2640;4461
2026-06-14;6870;Änderung des Bundesgesetzes über den zivilen Ersatzdienst (Zivildienstgesetz, ZDG);municipality;2847;Häfelfingen;13;Basel-Landschaft;67;59;129;206
2026-06-14;6870;Änderung des Bundesgesetzes über den zivilen Ersatzdienst (Zivildienstgesetz, ZDG);municipality;2848;Hemmiken;13;Basel-Landschaft;80;48;132;210
2026-06-14;6870;Änderung des Bundesgesetzes über den zivilen Ersatzdienst (Zivildienstgesetz, ZDG);municipality;2849;Itingen;13;Basel-Landschaft;519;428;970;1568
2026-06-14;6870;Änderung des Bundesgesetzes über den zivilen Ersatzdienst (Zivildienstgesetz, ZDG);municipality;2850;Känerkinden;13;Basel-Landschaft;148;109;259;421
2026-06-14;6870;Änderung des Bundesgesetzes über den zivilen Ersatzdienst (Zivildienstgesetz, ZDG);municipality;2851;Kilchberg (BL);13;Basel-Landschaft;60;51;113;139
2026-06-14;6870;Änderung des Bundesgesetzes über den zivilen Ersatzdienst (Zivildienstgesetz, ZDG);municipality;2852;Läufelfingen;13;Basel-Landschaft;328;315;654;1040
2026-06-14;6870;Änderung des Bundesgesetzes über den zivilen Ersatzdienst (Zivildienstgesetz, ZDG);municipality;2853;Maisprach;13;Basel-Landschaft;239;206;456;689
2026-06-14;6870;Änderung des Bundesgesetzes über den zivilen Ersatzdienst (Zivildienstgesetz, ZDG);municipality;2854;Nusshof;13;Basel-Landschaft;81;49;135;223
2026-06-14;6870;Änderung des Bundesgesetzes über den zivilen Ersatzdienst (Zivildienstgesetz, ZDG);municipality;2855;Oltingen;13;Basel-Landschaft;119;139;263;391
2026-06-14;6870;Änderung des Bundesgesetzes über den zivilen Ersatzdienst (Zivildienstgesetz, ZDG);municipality;2856;Ormalingen;13;Basel-Landschaft;524;436;971;1698
2026-06-14;6870;Änderung des Bundesgesetzes über den zivilen Ersatzdienst (Zivildienstgesetz, ZDG);municipality;2857;Rickenbach (BL);13;Basel-Landschaft;154;121;282;452
2026-06-14;6870;Änderung des Bundesgesetzes über den zivilen Ersatzdienst (Zivildienstgesetz, ZDG);municipality;2858;Rothenfluh;13;Basel-Landschaft;196;159;360;608
2026-06-14;6870;Änderung des Bundesgesetzes über den zivilen Ersatzdienst (Zivildienstgesetz, ZDG);municipality;2859;Rümlingen;13;Basel-Landschaft;101;63;169;297
2026-06-14;6870;Änderung des Bundesgesetzes über den zivilen Ersatzdienst (Zivildienstgesetz, ZDG);municipality;2860;Rünenberg;13;Basel-Landschaft;196;190;394;630
2026-06-14;6870;Änderung des Bundesgesetzes über den zivilen Ersatzdienst (Zivildienstgesetz, ZDG);municipality;2861;Sissach;13;Basel-Landschaft;1541;1427;3056;4838
2026-06-14;6870;Änderung des Bundesgesetzes über den zivilen Ersatzdienst (Zivildienstgesetz, ZDG);municipality;2862;Tecknau;13;Basel-Landschaft;153;94;252;486
2026-06-14;6870;Änderung des Bundesgesetzes über den zivilen Ersatzdienst (Zivildienstgesetz, ZDG);municipality;2863;Tenniken;13;Basel-Landschaft;211;171;397;687
2026-06-14;6870;Änderung des Bundesgesetzes über den zivilen Ersatzdienst (Zivildienstgesetz, ZDG);municipality;2864;Thürnen;13;Basel-Landschaft;328;228;570;983
2026-06-14;6870;Änderung des Bundesgesetzes über den zivilen Ersatzdienst (Zivildienstgesetz, ZDG);municipality;2865;Wenslingen;13;Basel-Landschaft;209;149;369;576
2026-06-14;6870;Änderung des Bundesgesetzes über den zivilen Ersatzdienst (Zivildienstgesetz, ZDG);municipality;2866;Wintersingen;13;Basel-Landschaft;173;100;278;450
2026-06-14;6870;Änderung des Bundesgesetzes über den zivilen Ersatzdienst (Zivildienstgesetz, ZDG);municipality;2867;Wittinsburg;13;Basel-Landschaft;149;88;243;363
2026-06-14;6870;Änderung des Bundesgesetzes über den zivilen Ersatzdienst (Zivildienstgesetz, ZDG);municipality;2868;Zeglingen;13;Basel-Landschaft;123;119;252;379
2026-06-14;6870;Änderung des Bundesgesetzes über den zivilen Ersatzdienst (Zivildienstgesetz, ZDG);municipality;2869;Zunzgen;13;Basel-Landschaft;582;490;1116;1829
2026-06-14;6870;Änderung des Bundesgesetzes über den zivilen Ersatzdienst (Zivildienstgesetz, ZDG);municipality;2881;Arboldswil;13;Basel-Landschaft;211;78;296;445
2026-06-14;6870;Änderung des Bundesgesetzes über den zivilen Ersatzdienst (Zivildienstgesetz, ZDG);municipality;2882;Bennwil;13;Basel-Landschaft;182;115;306;505
2026-06-14;6870;Änderung des Bundesgesetzes über den zivilen Ersatzdienst (Zivildienstgesetz, ZDG);municipality;2883;Bretzwil;13;Basel-Landschaft;193;145;343;578
2026-06-14;6870;Änderung des Bundesgesetzes über den zivilen Ersatzdienst (Zivildienstgesetz, ZDG);municipality;2884;Diegten;13;Basel-Landschaft;439;271;724;1158
2026-06-14;6870;Änderung des Bundesgesetzes über den zivilen Ersatzdienst (Zivildienstgesetz, ZDG);municipality;2885;Eptingen;13;Basel-Landschaft;174;100;283;411
2026-06-14;6870;Änderung des Bundesgesetzes über den zivilen Ersatzdienst (Zivildienstgesetz, ZDG);municipality;2886;Hölstein;13;Basel-Landschaft;521;425;997;1755
2026-06-14;6870;Änderung des Bundesgesetzes über den zivilen Ersatzdienst (Zivildienstgesetz, ZDG);municipality;2887;Lampenberg;13;Basel-Landschaft;169;96;274;440
2026-06-14;6870;Änderung des Bundesgesetzes über den zivilen Ersatzdienst (Zivildienstgesetz, ZDG);municipality;2888;Langenbruck;13;Basel-Landschaft;237;180;421;721
2026-06-14;6870;Änderung des Bundesgesetzes über den zivilen Ersatzdienst (Zivildienstgesetz, ZDG);municipality;2889;Lauwil;13;Basel-Landschaft;101;84;198;280
2026-06-14;6870;Änderung des Bundesgesetzes über den zivilen Ersatzdienst (Zivildienstgesetz, ZDG);municipality;2890;Liedertswil;13;Basel-Landschaft;45;22;68;113
2026-06-14;6870;Änderung des Bundesgesetzes über den zivilen Ersatzdienst (Zivildienstgesetz, ZDG);municipality;2891;Niederdorf;13;Basel-Landschaft;315;280;611;1139
2026-06-14;6870;Änderung des Bundesgesetzes über den zivilen Ersatzdienst (Zivildienstgesetz, ZDG);municipality;2892;Oberdorf (BL);13;Basel-Landschaft;433;381;836;1624
2026-06-14;6870;Änderung des Bundesgesetzes über den zivilen Ersatzdienst (Zivildienstgesetz, ZDG);municipality;2893;Reigoldswil;13;Basel-Landschaft;364;303;686;1218
2026-06-14;6870;Änderung des Bundesgesetzes über den zivilen Ersatzdienst (Zivildienstgesetz, ZDG);municipality;2894;Titterten;13;Basel-Landschaft;122;110;240;356
2026-06-14;6870;Änderung des Bundesgesetzes über den zivilen Ersatzdienst (Zivildienstgesetz, ZDG);municipality;2895;Waldenburg;13;Basel-Landschaft;177;151;336;706
2026-06-14;6870;Änderung des Bundesgesetzes über den zivilen Ersatzdienst (Zivildienstgesetz, ZDG);municipality;2901;Gächlingen;14;Schaffhausen;274;151;449;718
2026-06-14;6870;Änderung des Bundesgesetzes über den zivilen Ersatzdienst (Zivildienstgesetz, ZDG);municipality;2903;Löhningen;14;Schaffhausen;500;283;845;1118
2026-06-14;6870;Änderung des Bundesgesetzes über den zivilen Ersatzdienst (Zivildienstgesetz, ZDG);municipality;2904;Neunkirch;14;Schaffhausen;738;556;1365;1768
2026-06-14;6870;Änderung des Bundesgesetzes über den zivilen Ersatzdienst (Zivildienstgesetz, ZDG);municipality;2914;Büttenhardt;14;Schaffhausen;155;101;279;341
2026-06-14;6870;Änderung des Bundesgesetzes über den zivilen Ersatzdienst (Zivildienstgesetz, ZDG);municipality;2915;Dörflingen;14;Schaffhausen;303;216;564;733
2026-06-14;6870;Änderung des Bundesgesetzes über den zivilen Ersatzdienst (Zivildienstgesetz, ZDG);municipality;2917;Lohn (SH);14;Schaffhausen;253;146;445;545
2026-06-14;6870;Änderung des Bundesgesetzes über den zivilen Ersatzdienst (Zivildienstgesetz, ZDG);municipality;2919;Stetten (SH);14;Schaffhausen;394;310;745;978
2026-06-14;6870;Änderung des Bundesgesetzes über den zivilen Ersatzdienst (Zivildienstgesetz, ZDG);municipality;2920;Thayngen;14;Schaffhausen;1495;998;2696;3560
2026-06-14;6870;Änderung des Bundesgesetzes über den zivilen Ersatzdienst (Zivildienstgesetz, ZDG);municipality;2931;Bargen (SH);14;Schaffhausen;96;54;158;211
2026-06-14;6870;Änderung des Bundesgesetzes über den zivilen Ersatzdienst (Zivildienstgesetz, ZDG);municipality;2932;Beringen;14;Schaffhausen;1378;939;2492;3340
2026-06-14;6870;Änderung des Bundesgesetzes über den zivilen Ersatzdienst (Zivildienstgesetz, ZDG);municipality;2933;Buchberg;14;Schaffhausen;338;196;566;685
2026-06-14;6870;Änderung des Bundesgesetzes über den zivilen Ersatzdienst (Zivildienstgesetz, ZDG);municipality;2936;Merishausen;14;Schaffhausen;325;184;532;673
2026-06-14;6870;Änderung des Bundesgesetzes über den zivilen Ersatzdienst (Zivildienstgesetz, ZDG);municipality;2937;Neuhausen am Rheinfall;14;Schaffhausen;1767;1825;3894;5743
2026-06-14;6870;Änderung des Bundesgesetzes über den zivilen Ersatzdienst (Zivildienstgesetz, ZDG);municipality;2938;Rüdlingen;14;Schaffhausen;301;189;515;621
2026-06-14;6870;Änderung des Bundesgesetzes über den zivilen Ersatzdienst (Zivildienstgesetz, ZDG);municipality;2939;Schaffhausen;14;Schaffhausen;7456;8653;17387;23821
2026-06-14;6870;Änderung des Bundesgesetzes über den zivilen Ersatzdienst (Zivildienstgesetz, ZDG);municipality;2951;Beggingen;14;Schaffhausen;170;85;279;372
2026-06-14;6870;Änderung des Bundesgesetzes über den zivilen Ersatzdienst (Zivildienstgesetz, ZDG);municipality;2952;Schleitheim;14;Schaffhausen;539;309;913;1189
2026-06-14;6870;Änderung des Bundesgesetzes über den zivilen Ersatzdienst (Zivildienstgesetz, ZDG);municipality;2953;Siblingen;14;Schaffhausen;279;186;502;659
2026-06-14;6870;Änderung des Bundesgesetzes über den zivilen Ersatzdienst (Zivildienstgesetz, ZDG);municipality;2961;Buch (SH);14;Schaffhausen;98;74;176;210
2026-06-14;6870;Änderung des Bundesgesetzes über den zivilen Ersatzdienst (Zivildienstgesetz, ZDG);municipality;2962;Hemishofen;14;Schaffhausen;155;120;292;362
2026-06-14;6870;Änderung des Bundesgesetzes über den zivilen Ersatzdienst (Zivildienstgesetz, ZDG);municipality;2963;Ramsen;14;Schaffhausen;368;285;682;982
2026-06-14;6870;Änderung des Bundesgesetzes über den zivilen Ersatzdienst (Zivildienstgesetz, ZDG);municipality;2964;Stein am Rhein;14;Schaffhausen;1022;858;1962;2573
2026-06-14;6870;Änderung des Bundesgesetzes über den zivilen Ersatzdienst (Zivildienstgesetz, ZDG);municipality;2971;Hallau;14;Schaffhausen;774;439;1273;1757
2026-06-14;6870;Änderung des Bundesgesetzes über den zivilen Ersatzdienst (Zivildienstgesetz, ZDG);municipality;2972;Oberhallau;14;Schaffhausen;163;90;266;353
2026-06-14;6870;Änderung des Bundesgesetzes über den zivilen Ersatzdienst (Zivildienstgesetz, ZDG);municipality;2973;Trasadingen;14;Schaffhausen;199;110;325;424
2026-06-14;6870;Änderung des Bundesgesetzes über den zivilen Ersatzdienst (Zivildienstgesetz, ZDG);municipality;2974;Wilchingen;14;Schaffhausen;550;335;922;1275
2026-06-14;6870;Änderung des Bundesgesetzes über den zivilen Ersatzdienst (Zivildienstgesetz, ZDG);municipality;3001;Herisau;15;Appenzell Ausserrhoden;3405;2240;5705;10216
2026-06-14;6870;Änderung des Bundesgesetzes über den zivilen Ersatzdienst (Zivildienstgesetz, ZDG);municipality;3002;Hundwil;15;Appenzell Ausserrhoden;312;147;464;744
2026-06-14;6870;Änderung des Bundesgesetzes über den zivilen Ersatzdienst (Zivildienstgesetz, ZDG);municipality;3003;Schönengrund;15;Appenzell Ausserrhoden;193;84;290;429
2026-06-14;6870;Änderung des Bundesgesetzes über den zivilen Ersatzdienst (Zivildienstgesetz, ZDG);municipality;3004;Schwellbrunn;15;Appenzell Ausserrhoden;507;258;769;1170
2026-06-14;6870;Änderung des Bundesgesetzes über den zivilen Ersatzdienst (Zivildienstgesetz, ZDG);municipality;3005;Stein (AR);15;Appenzell Ausserrhoden;486;254;758;1123
2026-06-14;6870;Änderung des Bundesgesetzes über den zivilen Ersatzdienst (Zivildienstgesetz, ZDG);municipality;3006;Urnäsch;15;Appenzell Ausserrhoden;767;361;1157;1750
2026-06-14;6870;Änderung des Bundesgesetzes über den zivilen Ersatzdienst (Zivildienstgesetz, ZDG);municipality;3007;Waldstatt;15;Appenzell Ausserrhoden;572;300;881;1369
2026-06-14;6870;Änderung des Bundesgesetzes über den zivilen Ersatzdienst (Zivildienstgesetz, ZDG);municipality;3021;Bühler;15;Appenzell Ausserrhoden;442;299;745;1227
2026-06-14;6870;Änderung des Bundesgesetzes über den zivilen Ersatzdienst (Zivildienstgesetz, ZDG);municipality;3022;Gais;15;Appenzell Ausserrhoden;880;606;1515;2322
2026-06-14;6870;Änderung des Bundesgesetzes über den zivilen Ersatzdienst (Zivildienstgesetz, ZDG);municipality;3023;Speicher;15;Appenzell Ausserrhoden;1160;926;2115;3168
2026-06-14;6870;Änderung des Bundesgesetzes über den zivilen Ersatzdienst (Zivildienstgesetz, ZDG);municipality;3024;Teufen (AR);15;Appenzell Ausserrhoden;2088;1235;3368;5001
2026-06-14;6870;Änderung des Bundesgesetzes über den zivilen Ersatzdienst (Zivildienstgesetz, ZDG);municipality;3025;Trogen;15;Appenzell Ausserrhoden;401;524;937;1410
2026-06-14;6870;Änderung des Bundesgesetzes über den zivilen Ersatzdienst (Zivildienstgesetz, ZDG);municipality;3031;Grub (AR);15;Appenzell Ausserrhoden;259;182;449;689
2026-06-14;6870;Änderung des Bundesgesetzes über den zivilen Ersatzdienst (Zivildienstgesetz, ZDG);municipality;3032;Heiden;15;Appenzell Ausserrhoden;925;730;1756;2840
2026-06-14;6870;Änderung des Bundesgesetzes über den zivilen Ersatzdienst (Zivildienstgesetz, ZDG);municipality;3033;Lutzenberg;15;Appenzell Ausserrhoden;310;249;573;900
2026-06-14;6870;Änderung des Bundesgesetzes über den zivilen Ersatzdienst (Zivildienstgesetz, ZDG);municipality;3034;Rehetobel;15;Appenzell Ausserrhoden;420;412;853;1274
2026-06-14;6870;Änderung des Bundesgesetzes über den zivilen Ersatzdienst (Zivildienstgesetz, ZDG);municipality;3035;Reute (AR);15;Appenzell Ausserrhoden;183;133;323;535
2026-06-14;6870;Änderung des Bundesgesetzes über den zivilen Ersatzdienst (Zivildienstgesetz, ZDG);municipality;3036;Wald (AR);15;Appenzell Ausserrhoden;217;172;390;677
2026-06-14;6870;Änderung des Bundesgesetzes über den zivilen Ersatzdienst (Zivildienstgesetz, ZDG);municipality;3037;Walzenhausen;15;Appenzell Ausserrhoden;484;318;827;1371
2026-06-14;6870;Änderung des Bundesgesetzes über den zivilen Ersatzdienst (Zivildienstgesetz, ZDG);municipality;3038;Wolfhalden;15;Appenzell Ausserrhoden;461;329;795;1355
2026-06-14;6870;Änderung des Bundesgesetzes über den zivilen Ersatzdienst (Zivildienstgesetz, ZDG);municipality;3101;Appenzell;16;Appenzell Innerrhoden;1661;806;2579;4085
2026-06-14;6870;Änderung des Bundesgesetzes über den zivilen Ersatzdienst (Zivildienstgesetz, ZDG);municipality;3102;Gonten;16;Appenzell Innerrhoden;485;228;736;1068
2026-06-14;6870;Änderung des Bundesgesetzes über den zivilen Ersatzdienst (Zivildienstgesetz, ZDG);municipality;3104;Schlatt-Haslen;16;Appenzell Innerrhoden;384;133;525;816
2026-06-14;6870;Änderung des Bundesgesetzes über den zivilen Ersatzdienst (Zivildienstgesetz, ZDG);municipality;3111;Oberegg;16;Appenzell Innerrhoden;577;354;944;1445
2026-06-14;6870;Änderung des Bundesgesetzes über den zivilen Ersatzdienst (Zivildienstgesetz, ZDG);municipality;3112;Schwende-Rüte;16;Appenzell Innerrhoden;2046;976;3067;4504
2026-06-14;6870;Änderung des Bundesgesetzes über den zivilen Ersatzdienst (Zivildienstgesetz, ZDG);municipality;3201;Häggenschwil;17;St. Gallen;415;240;663;960
2026-06-14;6870;Änderung des Bundesgesetzes über den zivilen Ersatzdienst (Zivildienstgesetz, ZDG);municipality;3202;Muolen;17;St. Gallen;393;208;606;901
2026-06-14;6870;Änderung des Bundesgesetzes über den zivilen Ersatzdienst (Zivildienstgesetz, ZDG);municipality;3203;St. Gallen;17;St. Gallen;11151;13355;25170;43938
2026-06-14;6870;Änderung des Bundesgesetzes über den zivilen Ersatzdienst (Zivildienstgesetz, ZDG);municipality;3204;Wittenbach;17;St. Gallen;1913;1219;3183;5860
2026-06-14;6870;Änderung des Bundesgesetzes über den zivilen Ersatzdienst (Zivildienstgesetz, ZDG);municipality;3211;Berg (SG);17;St. Gallen;274;190;471;694
2026-06-14;6870;Änderung des Bundesgesetzes über den zivilen Ersatzdienst (Zivildienstgesetz, ZDG);municipality;3212;Eggersriet;17;St. Gallen;628;470;1109;1702
2026-06-14;6870;Änderung des Bundesgesetzes über den zivilen Ersatzdienst (Zivildienstgesetz, ZDG);municipality;3213;Goldach;17;St. Gallen;1901;1256;3199;5854
2026-06-14;6870;Änderung des Bundesgesetzes über den zivilen Ersatzdienst (Zivildienstgesetz, ZDG);municipality;3214;Mörschwil;17;St. Gallen;1186;660;1857;2714
2026-06-14;6870;Änderung des Bundesgesetzes über den zivilen Ersatzdienst (Zivildienstgesetz, ZDG);municipality;3215;Rorschach;17;St. Gallen;966;903;1892;4167
2026-06-14;6870;Änderung des Bundesgesetzes über den zivilen Ersatzdienst (Zivildienstgesetz, ZDG);municipality;3216;Rorschacherberg;17;St. Gallen;1453;998;2477;4420
2026-06-14;6870;Änderung des Bundesgesetzes über den zivilen Ersatzdienst (Zivildienstgesetz, ZDG);municipality;3217;Steinach;17;St. Gallen;738;476;1230;2192
2026-06-14;6870;Änderung des Bundesgesetzes über den zivilen Ersatzdienst (Zivildienstgesetz, ZDG);municipality;3218;Tübach;17;St. Gallen;411;235;649;1071
2026-06-14;6870;Änderung des Bundesgesetzes über den zivilen Ersatzdienst (Zivildienstgesetz, ZDG);municipality;3219;Untereggen;17;St. Gallen;303;182;490;731
2026-06-14;6870;Änderung des Bundesgesetzes über den zivilen Ersatzdienst (Zivildienstgesetz, ZDG);municipality;3231;Au (SG);17;St. Gallen;1420;887;2339;4368
2026-06-14;6870;Änderung des Bundesgesetzes über den zivilen Ersatzdienst (Zivildienstgesetz, ZDG);municipality;3232;Balgach;17;St. Gallen;1103;751;1864;3174
2026-06-14;6870;Änderung des Bundesgesetzes über den zivilen Ersatzdienst (Zivildienstgesetz, ZDG);municipality;3233;Berneck;17;St. Gallen;956;574;1542;2559
2026-06-14;6870;Änderung des Bundesgesetzes über den zivilen Ersatzdienst (Zivildienstgesetz, ZDG);municipality;3234;Diepoldsau;17;St. Gallen;1575;923;2529;4089
2026-06-14;6870;Änderung des Bundesgesetzes über den zivilen Ersatzdienst (Zivildienstgesetz, ZDG);municipality;3235;Rheineck;17;St. Gallen;572;369;945;1874
2026-06-14;6870;Änderung des Bundesgesetzes über den zivilen Ersatzdienst (Zivildienstgesetz, ZDG);municipality;3236;St. Margrethen;17;St. Gallen;806;460;1278;2577
2026-06-14;6870;Änderung des Bundesgesetzes über den zivilen Ersatzdienst (Zivildienstgesetz, ZDG);municipality;3237;Thal;17;St. Gallen;1595;1007;2631;4461
2026-06-14;6870;Änderung des Bundesgesetzes über den zivilen Ersatzdienst (Zivildienstgesetz, ZDG);municipality;3238;Widnau;17;St. Gallen;2120;1375;3540;6011
2026-06-14;6870;Änderung des Bundesgesetzes über den zivilen Ersatzdienst (Zivildienstgesetz, ZDG);municipality;3251;Altstätten;17;St. Gallen;2589;1649;4290;7298
2026-06-14;6870;Änderung des Bundesgesetzes über den zivilen Ersatzdienst (Zivildienstgesetz, ZDG);municipality;3252;Eichberg;17;St. Gallen;433;236;677;1047
2026-06-14;6870;Änderung des Bundesgesetzes über den zivilen Ersatzdienst (Zivildienstgesetz, ZDG);municipality;3253;Marbach (SG);17;St. Gallen;485;316;810;1362
2026-06-14;6870;Änderung des Bundesgesetzes über den zivilen Ersatzdienst (Zivildienstgesetz, ZDG);municipality;3254;Oberriet (SG);17;St. Gallen;2609;1287;3931;6110
2026-06-14;6870;Änderung des Bundesgesetzes über den zivilen Ersatzdienst (Zivildienstgesetz, ZDG);municipality;3255;Rebstein;17;St. Gallen;857;585;1463;2727
2026-06-14;6870;Änderung des Bundesgesetzes über den zivilen Ersatzdienst (Zivildienstgesetz, ZDG);municipality;3256;Rüthi (SG);17;St. Gallen;624;325;956;1495
2026-06-14;6870;Änderung des Bundesgesetzes über den zivilen Ersatzdienst (Zivildienstgesetz, ZDG);municipality;3271;Buchs (SG);17;St. Gallen;1997;1621;3650;6351
2026-06-14;6870;Änderung des Bundesgesetzes über den zivilen Ersatzdienst (Zivildienstgesetz, ZDG);municipality;3272;Gams;17;St. Gallen;880;512;1401;2203
2026-06-14;6870;Änderung des Bundesgesetzes über den zivilen Ersatzdienst (Zivildienstgesetz, ZDG);municipality;3273;Grabs;17;St. Gallen;1686;1232;2942;4670
2026-06-14;6870;Änderung des Bundesgesetzes über den zivilen Ersatzdienst (Zivildienstgesetz, ZDG);municipality;3274;Sennwald;17;St. Gallen;1215;785;2032;3370
2026-06-14;6870;Änderung des Bundesgesetzes über den zivilen Ersatzdienst (Zivildienstgesetz, ZDG);municipality;3275;Sevelen;17;St. Gallen;881;634;1529;2609
2026-06-14;6870;Änderung des Bundesgesetzes über den zivilen Ersatzdienst (Zivildienstgesetz, ZDG);municipality;3276;Wartau;17;St. Gallen;1117;674;1792;3030
2026-06-14;6870;Änderung des Bundesgesetzes über den zivilen Ersatzdienst (Zivildienstgesetz, ZDG);municipality;3291;Bad Ragaz;17;St. Gallen;1439;915;2385;3953
2026-06-14;6870;Änderung des Bundesgesetzes über den zivilen Ersatzdienst (Zivildienstgesetz, ZDG);municipality;3292;Flums;17;St. Gallen;1172;775;1970;3354
2026-06-14;6870;Änderung des Bundesgesetzes über den zivilen Ersatzdienst (Zivildienstgesetz, ZDG);municipality;3293;Mels;17;St. Gallen;2355;1401;3783;6170
2026-06-14;6870;Änderung des Bundesgesetzes über den zivilen Ersatzdienst (Zivildienstgesetz, ZDG);municipality;3294;Pfäfers;17;St. Gallen;417;262;685;1139
2026-06-14;6870;Änderung des Bundesgesetzes über den zivilen Ersatzdienst (Zivildienstgesetz, ZDG);municipality;3295;Quarten;17;St. Gallen;782;515;1308;2070
2026-06-14;6870;Änderung des Bundesgesetzes über den zivilen Ersatzdienst (Zivildienstgesetz, ZDG);municipality;3296;Sargans;17;St. Gallen;1224;984;2231;3752
2026-06-14;6870;Änderung des Bundesgesetzes über den zivilen Ersatzdienst (Zivildienstgesetz, ZDG);municipality;3297;Vilters-Wangs;17;St. Gallen;1374;812;2205;3447
2026-06-14;6870;Änderung des Bundesgesetzes über den zivilen Ersatzdienst (Zivildienstgesetz, ZDG);municipality;3298;Walenstadt;17;St. Gallen;1341;1001;2376;3966
2026-06-14;6870;Änderung des Bundesgesetzes über den zivilen Ersatzdienst (Zivildienstgesetz, ZDG);municipality;3311;Amden;17;St. Gallen;574;342;929;1409
2026-06-14;6870;Änderung des Bundesgesetzes über den zivilen Ersatzdienst (Zivildienstgesetz, ZDG);municipality;3312;Benken (SG);17;St. Gallen;849;461;1325;2108
2026-06-14;6870;Änderung des Bundesgesetzes über den zivilen Ersatzdienst (Zivildienstgesetz, ZDG);municipality;3313;Kaltbrunn;17;St. Gallen;1209;735;1967;3292
2026-06-14;6870;Änderung des Bundesgesetzes über den zivilen Ersatzdienst (Zivildienstgesetz, ZDG);municipality;3315;Schänis;17;St. Gallen;1029;661;1714;2742
2026-06-14;6870;Änderung des Bundesgesetzes über den zivilen Ersatzdienst (Zivildienstgesetz, ZDG);municipality;3316;Weesen;17;St. Gallen;467;336;816;1319
2026-06-14;6870;Änderung des Bundesgesetzes über den zivilen Ersatzdienst (Zivildienstgesetz, ZDG);municipality;3338;Schmerikon;17;St. Gallen;934;570;1519;2442
2026-06-14;6870;Änderung des Bundesgesetzes über den zivilen Ersatzdienst (Zivildienstgesetz, ZDG);municipality;3339;Uznach;17;St. Gallen;1333;916;2282;3938
2026-06-14;6870;Änderung des Bundesgesetzes über den zivilen Ersatzdienst (Zivildienstgesetz, ZDG);municipality;3340;Rapperswil-Jona;17;St. Gallen;6076;5132;11522;19062
2026-06-14;6870;Änderung des Bundesgesetzes über den zivilen Ersatzdienst (Zivildienstgesetz, ZDG);municipality;3341;Gommiswald;17;St. Gallen;1673;910;2608;3992
2026-06-14;6870;Änderung des Bundesgesetzes über den zivilen Ersatzdienst (Zivildienstgesetz, ZDG);municipality;3342;Eschenbach (SG);17;St. Gallen;2704;1599;4374;6858
2026-06-14;6870;Änderung des Bundesgesetzes über den zivilen Ersatzdienst (Zivildienstgesetz, ZDG);municipality;3352;Ebnat-Kappel;17;St. Gallen;1271;929;2227;3587
2026-06-14;6870;Änderung des Bundesgesetzes über den zivilen Ersatzdienst (Zivildienstgesetz, ZDG);municipality;3359;Wildhaus-Alt St. Johann;17;St. Gallen;819;398;1240;1771
2026-06-14;6870;Änderung des Bundesgesetzes über den zivilen Ersatzdienst (Zivildienstgesetz, ZDG);municipality;3360;Nesslau;17;St. Gallen;1197;620;1841;2879
2026-06-14;6870;Änderung des Bundesgesetzes über den zivilen Ersatzdienst (Zivildienstgesetz, ZDG);municipality;3374;Lichtensteig;17;St. Gallen;427;360;795;1386
2026-06-14;6870;Änderung des Bundesgesetzes über den zivilen Ersatzdienst (Zivildienstgesetz, ZDG);municipality;3379;Wattwil;17;St. Gallen;1864;1348;3242;5532
2026-06-14;6870;Änderung des Bundesgesetzes über den zivilen Ersatzdienst (Zivildienstgesetz, ZDG);municipality;3392;Kirchberg (SG);17;St. Gallen;2054;1183;3278;5355
2026-06-14;6870;Änderung des Bundesgesetzes über den zivilen Ersatzdienst (Zivildienstgesetz, ZDG);municipality;3393;Lütisburg;17;St. Gallen;463;232;706;1021
2026-06-14;6870;Änderung des Bundesgesetzes über den zivilen Ersatzdienst (Zivildienstgesetz, ZDG);municipality;3394;Mosnang;17;St. Gallen;840;610;1459;2142
2026-06-14;6870;Änderung des Bundesgesetzes über den zivilen Ersatzdienst (Zivildienstgesetz, ZDG);municipality;3395;Bütschwil-Ganterschwil;17;St. Gallen;1418;703;2145;3546
2026-06-14;6870;Änderung des Bundesgesetzes über den zivilen Ersatzdienst (Zivildienstgesetz, ZDG);municipality;3396;Neckertal;17;St. Gallen;1738;1050;2835;4519
2026-06-14;6870;Änderung des Bundesgesetzes über den zivilen Ersatzdienst (Zivildienstgesetz, ZDG);municipality;3401;Degersheim;17;St. Gallen;787;688;1498;2675
2026-06-14;6870;Änderung des Bundesgesetzes über den zivilen Ersatzdienst (Zivildienstgesetz, ZDG);municipality;3402;Flawil;17;St. Gallen;1962;1411;3414;6003
2026-06-14;6870;Änderung des Bundesgesetzes über den zivilen Ersatzdienst (Zivildienstgesetz, ZDG);municipality;3405;Jonschwil;17;St. Gallen;1040;636;1701;2672
2026-06-14;6870;Änderung des Bundesgesetzes über den zivilen Ersatzdienst (Zivildienstgesetz, ZDG);municipality;3407;Oberuzwil;17;St. Gallen;1516;923;2468;4204
2026-06-14;6870;Änderung des Bundesgesetzes über den zivilen Ersatzdienst (Zivildienstgesetz, ZDG);municipality;3408;Uzwil;17;St. Gallen;2647;1731;4434;8108
2026-06-14;6870;Änderung des Bundesgesetzes über den zivilen Ersatzdienst (Zivildienstgesetz, ZDG);municipality;3422;Niederbüren;17;St. Gallen;498;226;730;1087
2026-06-14;6870;Änderung des Bundesgesetzes über den zivilen Ersatzdienst (Zivildienstgesetz, ZDG);municipality;3423;Niederhelfenschwil;17;St. Gallen;995;508;1525;2324
2026-06-14;6870;Änderung des Bundesgesetzes über den zivilen Ersatzdienst (Zivildienstgesetz, ZDG);municipality;3424;Oberbüren;17;St. Gallen;1257;625;1900;3229
2026-06-14;6870;Änderung des Bundesgesetzes über den zivilen Ersatzdienst (Zivildienstgesetz, ZDG);municipality;3426;Zuzwil (SG);17;St. Gallen;1544;760;2327;3505
2026-06-14;6870;Änderung des Bundesgesetzes über den zivilen Ersatzdienst (Zivildienstgesetz, ZDG);municipality;3427;Wil (SG);17;St. Gallen;4902;3450;8458;14344
2026-06-14;6870;Änderung des Bundesgesetzes über den zivilen Ersatzdienst (Zivildienstgesetz, ZDG);municipality;3441;Andwil (SG);17;St. Gallen;670;306;982;1530
2026-06-14;6870;Änderung des Bundesgesetzes über den zivilen Ersatzdienst (Zivildienstgesetz, ZDG);municipality;3442;Gaiserwald;17;St. Gallen;2337;1398;3786;5959
2026-06-14;6870;Änderung des Bundesgesetzes über den zivilen Ersatzdienst (Zivildienstgesetz, ZDG);municipality;3443;Gossau (SG);17;St. Gallen;4274;2447;6801;11866
2026-06-14;6870;Änderung des Bundesgesetzes über den zivilen Ersatzdienst (Zivildienstgesetz, ZDG);municipality;3444;Waldkirch;17;St. Gallen;1060;500;1577;2496
2026-06-14;6870;Änderung des Bundesgesetzes über den zivilen Ersatzdienst (Zivildienstgesetz, ZDG);municipality;3506;Vaz/Obervaz;18;Graubünden;720;443;1210;1856
2026-06-14;6870;Änderung des Bundesgesetzes über den zivilen Ersatzdienst (Zivildienstgesetz, ZDG);municipality;3513;Lantsch/Lenz;18;Graubünden;152;84;245;396
2026-06-14;6870;Änderung des Bundesgesetzes über den zivilen Ersatzdienst (Zivildienstgesetz, ZDG);municipality;3514;Schmitten (GR);18;Graubünden;68;18;87;160
2026-06-14;6870;Änderung des Bundesgesetzes über den zivilen Ersatzdienst (Zivildienstgesetz, ZDG);municipality;3542;Albula/Alvra;18;Graubünden;339;220;572;969
2026-06-14;6870;Änderung des Bundesgesetzes über den zivilen Ersatzdienst (Zivildienstgesetz, ZDG);municipality;3543;Surses;18;Graubünden;600;392;1023;1816
2026-06-14;6870;Änderung des Bundesgesetzes über den zivilen Ersatzdienst (Zivildienstgesetz, ZDG);municipality;3544;Bergün Filisur;18;Graubünden;246;191;445;663
2026-06-14;6870;Änderung des Bundesgesetzes über den zivilen Ersatzdienst (Zivildienstgesetz, ZDG);municipality;3551;Brusio;18;Graubünden;254;206;469;887
2026-06-14;6870;Änderung des Bundesgesetzes über den zivilen Ersatzdienst (Zivildienstgesetz, ZDG);municipality;3561;Poschiavo;18;Graubünden;994;554;1597;2857
2026-06-14;6870;Änderung des Bundesgesetzes über den zivilen Ersatzdienst (Zivildienstgesetz, ZDG);municipality;3572;Falera;18;Graubünden;198;127;331;501
2026-06-14;6870;Änderung des Bundesgesetzes über den zivilen Ersatzdienst (Zivildienstgesetz, ZDG);municipality;3575;Laax;18;Graubünden;578;304;916;1457
2026-06-14;6870;Änderung des Bundesgesetzes über den zivilen Ersatzdienst (Zivildienstgesetz, ZDG);municipality;3581;Sagogn;18;Graubünden;181;164;349;591
2026-06-14;6870;Änderung des Bundesgesetzes über den zivilen Ersatzdienst (Zivildienstgesetz, ZDG);municipality;3582;Schluein;18;Graubünden;129;75;206;408
2026-06-14;6870;Änderung des Bundesgesetzes über den zivilen Ersatzdienst (Zivildienstgesetz, ZDG);municipality;3603;Vals;18;Graubünden;284;133;424;685
2026-06-14;6870;Änderung des Bundesgesetzes über den zivilen Ersatzdienst (Zivildienstgesetz, ZDG);municipality;3618;Lumnezia;18;Graubünden;629;347;1009;1717
2026-06-14;6870;Änderung des Bundesgesetzes über den zivilen Ersatzdienst (Zivildienstgesetz, ZDG);municipality;3619;Ilanz/Glion;18;Graubünden;1124;830;2001;3561
2026-06-14;6870;Änderung des Bundesgesetzes über den zivilen Ersatzdienst (Zivildienstgesetz, ZDG);municipality;3633;Fürstenau;18;Graubünden;98;69;176;268
2026-06-14;6870;Änderung des Bundesgesetzes über den zivilen Ersatzdienst (Zivildienstgesetz, ZDG);municipality;3637;Rothenbrunnen;18;Graubünden;90;54;147;248
2026-06-14;6870;Änderung des Bundesgesetzes über den zivilen Ersatzdienst (Zivildienstgesetz, ZDG);municipality;3638;Scharans;18;Graubünden;215;193;411;668
2026-06-14;6870;Änderung des Bundesgesetzes über den zivilen Ersatzdienst (Zivildienstgesetz, ZDG);municipality;3640;Sils im Domleschg;18;Graubünden;235;146;387;672
2026-06-14;6870;Änderung des Bundesgesetzes über den zivilen Ersatzdienst (Zivildienstgesetz, ZDG);municipality;3661;Cazis;18;Graubünden;495;401;915;1804
2026-06-14;6870;Änderung des Bundesgesetzes über den zivilen Ersatzdienst (Zivildienstgesetz, ZDG);municipality;3662;Flerden;18;Graubünden;72;59;134;205
2026-06-14;6870;Änderung des Bundesgesetzes über den zivilen Ersatzdienst (Zivildienstgesetz, ZDG);municipality;3663;Masein;18;Graubünden;108;132;242;419
2026-06-14;6870;Änderung des Bundesgesetzes über den zivilen Ersatzdienst (Zivildienstgesetz, ZDG);municipality;3668;Thusis;18;Graubünden;529;358;917;1992
2026-06-14;6870;Änderung des Bundesgesetzes über den zivilen Ersatzdienst (Zivildienstgesetz, ZDG);municipality;3669;Tschappina;18;Graubünden;38;36;76;120
2026-06-14;6870;Änderung des Bundesgesetzes über den zivilen Ersatzdienst (Zivildienstgesetz, ZDG);municipality;3670;Urmein;18;Graubünden;60;41;104;131
2026-06-14;6870;Änderung des Bundesgesetzes über den zivilen Ersatzdienst (Zivildienstgesetz, ZDG);municipality;3672;Safiental;18;Graubünden;300;197;519;812
2026-06-14;6870;Änderung des Bundesgesetzes über den zivilen Ersatzdienst (Zivildienstgesetz, ZDG);municipality;3673;Domleschg;18;Graubünden;581;496;1106;1702
2026-06-14;6870;Änderung des Bundesgesetzes über den zivilen Ersatzdienst (Zivildienstgesetz, ZDG);municipality;3681;Avers;18;Graubünden;57;38;95;128
2026-06-14;6870;Änderung des Bundesgesetzes über den zivilen Ersatzdienst (Zivildienstgesetz, ZDG);municipality;3695;Sufers;18;Graubünden;54;25;79;105
2026-06-14;6870;Änderung des Bundesgesetzes über den zivilen Ersatzdienst (Zivildienstgesetz, ZDG);municipality;3701;Andeer;18;Graubünden;223;155;389;657
2026-06-14;6870;Änderung des Bundesgesetzes über den zivilen Ersatzdienst (Zivildienstgesetz, ZDG);municipality;3711;Rongellen;18;Graubünden;17;10;27;41
2026-06-14;6870;Änderung des Bundesgesetzes über den zivilen Ersatzdienst (Zivildienstgesetz, ZDG);municipality;3712;Zillis-Reischen;18;Graubünden;116;75;197;299
2026-06-14;6870;Änderung des Bundesgesetzes über den zivilen Ersatzdienst (Zivildienstgesetz, ZDG);municipality;3713;Ferrera;18;Graubünden;20;14;37;53
2026-06-14;6870;Änderung des Bundesgesetzes über den zivilen Ersatzdienst (Zivildienstgesetz, ZDG);municipality;3714;Rheinwald;18;Graubünden;202;108;319;474
2026-06-14;6870;Änderung des Bundesgesetzes über den zivilen Ersatzdienst (Zivildienstgesetz, ZDG);municipality;3715;Muntogna da Schons;18;Graubünden;118;88;212;302
2026-06-14;6870;Änderung des Bundesgesetzes über den zivilen Ersatzdienst (Zivildienstgesetz, ZDG);municipality;3721;Bonaduz;18;Graubünden;824;586;1460;2519
2026-06-14;6870;Änderung des Bundesgesetzes über den zivilen Ersatzdienst (Zivildienstgesetz, ZDG);municipality;3722;Domat/Ems;18;Graubünden;1506;1067;2640;5268
2026-06-14;6870;Änderung des Bundesgesetzes über den zivilen Ersatzdienst (Zivildienstgesetz, ZDG);municipality;3723;Rhäzüns;18;Graubünden;326;263;598;1062
2026-06-14;6870;Änderung des Bundesgesetzes über den zivilen Ersatzdienst (Zivildienstgesetz, ZDG);municipality;3731;Felsberg;18;Graubünden;661;465;1150;1953
2026-06-14;6870;Änderung des Bundesgesetzes über den zivilen Ersatzdienst (Zivildienstgesetz, ZDG);municipality;3732;Flims;18;Graubünden;746;471;1245;2003
2026-06-14;6870;Änderung des Bundesgesetzes über den zivilen Ersatzdienst (Zivildienstgesetz, ZDG);municipality;3733;Tamins;18;Graubünden;282;206;517;895
2026-06-14;6870;Änderung des Bundesgesetzes über den zivilen Ersatzdienst (Zivildienstgesetz, ZDG);municipality;3734;Trin;18;Graubünden;398;345;755;1131
2026-06-14;6870;Änderung des Bundesgesetzes über den zivilen Ersatzdienst (Zivildienstgesetz, ZDG);municipality;3746;Zernez;18;Graubünden;434;280;733;1108
2026-06-14;6870;Änderung des Bundesgesetzes über den zivilen Ersatzdienst (Zivildienstgesetz, ZDG);municipality;3752;Samnaun;18;Graubünden;185;78;269;483
2026-06-14;6870;Änderung des Bundesgesetzes über den zivilen Ersatzdienst (Zivildienstgesetz, ZDG);municipality;3762;Scuol;18;Graubünden;991;826;1883;3200
2026-06-14;6870;Änderung des Bundesgesetzes über den zivilen Ersatzdienst (Zivildienstgesetz, ZDG);municipality;3764;Valsot;18;Graubünden;233;148;392;702
2026-06-14;6870;Änderung des Bundesgesetzes über den zivilen Ersatzdienst (Zivildienstgesetz, ZDG);municipality;3781;Bever;18;Graubünden;171;128;304;459
2026-06-14;6870;Änderung des Bundesgesetzes über den zivilen Ersatzdienst (Zivildienstgesetz, ZDG);municipality;3782;Celerina/Schlarigna;18;Graubünden;344;178;542;930
2026-06-14;6870;Änderung des Bundesgesetzes über den zivilen Ersatzdienst (Zivildienstgesetz, ZDG);municipality;3783;Madulain;18;Graubünden;64;32;97;153
2026-06-14;6870;Änderung des Bundesgesetzes über den zivilen Ersatzdienst (Zivildienstgesetz, ZDG);municipality;3784;Pontresina;18;Graubünden;481;264;756;1252
2026-06-14;6870;Änderung des Bundesgesetzes über den zivilen Ersatzdienst (Zivildienstgesetz, ZDG);municipality;3785;La Punt Chamues-ch;18;Graubünden;180;87;279;533
2026-06-14;6870;Änderung des Bundesgesetzes über den zivilen Ersatzdienst (Zivildienstgesetz, ZDG);municipality;3786;Samedan;18;Graubünden;697;423;1150;1954
2026-06-14;6870;Änderung des Bundesgesetzes über den zivilen Ersatzdienst (Zivildienstgesetz, ZDG);municipality;3787;St. Moritz;18;Graubünden;1013;597;1660;2568
2026-06-14;6870;Änderung des Bundesgesetzes über den zivilen Ersatzdienst (Zivildienstgesetz, ZDG);municipality;3788;S-chanf;18;Graubünden;183;103;295;515
2026-06-14;6870;Änderung des Bundesgesetzes über den zivilen Ersatzdienst (Zivildienstgesetz, ZDG);municipality;3789;Sils im Engadin/Segl;18;Graubünden;156;99;258;431
2026-06-14;6870;Änderung des Bundesgesetzes über den zivilen Ersatzdienst (Zivildienstgesetz, ZDG);municipality;3790;Silvaplana;18;Graubünden;233;134;379;677
2026-06-14;6870;Änderung des Bundesgesetzes über den zivilen Ersatzdienst (Zivildienstgesetz, ZDG);municipality;3791;Zuoz;18;Graubünden;289;151;444;738
2026-06-14;6870;Änderung des Bundesgesetzes über den zivilen Ersatzdienst (Zivildienstgesetz, ZDG);municipality;3792;Bregaglia;18;Graubünden;442;251;726;1268
2026-06-14;6870;Änderung des Bundesgesetzes über den zivilen Ersatzdienst (Zivildienstgesetz, ZDG);municipality;3804;Buseno;18;Graubünden;50;20;74;92
2026-06-14;6870;Änderung des Bundesgesetzes über den zivilen Ersatzdienst (Zivildienstgesetz, ZDG);municipality;3805;Castaneda;18;Graubünden;73;66;146;240
2026-06-14;6870;Änderung des Bundesgesetzes über den zivilen Ersatzdienst (Zivildienstgesetz, ZDG);municipality;3808;Rossa;18;Graubünden;64;58;129;204
2026-06-14;6870;Änderung des Bundesgesetzes über den zivilen Ersatzdienst (Zivildienstgesetz, ZDG);municipality;3810;Santa Maria in Calanca;18;Graubünden;25;27;56;103
2026-06-14;6870;Änderung des Bundesgesetzes über den zivilen Ersatzdienst (Zivildienstgesetz, ZDG);municipality;3821;Lostallo;18;Graubünden;173;136;328;612
2026-06-14;6870;Änderung des Bundesgesetzes über den zivilen Ersatzdienst (Zivildienstgesetz, ZDG);municipality;3822;Mesocco;18;Graubünden;336;267;641;1048
2026-06-14;6870;Änderung des Bundesgesetzes über den zivilen Ersatzdienst (Zivildienstgesetz, ZDG);municipality;3823;Soazza;18;Graubünden;91;53;151;249
2026-06-14;6870;Änderung des Bundesgesetzes über den zivilen Ersatzdienst (Zivildienstgesetz, ZDG);municipality;3831;Cama;18;Graubünden;118;81;211;446
2026-06-14;6870;Änderung des Bundesgesetzes über den zivilen Ersatzdienst (Zivildienstgesetz, ZDG);municipality;3832;Grono;18;Graubünden;294;213;538;972
2026-06-14;6870;Änderung des Bundesgesetzes über den zivilen Ersatzdienst (Zivildienstgesetz, ZDG);municipality;3834;Roveredo (GR);18;Graubünden;501;402;939;1675
2026-06-14;6870;Änderung des Bundesgesetzes über den zivilen Ersatzdienst (Zivildienstgesetz, ZDG);municipality;3835;San Vittore;18;Graubünden;218;139;373;620
2026-06-14;6870;Änderung des Bundesgesetzes über den zivilen Ersatzdienst (Zivildienstgesetz, ZDG);municipality;3837;Calanca;18;Graubünden;74;28;105;218
2026-06-14;6870;Änderung des Bundesgesetzes über den zivilen Ersatzdienst (Zivildienstgesetz, ZDG);municipality;3847;Val Müstair;18;Graubünden;423;277;704;1225
2026-06-14;6870;Änderung des Bundesgesetzes über den zivilen Ersatzdienst (Zivildienstgesetz, ZDG);municipality;3851;Davos;18;Graubünden;2422;1573;4094;6658
2026-06-14;6870;Änderung des Bundesgesetzes über den zivilen Ersatzdienst (Zivildienstgesetz, ZDG);municipality;3861;Fideris;18;Graubünden;147;130;285;479
2026-06-14;6870;Änderung des Bundesgesetzes über den zivilen Ersatzdienst (Zivildienstgesetz, ZDG);municipality;3862;Furna;18;Graubünden;75;22;100;156
2026-06-14;6870;Änderung des Bundesgesetzes über den zivilen Ersatzdienst (Zivildienstgesetz, ZDG);municipality;3863;Jenaz;18;Graubünden;274;206;500;897
2026-06-14;6870;Änderung des Bundesgesetzes über den zivilen Ersatzdienst (Zivildienstgesetz, ZDG);municipality;3871;Klosters;18;Graubünden;1262;707;2045;3273
2026-06-14;6870;Änderung des Bundesgesetzes über den zivilen Ersatzdienst (Zivildienstgesetz, ZDG);municipality;3881;Conters im Prättigau;18;Graubünden;65;43;108;191
2026-06-14;6870;Änderung des Bundesgesetzes über den zivilen Ersatzdienst (Zivildienstgesetz, ZDG);municipality;3882;Küblis;18;Graubünden;218;111;332;604
2026-06-14;6870;Änderung des Bundesgesetzes über den zivilen Ersatzdienst (Zivildienstgesetz, ZDG);municipality;3891;Luzein;18;Graubünden;463;358;835;1328
2026-06-14;6870;Änderung des Bundesgesetzes über den zivilen Ersatzdienst (Zivildienstgesetz, ZDG);municipality;3901;Chur;18;Graubünden;7755;6671;14820;26459
2026-06-14;6870;Änderung des Bundesgesetzes über den zivilen Ersatzdienst (Zivildienstgesetz, ZDG);municipality;3911;Churwalden;18;Graubünden;447;322;788;1348
2026-06-14;6870;Änderung des Bundesgesetzes über den zivilen Ersatzdienst (Zivildienstgesetz, ZDG);municipality;3921;Arosa;18;Graubünden;739;493;1257;2123
2026-06-14;6870;Änderung des Bundesgesetzes über den zivilen Ersatzdienst (Zivildienstgesetz, ZDG);municipality;3945;Trimmis;18;Graubünden;875;542;1447;2490
2026-06-14;6870;Änderung des Bundesgesetzes über den zivilen Ersatzdienst (Zivildienstgesetz, ZDG);municipality;3946;Untervaz;18;Graubünden;629;397;1053;1971
2026-06-14;6870;Änderung des Bundesgesetzes über den zivilen Ersatzdienst (Zivildienstgesetz, ZDG);municipality;3947;Zizers;18;Graubünden;863;539;1448;2684
2026-06-14;6870;Änderung des Bundesgesetzes über den zivilen Ersatzdienst (Zivildienstgesetz, ZDG);municipality;3951;Fläsch;18;Graubünden;287;119;422;664
2026-06-14;6870;Änderung des Bundesgesetzes über den zivilen Ersatzdienst (Zivildienstgesetz, ZDG);municipality;3952;Jenins;18;Graubünden;301;165;484;738
2026-06-14;6870;Änderung des Bundesgesetzes über den zivilen Ersatzdienst (Zivildienstgesetz, ZDG);municipality;3953;Maienfeld;18;Graubünden;999;565;1612;2562
2026-06-14;6870;Änderung des Bundesgesetzes über den zivilen Ersatzdienst (Zivildienstgesetz, ZDG);municipality;3954;Malans;18;Graubünden;690;560;1280;1922
2026-06-14;6870;Änderung des Bundesgesetzes über den zivilen Ersatzdienst (Zivildienstgesetz, ZDG);municipality;3955;Landquart;18;Graubünden;1843;1169;3080;5891
2026-06-14;6870;Änderung des Bundesgesetzes über den zivilen Ersatzdienst (Zivildienstgesetz, ZDG);municipality;3961;Grüsch;18;Graubünden;614;383;1016;1706
2026-06-14;6870;Änderung des Bundesgesetzes über den zivilen Ersatzdienst (Zivildienstgesetz, ZDG);municipality;3962;Schiers;18;Graubünden;640;408;1076;1984
2026-06-14;6870;Änderung des Bundesgesetzes über den zivilen Ersatzdienst (Zivildienstgesetz, ZDG);municipality;3972;Seewis im Prättigau;18;Graubünden;368;267;650;1091
2026-06-14;6870;Änderung des Bundesgesetzes über den zivilen Ersatzdienst (Zivildienstgesetz, ZDG);municipality;3981;Breil/Brigels;18;Graubünden;475;292;792;1397
2026-06-14;6870;Änderung des Bundesgesetzes über den zivilen Ersatzdienst (Zivildienstgesetz, ZDG);municipality;3982;Disentis/Mustér;18;Graubünden;573;322;920;1570
2026-06-14;6870;Änderung des Bundesgesetzes über den zivilen Ersatzdienst (Zivildienstgesetz, ZDG);municipality;3983;Medel (Lucmagn);18;Graubünden;102;49;159;299
2026-06-14;6870;Änderung des Bundesgesetzes über den zivilen Ersatzdienst (Zivildienstgesetz, ZDG);municipality;3985;Sumvitg;18;Graubünden;313;203;528;911
2026-06-14;6870;Änderung des Bundesgesetzes über den zivilen Ersatzdienst (Zivildienstgesetz, ZDG);municipality;3986;Tujetsch;18;Graubünden;350;192;564;976
2026-06-14;6870;Änderung des Bundesgesetzes über den zivilen Ersatzdienst (Zivildienstgesetz, ZDG);municipality;3987;Trun;18;Graubünden;300;143;454;878
2026-06-14;6870;Änderung des Bundesgesetzes über den zivilen Ersatzdienst (Zivildienstgesetz, ZDG);municipality;3988;Obersaxen Mundaun;18;Graubünden;363;193;568;950
2026-06-14;6870;Änderung des Bundesgesetzes über den zivilen Ersatzdienst (Zivildienstgesetz, ZDG);municipality;4001;Aarau;19;Aargau;4178;5352;9698;14657
2026-06-14;6870;Änderung des Bundesgesetzes über den zivilen Ersatzdienst (Zivildienstgesetz, ZDG);municipality;4002;Biberstein;19;Aargau;514;375;902;1239
2026-06-14;6870;Änderung des Bundesgesetzes über den zivilen Ersatzdienst (Zivildienstgesetz, ZDG);municipality;4003;Buchs (AG);19;Aargau;1238;1213;2493;4280
2026-06-14;6870;Änderung des Bundesgesetzes über den zivilen Ersatzdienst (Zivildienstgesetz, ZDG);municipality;4004;Densbüren;19;Aargau;209;134;348;561
2026-06-14;6870;Änderung des Bundesgesetzes über den zivilen Ersatzdienst (Zivildienstgesetz, ZDG);municipality;4005;Erlinsbach (AG);19;Aargau;1207;764;1989;3094
2026-06-14;6870;Änderung des Bundesgesetzes über den zivilen Ersatzdienst (Zivildienstgesetz, ZDG);municipality;4006;Gränichen;19;Aargau;1816;1315;3188;5262
2026-06-14;6870;Änderung des Bundesgesetzes über den zivilen Ersatzdienst (Zivildienstgesetz, ZDG);municipality;4007;Hirschthal;19;Aargau;480;320;811;1292
2026-06-14;6870;Änderung des Bundesgesetzes über den zivilen Ersatzdienst (Zivildienstgesetz, ZDG);municipality;4008;Küttigen;19;Aargau;1640;1576;3265;4792
2026-06-14;6870;Änderung des Bundesgesetzes über den zivilen Ersatzdienst (Zivildienstgesetz, ZDG);municipality;4009;Muhen;19;Aargau;1038;605;1671;2772
2026-06-14;6870;Änderung des Bundesgesetzes über den zivilen Ersatzdienst (Zivildienstgesetz, ZDG);municipality;4010;Oberentfelden;19;Aargau;1501;1036;2591;4709
2026-06-14;6870;Änderung des Bundesgesetzes über den zivilen Ersatzdienst (Zivildienstgesetz, ZDG);municipality;4012;Suhr;19;Aargau;1648;1780;3476;5920
2026-06-14;6870;Änderung des Bundesgesetzes über den zivilen Ersatzdienst (Zivildienstgesetz, ZDG);municipality;4013;Unterentfelden;19;Aargau;842;754;1616;2572
2026-06-14;6870;Änderung des Bundesgesetzes über den zivilen Ersatzdienst (Zivildienstgesetz, ZDG);municipality;4021;Baden;19;Aargau;3839;4989;8955;14111
2026-06-14;6870;Änderung des Bundesgesetzes über den zivilen Ersatzdienst (Zivildienstgesetz, ZDG);municipality;4022;Bellikon;19;Aargau;451;295;762;1145
2026-06-14;6870;Änderung des Bundesgesetzes über den zivilen Ersatzdienst (Zivildienstgesetz, ZDG);municipality;4023;Bergdietikon;19;Aargau;815;409;1242;1894
2026-06-14;6870;Änderung des Bundesgesetzes über den zivilen Ersatzdienst (Zivildienstgesetz, ZDG);municipality;4024;Birmenstorf (AG);19;Aargau;720;436;1175;1930
2026-06-14;6870;Änderung des Bundesgesetzes über den zivilen Ersatzdienst (Zivildienstgesetz, ZDG);municipality;4026;Ennetbaden;19;Aargau;791;960;1782;2452
2026-06-14;6870;Änderung des Bundesgesetzes über den zivilen Ersatzdienst (Zivildienstgesetz, ZDG);municipality;4027;Fislisbach;19;Aargau;1023;882;1946;3606
2026-06-14;6870;Änderung des Bundesgesetzes über den zivilen Ersatzdienst (Zivildienstgesetz, ZDG);municipality;4028;Freienwil;19;Aargau;273;258;534;780
2026-06-14;6870;Änderung des Bundesgesetzes über den zivilen Ersatzdienst (Zivildienstgesetz, ZDG);municipality;4029;Gebenstorf;19;Aargau;1079;806;1913;3365
2026-06-14;6870;Änderung des Bundesgesetzes über den zivilen Ersatzdienst (Zivildienstgesetz, ZDG);municipality;4030;Killwangen;19;Aargau;367;294;675;1320
2026-06-14;6870;Änderung des Bundesgesetzes über den zivilen Ersatzdienst (Zivildienstgesetz, ZDG);municipality;4031;Künten;19;Aargau;475;315;801;1278
2026-06-14;6870;Änderung des Bundesgesetzes über den zivilen Ersatzdienst (Zivildienstgesetz, ZDG);municipality;4032;Mägenwil;19;Aargau;418;329;751;1315
2026-06-14;6870;Änderung des Bundesgesetzes über den zivilen Ersatzdienst (Zivildienstgesetz, ZDG);municipality;4033;Mellingen;19;Aargau;995;762;1789;3340
2026-06-14;6870;Änderung des Bundesgesetzes über den zivilen Ersatzdienst (Zivildienstgesetz, ZDG);municipality;4034;Neuenhof;19;Aargau;894;746;1665;3654
2026-06-14;6870;Änderung des Bundesgesetzes über den zivilen Ersatzdienst (Zivildienstgesetz, ZDG);municipality;4035;Niederrohrdorf;19;Aargau;1126;836;1989;3101
2026-06-14;6870;Änderung des Bundesgesetzes über den zivilen Ersatzdienst (Zivildienstgesetz, ZDG);municipality;4037;Oberrohrdorf;19;Aargau;1140;718;1882;2766
2026-06-14;6870;Änderung des Bundesgesetzes über den zivilen Ersatzdienst (Zivildienstgesetz, ZDG);municipality;4038;Obersiggenthal;19;Aargau;1569;1414;3035;5009
2026-06-14;6870;Änderung des Bundesgesetzes über den zivilen Ersatzdienst (Zivildienstgesetz, ZDG);municipality;4039;Remetschwil;19;Aargau;571;358;943;1475
2026-06-14;6870;Änderung des Bundesgesetzes über den zivilen Ersatzdienst (Zivildienstgesetz, ZDG);municipality;4040;Spreitenbach;19;Aargau;1121;972;2145;5095
2026-06-14;6870;Änderung des Bundesgesetzes über den zivilen Ersatzdienst (Zivildienstgesetz, ZDG);municipality;4041;Stetten (AG);19;Aargau;507;306;825;1506
2026-06-14;6870;Änderung des Bundesgesetzes über den zivilen Ersatzdienst (Zivildienstgesetz, ZDG);municipality;4044;Untersiggenthal;19;Aargau;1469;1229;2738;4386
2026-06-14;6870;Änderung des Bundesgesetzes über den zivilen Ersatzdienst (Zivildienstgesetz, ZDG);municipality;4045;Wettingen;19;Aargau;3856;3857;7851;12584
2026-06-14;6870;Änderung des Bundesgesetzes über den zivilen Ersatzdienst (Zivildienstgesetz, ZDG);municipality;4046;Wohlenschwil;19;Aargau;389;271;674;1131
2026-06-14;6870;Änderung des Bundesgesetzes über den zivilen Ersatzdienst (Zivildienstgesetz, ZDG);municipality;4047;Würenlingen;19;Aargau;1145;674;1852;3071
2026-06-14;6870;Änderung des Bundesgesetzes über den zivilen Ersatzdienst (Zivildienstgesetz, ZDG);municipality;4048;Würenlos;19;Aargau;1645;1142;2839;4451
2026-06-14;6870;Änderung des Bundesgesetzes über den zivilen Ersatzdienst (Zivildienstgesetz, ZDG);municipality;4049;Ehrendingen;19;Aargau;1069;887;2002;3226
2026-06-14;6870;Änderung des Bundesgesetzes über den zivilen Ersatzdienst (Zivildienstgesetz, ZDG);municipality;4061;Arni (AG);19;Aargau;546;368;928;1350
2026-06-14;6870;Änderung des Bundesgesetzes über den zivilen Ersatzdienst (Zivildienstgesetz, ZDG);municipality;4062;Berikon;19;Aargau;1088;777;1894;3176
2026-06-14;6870;Änderung des Bundesgesetzes über den zivilen Ersatzdienst (Zivildienstgesetz, ZDG);municipality;4063;Bremgarten (AG);19;Aargau;1641;1562;3250;5625
2026-06-14;6870;Änderung des Bundesgesetzes über den zivilen Ersatzdienst (Zivildienstgesetz, ZDG);municipality;4064;Büttikon;19;Aargau;298;157;461;729
2026-06-14;6870;Änderung des Bundesgesetzes über den zivilen Ersatzdienst (Zivildienstgesetz, ZDG);municipality;4065;Dottikon;19;Aargau;674;451;1141;1997
2026-06-14;6870;Änderung des Bundesgesetzes über den zivilen Ersatzdienst (Zivildienstgesetz, ZDG);municipality;4066;Eggenwil;19;Aargau;238;187;431;696
2026-06-14;6870;Änderung des Bundesgesetzes über den zivilen Ersatzdienst (Zivildienstgesetz, ZDG);municipality;4067;Fischbach-Göslikon;19;Aargau;418;269;694;1201
2026-06-14;6870;Änderung des Bundesgesetzes über den zivilen Ersatzdienst (Zivildienstgesetz, ZDG);municipality;4068;Hägglingen;19;Aargau;686;449;1150;1829
2026-06-14;6870;Änderung des Bundesgesetzes über den zivilen Ersatzdienst (Zivildienstgesetz, ZDG);municipality;4071;Jonen;19;Aargau;592;428;1032;1572
2026-06-14;6870;Änderung des Bundesgesetzes über den zivilen Ersatzdienst (Zivildienstgesetz, ZDG);municipality;4072;Niederwil (AG);19;Aargau;719;443;1177;1942
2026-06-14;6870;Änderung des Bundesgesetzes über den zivilen Ersatzdienst (Zivildienstgesetz, ZDG);municipality;4073;Oberlunkhofen;19;Aargau;621;444;1088;1584
2026-06-14;6870;Änderung des Bundesgesetzes über den zivilen Ersatzdienst (Zivildienstgesetz, ZDG);municipality;4074;Oberwil-Lieli;19;Aargau;818;454;1298;1926
2026-06-14;6870;Änderung des Bundesgesetzes über den zivilen Ersatzdienst (Zivildienstgesetz, ZDG);municipality;4075;Rudolfstetten-Friedlisberg;19;Aargau;819;582;1427;2586
2026-06-14;6870;Änderung des Bundesgesetzes über den zivilen Ersatzdienst (Zivildienstgesetz, ZDG);municipality;4076;Sarmenstorf;19;Aargau;832;529;1374;2134
2026-06-14;6870;Änderung des Bundesgesetzes über den zivilen Ersatzdienst (Zivildienstgesetz, ZDG);municipality;4077;Tägerig;19;Aargau;351;213;582;989
2026-06-14;6870;Änderung des Bundesgesetzes über den zivilen Ersatzdienst (Zivildienstgesetz, ZDG);municipality;4078;Uezwil;19;Aargau;133;96;236;372
2026-06-14;6870;Änderung des Bundesgesetzes über den zivilen Ersatzdienst (Zivildienstgesetz, ZDG);municipality;4079;Unterlunkhofen;19;Aargau;434;321;769;1171
2026-06-14;6870;Änderung des Bundesgesetzes über den zivilen Ersatzdienst (Zivildienstgesetz, ZDG);municipality;4080;Villmergen;19;Aargau;1420;841;2300;4352
2026-06-14;6870;Änderung des Bundesgesetzes über den zivilen Ersatzdienst (Zivildienstgesetz, ZDG);municipality;4081;Widen;19;Aargau;1009;679;1707;2650
2026-06-14;6870;Änderung des Bundesgesetzes über den zivilen Ersatzdienst (Zivildienstgesetz, ZDG);municipality;4082;Wohlen (AG);19;Aargau;2553;2019;4625;8495
2026-06-14;6870;Änderung des Bundesgesetzes über den zivilen Ersatzdienst (Zivildienstgesetz, ZDG);municipality;4083;Zufikon;19;Aargau;1147;891;2075;3168
2026-06-14;6870;Änderung des Bundesgesetzes über den zivilen Ersatzdienst (Zivildienstgesetz, ZDG);municipality;4084;Islisberg;19;Aargau;213;122;337;467
2026-06-14;6870;Änderung des Bundesgesetzes über den zivilen Ersatzdienst (Zivildienstgesetz, ZDG);municipality;4091;Auenstein;19;Aargau;503;284;798;1249
2026-06-14;6870;Änderung des Bundesgesetzes über den zivilen Ersatzdienst (Zivildienstgesetz, ZDG);municipality;4092;Birr;19;Aargau;604;355;974;2081
2026-06-14;6870;Änderung des Bundesgesetzes über den zivilen Ersatzdienst (Zivildienstgesetz, ZDG);municipality;4093;Birrhard;19;Aargau;239;117;364;596
2026-06-14;6870;Änderung des Bundesgesetzes über den zivilen Ersatzdienst (Zivildienstgesetz, ZDG);municipality;4095;Brugg;19;Aargau;2774;2485;5336;8705
2026-06-14;6870;Änderung des Bundesgesetzes über den zivilen Ersatzdienst (Zivildienstgesetz, ZDG);municipality;4099;Habsburg;19;Aargau;156;83;239;316
2026-06-14;6870;Änderung des Bundesgesetzes über den zivilen Ersatzdienst (Zivildienstgesetz, ZDG);municipality;4100;Hausen (AG);19;Aargau;844;494;1369;2279
2026-06-14;6870;Änderung des Bundesgesetzes über den zivilen Ersatzdienst (Zivildienstgesetz, ZDG);municipality;4104;Lupfig;19;Aargau;844;471;1344;2244
2026-06-14;6870;Änderung des Bundesgesetzes über den zivilen Ersatzdienst (Zivildienstgesetz, ZDG);municipality;4105;Mandach;19;Aargau;103;58;164;231
2026-06-14;6870;Änderung des Bundesgesetzes über den zivilen Ersatzdienst (Zivildienstgesetz, ZDG);municipality;4106;Mönthal;19;Aargau;106;60;168;281
2026-06-14;6870;Änderung des Bundesgesetzes über den zivilen Ersatzdienst (Zivildienstgesetz, ZDG);municipality;4107;Mülligen;19;Aargau;243;182;427;722
2026-06-14;6870;Änderung des Bundesgesetzes über den zivilen Ersatzdienst (Zivildienstgesetz, ZDG);municipality;4110;Remigen;19;Aargau;360;195;564;900
2026-06-14;6870;Änderung des Bundesgesetzes über den zivilen Ersatzdienst (Zivildienstgesetz, ZDG);municipality;4111;Riniken;19;Aargau;361;250;625;974
2026-06-14;6870;Änderung des Bundesgesetzes über den zivilen Ersatzdienst (Zivildienstgesetz, ZDG);municipality;4112;Rüfenach;19;Aargau;246;159;410;600
2026-06-14;6870;Änderung des Bundesgesetzes über den zivilen Ersatzdienst (Zivildienstgesetz, ZDG);municipality;4117;Thalheim (AG);19;Aargau;299;188;496;704
2026-06-14;6870;Änderung des Bundesgesetzes über den zivilen Ersatzdienst (Zivildienstgesetz, ZDG);municipality;4120;Veltheim (AG);19;Aargau;355;258;621;1020
2026-06-14;6870;Änderung des Bundesgesetzes über den zivilen Ersatzdienst (Zivildienstgesetz, ZDG);municipality;4121;Villigen;19;Aargau;533;311;854;1398
2026-06-14;6870;Änderung des Bundesgesetzes über den zivilen Ersatzdienst (Zivildienstgesetz, ZDG);municipality;4123;Windisch;19;Aargau;1237;1557;2850;4699
2026-06-14;6870;Änderung des Bundesgesetzes über den zivilen Ersatzdienst (Zivildienstgesetz, ZDG);municipality;4124;Bözberg;19;Aargau;459;319;802;1225
2026-06-14;6870;Änderung des Bundesgesetzes über den zivilen Ersatzdienst (Zivildienstgesetz, ZDG);municipality;4125;Schinznach;19;Aargau;674;439;1124;1683
2026-06-14;6870;Änderung des Bundesgesetzes über den zivilen Ersatzdienst (Zivildienstgesetz, ZDG);municipality;4131;Beinwil am See;19;Aargau;857;709;1585;2505
2026-06-14;6870;Änderung des Bundesgesetzes über den zivilen Ersatzdienst (Zivildienstgesetz, ZDG);municipality;4132;Birrwil;19;Aargau;358;262;629;959
2026-06-14;6870;Änderung des Bundesgesetzes über den zivilen Ersatzdienst (Zivildienstgesetz, ZDG);municipality;4134;Dürrenäsch;19;Aargau;435;210;654;945
2026-06-14;6870;Änderung des Bundesgesetzes über den zivilen Ersatzdienst (Zivildienstgesetz, ZDG);municipality;4135;Gontenschwil;19;Aargau;591;331;939;1493
2026-06-14;6870;Änderung des Bundesgesetzes über den zivilen Ersatzdienst (Zivildienstgesetz, ZDG);municipality;4136;Holziken;19;Aargau;400;195;602;1100
2026-06-14;6870;Änderung des Bundesgesetzes über den zivilen Ersatzdienst (Zivildienstgesetz, ZDG);municipality;4137;Leimbach (AG);19;Aargau;133;89;229;366
2026-06-14;6870;Änderung des Bundesgesetzes über den zivilen Ersatzdienst (Zivildienstgesetz, ZDG);municipality;4138;Leutwil;19;Aargau;264;122;396;580
2026-06-14;6870;Änderung des Bundesgesetzes über den zivilen Ersatzdienst (Zivildienstgesetz, ZDG);municipality;4139;Menziken;19;Aargau;1328;835;2204;4243
2026-06-14;6870;Änderung des Bundesgesetzes über den zivilen Ersatzdienst (Zivildienstgesetz, ZDG);municipality;4140;Oberkulm;19;Aargau;702;422;1124;1821
2026-06-14;6870;Änderung des Bundesgesetzes über den zivilen Ersatzdienst (Zivildienstgesetz, ZDG);municipality;4141;Reinach (AG);19;Aargau;1367;895;2321;4529
2026-06-14;6870;Änderung des Bundesgesetzes über den zivilen Ersatzdienst (Zivildienstgesetz, ZDG);municipality;4142;Schlossrued;19;Aargau;253;146;406;638
2026-06-14;6870;Änderung des Bundesgesetzes über den zivilen Ersatzdienst (Zivildienstgesetz, ZDG);municipality;4143;Schmiedrued;19;Aargau;325;173;514;858
2026-06-14;6870;Änderung des Bundesgesetzes über den zivilen Ersatzdienst (Zivildienstgesetz, ZDG);municipality;4144;Schöftland;19;Aargau;1053;756;1836;3131
2026-06-14;6870;Änderung des Bundesgesetzes über den zivilen Ersatzdienst (Zivildienstgesetz, ZDG);municipality;4145;Teufenthal (AG);19;Aargau;328;244;584;1028
2026-06-14;6870;Änderung des Bundesgesetzes über den zivilen Ersatzdienst (Zivildienstgesetz, ZDG);municipality;4146;Unterkulm;19;Aargau;722;450;1190;2103
2026-06-14;6870;Änderung des Bundesgesetzes über den zivilen Ersatzdienst (Zivildienstgesetz, ZDG);municipality;4147;Zetzwil;19;Aargau;364;216;593;961
2026-06-14;6870;Änderung des Bundesgesetzes über den zivilen Ersatzdienst (Zivildienstgesetz, ZDG);municipality;4161;Eiken;19;Aargau;465;348;827;1540
2026-06-14;6870;Änderung des Bundesgesetzes über den zivilen Ersatzdienst (Zivildienstgesetz, ZDG);municipality;4163;Frick;19;Aargau;1150;919;2102;3660
2026-06-14;6870;Änderung des Bundesgesetzes über den zivilen Ersatzdienst (Zivildienstgesetz, ZDG);municipality;4164;Gansingen;19;Aargau;308;202;515;758
2026-06-14;6870;Änderung des Bundesgesetzes über den zivilen Ersatzdienst (Zivildienstgesetz, ZDG);municipality;4165;Gipf-Oberfrick;19;Aargau;985;730;1743;2647
2026-06-14;6870;Änderung des Bundesgesetzes über den zivilen Ersatzdienst (Zivildienstgesetz, ZDG);municipality;4169;Kaisten;19;Aargau;718;491;1226;1989
2026-06-14;6870;Änderung des Bundesgesetzes über den zivilen Ersatzdienst (Zivildienstgesetz, ZDG);municipality;4170;Laufenburg;19;Aargau;719;455;1193;2020
2026-06-14;6870;Änderung des Bundesgesetzes über den zivilen Ersatzdienst (Zivildienstgesetz, ZDG);municipality;4172;Münchwilen (AG);19;Aargau;208;124;335;596
2026-06-14;6870;Änderung des Bundesgesetzes über den zivilen Ersatzdienst (Zivildienstgesetz, ZDG);municipality;4173;Oberhof;19;Aargau;173;140;317;439
2026-06-14;6870;Änderung des Bundesgesetzes über den zivilen Ersatzdienst (Zivildienstgesetz, ZDG);municipality;4175;Oeschgen;19;Aargau;289;201;495;832
2026-06-14;6870;Änderung des Bundesgesetzes über den zivilen Ersatzdienst (Zivildienstgesetz, ZDG);municipality;4176;Schwaderloch;19;Aargau;139;79;218;411
2026-06-14;6870;Änderung des Bundesgesetzes über den zivilen Ersatzdienst (Zivildienstgesetz, ZDG);municipality;4177;Sisseln;19;Aargau;309;216;533;929
2026-06-14;6870;Änderung des Bundesgesetzes über den zivilen Ersatzdienst (Zivildienstgesetz, ZDG);municipality;4181;Wittnau;19;Aargau;432;253;697;1041
2026-06-14;6870;Änderung des Bundesgesetzes über den zivilen Ersatzdienst (Zivildienstgesetz, ZDG);municipality;4182;Wölflinswil;19;Aargau;305;219;539;818
2026-06-14;6870;Änderung des Bundesgesetzes über den zivilen Ersatzdienst (Zivildienstgesetz, ZDG);municipality;4183;Zeihen;19;Aargau;256;224;485;809
2026-06-14;6870;Änderung des Bundesgesetzes über den zivilen Ersatzdienst (Zivildienstgesetz, ZDG);municipality;4184;Mettauertal;19;Aargau;507;375;905;1433
2026-06-14;6870;Änderung des Bundesgesetzes über den zivilen Ersatzdienst (Zivildienstgesetz, ZDG);municipality;4185;Böztal;19;Aargau;703;428;1156;1892
2026-06-14;6870;Änderung des Bundesgesetzes über den zivilen Ersatzdienst (Zivildienstgesetz, ZDG);municipality;4186;Herznach-Ueken;19;Aargau;667;566;1258;1837
2026-06-14;6870;Änderung des Bundesgesetzes über den zivilen Ersatzdienst (Zivildienstgesetz, ZDG);municipality;4191;Ammerswil;19;Aargau;172;151;325;519
2026-06-14;6870;Änderung des Bundesgesetzes über den zivilen Ersatzdienst (Zivildienstgesetz, ZDG);municipality;4192;Boniswil;19;Aargau;459;316;793;1212
2026-06-14;6870;Änderung des Bundesgesetzes über den zivilen Ersatzdienst (Zivildienstgesetz, ZDG);municipality;4193;Brunegg;19;Aargau;178;96;278;529
2026-06-14;6870;Änderung des Bundesgesetzes über den zivilen Ersatzdienst (Zivildienstgesetz, ZDG);municipality;4194;Dintikon;19;Aargau;452;309;781;1369
2026-06-14;6870;Änderung des Bundesgesetzes über den zivilen Ersatzdienst (Zivildienstgesetz, ZDG);municipality;4195;Egliswil;19;Aargau;392;300;706;1171
2026-06-14;6870;Änderung des Bundesgesetzes über den zivilen Ersatzdienst (Zivildienstgesetz, ZDG);municipality;4196;Fahrwangen;19;Aargau;462;350;831;1501
2026-06-14;6870;Änderung des Bundesgesetzes über den zivilen Ersatzdienst (Zivildienstgesetz, ZDG);municipality;4197;Hallwil;19;Aargau;208;169;384;663
2026-06-14;6870;Änderung des Bundesgesetzes über den zivilen Ersatzdienst (Zivildienstgesetz, ZDG);municipality;4198;Hendschiken;19;Aargau;231;242;478;841
2026-06-14;6870;Änderung des Bundesgesetzes über den zivilen Ersatzdienst (Zivildienstgesetz, ZDG);municipality;4199;Holderbank (AG);19;Aargau;259;150;413;863
2026-06-14;6870;Änderung des Bundesgesetzes über den zivilen Ersatzdienst (Zivildienstgesetz, ZDG);municipality;4200;Hunzenschwil;19;Aargau;685;448;1153;2382
2026-06-14;6870;Änderung des Bundesgesetzes über den zivilen Ersatzdienst (Zivildienstgesetz, ZDG);municipality;4201;Lenzburg;19;Aargau;1940;2052;4060;6555
2026-06-14;6870;Änderung des Bundesgesetzes über den zivilen Ersatzdienst (Zivildienstgesetz, ZDG);municipality;4202;Meisterschwanden;19;Aargau;931;549;1498;2346
2026-06-14;6870;Änderung des Bundesgesetzes über den zivilen Ersatzdienst (Zivildienstgesetz, ZDG);municipality;4203;Möriken-Wildegg;19;Aargau;1167;748;1951;3088
2026-06-14;6870;Änderung des Bundesgesetzes über den zivilen Ersatzdienst (Zivildienstgesetz, ZDG);municipality;4204;Niederlenz;19;Aargau;802;756;1575;2755
2026-06-14;6870;Änderung des Bundesgesetzes über den zivilen Ersatzdienst (Zivildienstgesetz, ZDG);municipality;4205;Othmarsingen;19;Aargau;564;456;1038;1938
2026-06-14;6870;Änderung des Bundesgesetzes über den zivilen Ersatzdienst (Zivildienstgesetz, ZDG);municipality;4206;Rupperswil;19;Aargau;1277;825;2140;3701
2026-06-14;6870;Änderung des Bundesgesetzes über den zivilen Ersatzdienst (Zivildienstgesetz, ZDG);municipality;4207;Schafisheim;19;Aargau;694;506;1226;1977
2026-06-14;6870;Änderung des Bundesgesetzes über den zivilen Ersatzdienst (Zivildienstgesetz, ZDG);municipality;4208;Seengen;19;Aargau;1323;778;2119;3213
2026-06-14;6870;Änderung des Bundesgesetzes über den zivilen Ersatzdienst (Zivildienstgesetz, ZDG);municipality;4209;Seon;19;Aargau;1162;827;2019;3437
2026-06-14;6870;Änderung des Bundesgesetzes über den zivilen Ersatzdienst (Zivildienstgesetz, ZDG);municipality;4210;Staufen;19;Aargau;946;789;1757;2759
2026-06-14;6870;Änderung des Bundesgesetzes über den zivilen Ersatzdienst (Zivildienstgesetz, ZDG);municipality;4221;Abtwil;19;Aargau;268;171;441;717
2026-06-14;6870;Änderung des Bundesgesetzes über den zivilen Ersatzdienst (Zivildienstgesetz, ZDG);municipality;4222;Aristau;19;Aargau;378;252;644;1060
2026-06-14;6870;Änderung des Bundesgesetzes über den zivilen Ersatzdienst (Zivildienstgesetz, ZDG);municipality;4223;Auw;19;Aargau;529;346;880;1451
2026-06-14;6870;Änderung des Bundesgesetzes über den zivilen Ersatzdienst (Zivildienstgesetz, ZDG);municipality;4224;Beinwil (Freiamt);19;Aargau;381;190;577;883
2026-06-14;6870;Änderung des Bundesgesetzes über den zivilen Ersatzdienst (Zivildienstgesetz, ZDG);municipality;4226;Besenbüren;19;Aargau;177;128;310;488
2026-06-14;6870;Änderung des Bundesgesetzes über den zivilen Ersatzdienst (Zivildienstgesetz, ZDG);municipality;4227;Bettwil;19;Aargau;225;120;353;532
2026-06-14;6870;Änderung des Bundesgesetzes über den zivilen Ersatzdienst (Zivildienstgesetz, ZDG);municipality;4228;Boswil;19;Aargau;749;419;1186;2040
2026-06-14;6870;Änderung des Bundesgesetzes über den zivilen Ersatzdienst (Zivildienstgesetz, ZDG);municipality;4229;Bünzen;19;Aargau;290;225;522;814
2026-06-14;6870;Änderung des Bundesgesetzes über den zivilen Ersatzdienst (Zivildienstgesetz, ZDG);municipality;4230;Buttwil;19;Aargau;339;223;568;877
2026-06-14;6870;Änderung des Bundesgesetzes über den zivilen Ersatzdienst (Zivildienstgesetz, ZDG);municipality;4231;Dietwil;19;Aargau;362;223;597;971
2026-06-14;6870;Änderung des Bundesgesetzes über den zivilen Ersatzdienst (Zivildienstgesetz, ZDG);municipality;4232;Geltwil;19;Aargau;62;42;104;158
2026-06-14;6870;Änderung des Bundesgesetzes über den zivilen Ersatzdienst (Zivildienstgesetz, ZDG);municipality;4233;Kallern;19;Aargau;125;68;196;280
2026-06-14;6870;Änderung des Bundesgesetzes über den zivilen Ersatzdienst (Zivildienstgesetz, ZDG);municipality;4234;Merenschwand;19;Aargau;874;576;1472;2430
2026-06-14;6870;Änderung des Bundesgesetzes über den zivilen Ersatzdienst (Zivildienstgesetz, ZDG);municipality;4235;Mühlau;19;Aargau;330;182;518;865
2026-06-14;6870;Änderung des Bundesgesetzes über den zivilen Ersatzdienst (Zivildienstgesetz, ZDG);municipality;4236;Muri (AG);19;Aargau;1764;1398;3212;5500
2026-06-14;6870;Änderung des Bundesgesetzes über den zivilen Ersatzdienst (Zivildienstgesetz, ZDG);municipality;4237;Oberrüti;19;Aargau;351;251;613;1042
2026-06-14;6870;Änderung des Bundesgesetzes über den zivilen Ersatzdienst (Zivildienstgesetz, ZDG);municipality;4238;Rottenschwil;19;Aargau;283;167;456;724
2026-06-14;6870;Änderung des Bundesgesetzes über den zivilen Ersatzdienst (Zivildienstgesetz, ZDG);municipality;4239;Sins;19;Aargau;1054;644;1712;2887
2026-06-14;6870;Änderung des Bundesgesetzes über den zivilen Ersatzdienst (Zivildienstgesetz, ZDG);municipality;4240;Waltenschwil;19;Aargau;735;546;1293;2175
2026-06-14;6870;Änderung des Bundesgesetzes über den zivilen Ersatzdienst (Zivildienstgesetz, ZDG);municipality;4251;Hellikon;19;Aargau;256;133;397;613
2026-06-14;6870;Änderung des Bundesgesetzes über den zivilen Ersatzdienst (Zivildienstgesetz, ZDG);municipality;4252;Kaiseraugst;19;Aargau;893;772;1700;3359
2026-06-14;6870;Änderung des Bundesgesetzes über den zivilen Ersatzdienst (Zivildienstgesetz, ZDG);municipality;4253;Magden;19;Aargau;1010;769;1800;2639
2026-06-14;6870;Änderung des Bundesgesetzes über den zivilen Ersatzdienst (Zivildienstgesetz, ZDG);municipality;4254;Möhlin;19;Aargau;2047;1806;3925;6773
2026-06-14;6870;Änderung des Bundesgesetzes über den zivilen Ersatzdienst (Zivildienstgesetz, ZDG);municipality;4255;Mumpf;19;Aargau;231;171;410;829
2026-06-14;6870;Änderung des Bundesgesetzes über den zivilen Ersatzdienst (Zivildienstgesetz, ZDG);municipality;4256;Obermumpf;19;Aargau;212;165;384;715
2026-06-14;6870;Änderung des Bundesgesetzes über den zivilen Ersatzdienst (Zivildienstgesetz, ZDG);municipality;4257;Olsberg;19;Aargau;101;67;172;250
2026-06-14;6870;Änderung des Bundesgesetzes über den zivilen Ersatzdienst (Zivildienstgesetz, ZDG);municipality;4258;Rheinfelden;19;Aargau;2181;2063;4319;7711
2026-06-14;6870;Änderung des Bundesgesetzes über den zivilen Ersatzdienst (Zivildienstgesetz, ZDG);municipality;4259;Schupfart;19;Aargau;255;148;410;636
2026-06-14;6870;Änderung des Bundesgesetzes über den zivilen Ersatzdienst (Zivildienstgesetz, ZDG);municipality;4260;Stein (AG);19;Aargau;495;353;859;1677
2026-06-14;6870;Änderung des Bundesgesetzes über den zivilen Ersatzdienst (Zivildienstgesetz, ZDG);municipality;4261;Wallbach;19;Aargau;520;338;881;1392
2026-06-14;6870;Änderung des Bundesgesetzes über den zivilen Ersatzdienst (Zivildienstgesetz, ZDG);municipality;4262;Wegenstetten;19;Aargau;263;200;474;765
2026-06-14;6870;Änderung des Bundesgesetzes über den zivilen Ersatzdienst (Zivildienstgesetz, ZDG);municipality;4263;Zeiningen;19;Aargau;518;422;963;1676
2026-06-14;6870;Änderung des Bundesgesetzes über den zivilen Ersatzdienst (Zivildienstgesetz, ZDG);municipality;4264;Zuzgen;19;Aargau;179;155;340;608
2026-06-14;6870;Änderung des Bundesgesetzes über den zivilen Ersatzdienst (Zivildienstgesetz, ZDG);municipality;4271;Aarburg;19;Aargau;1035;933;2000;4079
2026-06-14;6870;Änderung des Bundesgesetzes über den zivilen Ersatzdienst (Zivildienstgesetz, ZDG);municipality;4273;Bottenwil;19;Aargau;233;137;380;619
2026-06-14;6870;Änderung des Bundesgesetzes über den zivilen Ersatzdienst (Zivildienstgesetz, ZDG);municipality;4274;Brittnau;19;Aargau;1026;735;1788;3067
2026-06-14;6870;Änderung des Bundesgesetzes über den zivilen Ersatzdienst (Zivildienstgesetz, ZDG);municipality;4275;Kirchleerau;19;Aargau;246;129;382;625
2026-06-14;6870;Änderung des Bundesgesetzes über den zivilen Ersatzdienst (Zivildienstgesetz, ZDG);municipality;4276;Kölliken;19;Aargau;941;753;1728;3081
2026-06-14;6870;Änderung des Bundesgesetzes über den zivilen Ersatzdienst (Zivildienstgesetz, ZDG);municipality;4277;Moosleerau;19;Aargau;238;144;387;655
2026-06-14;6870;Änderung des Bundesgesetzes über den zivilen Ersatzdienst (Zivildienstgesetz, ZDG);municipality;4279;Murgenthal;19;Aargau;606;480;1104;2025
2026-06-14;6870;Änderung des Bundesgesetzes über den zivilen Ersatzdienst (Zivildienstgesetz, ZDG);municipality;4280;Oftringen;19;Aargau;1948;1490;3486;7207
2026-06-14;6870;Änderung des Bundesgesetzes über den zivilen Ersatzdienst (Zivildienstgesetz, ZDG);municipality;4281;Reitnau;19;Aargau;443;289;735;1161
2026-06-14;6870;Änderung des Bundesgesetzes über den zivilen Ersatzdienst (Zivildienstgesetz, ZDG);municipality;4282;Rothrist;19;Aargau;1709;1171;2932;5848
2026-06-14;6870;Änderung des Bundesgesetzes über den zivilen Ersatzdienst (Zivildienstgesetz, ZDG);municipality;4283;Safenwil;19;Aargau;857;534;1419;2644
2026-06-14;6870;Änderung des Bundesgesetzes über den zivilen Ersatzdienst (Zivildienstgesetz, ZDG);municipality;4284;Staffelbach;19;Aargau;378;199;584;971
2026-06-14;6870;Änderung des Bundesgesetzes über den zivilen Ersatzdienst (Zivildienstgesetz, ZDG);municipality;4285;Strengelbach;19;Aargau;917;750;1691;2973
2026-06-14;6870;Änderung des Bundesgesetzes über den zivilen Ersatzdienst (Zivildienstgesetz, ZDG);municipality;4286;Uerkheim;19;Aargau;370;259;641;1075
2026-06-14;6870;Änderung des Bundesgesetzes über den zivilen Ersatzdienst (Zivildienstgesetz, ZDG);municipality;4287;Vordemwald;19;Aargau;538;346;899;1513
2026-06-14;6870;Änderung des Bundesgesetzes über den zivilen Ersatzdienst (Zivildienstgesetz, ZDG);municipality;4288;Wiliberg;19;Aargau;76;31;110;142
2026-06-14;6870;Änderung des Bundesgesetzes über den zivilen Ersatzdienst (Zivildienstgesetz, ZDG);municipality;4289;Zofingen;19;Aargau;2622;2638;5320;8428
2026-06-14;6870;Änderung des Bundesgesetzes über den zivilen Ersatzdienst (Zivildienstgesetz, ZDG);municipality;4303;Böttstein;19;Aargau;713;438;1180;2084
2026-06-14;6870;Änderung des Bundesgesetzes über den zivilen Ersatzdienst (Zivildienstgesetz, ZDG);municipality;4304;Döttingen;19;Aargau;628;481;1121;2060
2026-06-14;6870;Änderung des Bundesgesetzes über den zivilen Ersatzdienst (Zivildienstgesetz, ZDG);municipality;4305;Endingen;19;Aargau;663;480;1163;1798
2026-06-14;6870;Änderung des Bundesgesetzes über den zivilen Ersatzdienst (Zivildienstgesetz, ZDG);municipality;4306;Fisibach;19;Aargau;107;70;178;323
2026-06-14;6870;Änderung des Bundesgesetzes über den zivilen Ersatzdienst (Zivildienstgesetz, ZDG);municipality;4307;Full-Reuenthal;19;Aargau;234;161;398;648
2026-06-14;6870;Änderung des Bundesgesetzes über den zivilen Ersatzdienst (Zivildienstgesetz, ZDG);municipality;4309;Klingnau;19;Aargau;692;558;1268;2078
2026-06-14;6870;Änderung des Bundesgesetzes über den zivilen Ersatzdienst (Zivildienstgesetz, ZDG);municipality;4310;Koblenz;19;Aargau;221;180;406;778
2026-06-14;6870;Änderung des Bundesgesetzes über den zivilen Ersatzdienst (Zivildienstgesetz, ZDG);municipality;4311;Leibstadt;19;Aargau;304;124;434;765
2026-06-14;6870;Änderung des Bundesgesetzes über den zivilen Ersatzdienst (Zivildienstgesetz, ZDG);municipality;4312;Lengnau (AG);19;Aargau;768;479;1269;1979
2026-06-14;6870;Änderung des Bundesgesetzes über den zivilen Ersatzdienst (Zivildienstgesetz, ZDG);municipality;4313;Leuggern;19;Aargau;573;375;958;1457
2026-06-14;6870;Änderung des Bundesgesetzes über den zivilen Ersatzdienst (Zivildienstgesetz, ZDG);municipality;4314;Mellikon;19;Aargau;57;43;106;163
2026-06-14;6870;Änderung des Bundesgesetzes über den zivilen Ersatzdienst (Zivildienstgesetz, ZDG);municipality;4318;Schneisingen;19;Aargau;439;254;710;1119
2026-06-14;6870;Änderung des Bundesgesetzes über den zivilen Ersatzdienst (Zivildienstgesetz, ZDG);municipality;4319;Siglistorf;19;Aargau;206;120;329;531
2026-06-14;6870;Änderung des Bundesgesetzes über den zivilen Ersatzdienst (Zivildienstgesetz, ZDG);municipality;4320;Tegerfelden;19;Aargau;323;219;548;855
2026-06-14;6870;Änderung des Bundesgesetzes über den zivilen Ersatzdienst (Zivildienstgesetz, ZDG);municipality;4324;Zurzach;19;Aargau;1384;963;2380;4419
2026-06-14;6870;Änderung des Bundesgesetzes über den zivilen Ersatzdienst (Zivildienstgesetz, ZDG);municipality;4401;Arbon;20;Thurgau;2482;1831;4466;8584
2026-06-14;6870;Änderung des Bundesgesetzes über den zivilen Ersatzdienst (Zivildienstgesetz, ZDG);municipality;4406;Dozwil;20;Thurgau;210;119;342;465
2026-06-14;6870;Änderung des Bundesgesetzes über den zivilen Ersatzdienst (Zivildienstgesetz, ZDG);municipality;4411;Egnach;20;Thurgau;1371;734;2175;3469
2026-06-14;6870;Änderung des Bundesgesetzes über den zivilen Ersatzdienst (Zivildienstgesetz, ZDG);municipality;4416;Hefenhofen;20;Thurgau;341;185;545;899
2026-06-14;6870;Änderung des Bundesgesetzes über den zivilen Ersatzdienst (Zivildienstgesetz, ZDG);municipality;4421;Horn;20;Thurgau;827;427;1292;2175
2026-06-14;6870;Änderung des Bundesgesetzes über den zivilen Ersatzdienst (Zivildienstgesetz, ZDG);municipality;4426;Kesswil;20;Thurgau;261;173;453;663
2026-06-14;6870;Änderung des Bundesgesetzes über den zivilen Ersatzdienst (Zivildienstgesetz, ZDG);municipality;4431;Roggwil (TG);20;Thurgau;910;527;1481;2397
2026-06-14;6870;Änderung des Bundesgesetzes über den zivilen Ersatzdienst (Zivildienstgesetz, ZDG);municipality;4436;Romanshorn;20;Thurgau;1989;1557;3647;6453
2026-06-14;6870;Änderung des Bundesgesetzes über den zivilen Ersatzdienst (Zivildienstgesetz, ZDG);municipality;4441;Salmsach;20;Thurgau;228;215;460;877
2026-06-14;6870;Änderung des Bundesgesetzes über den zivilen Ersatzdienst (Zivildienstgesetz, ZDG);municipality;4446;Sommeri;20;Thurgau;163;110;283;437
2026-06-14;6870;Änderung des Bundesgesetzes über den zivilen Ersatzdienst (Zivildienstgesetz, ZDG);municipality;4451;Uttwil;20;Thurgau;521;303;847;1265
2026-06-14;6870;Änderung des Bundesgesetzes über den zivilen Ersatzdienst (Zivildienstgesetz, ZDG);municipality;4461;Amriswil;20;Thurgau;2478;1650;4233;8148
2026-06-14;6870;Änderung des Bundesgesetzes über den zivilen Ersatzdienst (Zivildienstgesetz, ZDG);municipality;4471;Bischofszell;20;Thurgau;1200;849;2104;3708
2026-06-14;6870;Änderung des Bundesgesetzes über den zivilen Ersatzdienst (Zivildienstgesetz, ZDG);municipality;4476;Erlen;20;Thurgau;777;452;1275;2216
2026-06-14;6870;Änderung des Bundesgesetzes über den zivilen Ersatzdienst (Zivildienstgesetz, ZDG);municipality;4486;Hauptwil-Gottshaus;20;Thurgau;533;329;886;1454
2026-06-14;6870;Änderung des Bundesgesetzes über den zivilen Ersatzdienst (Zivildienstgesetz, ZDG);municipality;4495;Hohentannen;20;Thurgau;213;112;329;489
2026-06-14;6870;Änderung des Bundesgesetzes über den zivilen Ersatzdienst (Zivildienstgesetz, ZDG);municipality;4501;Kradolf-Schönenberg;20;Thurgau;813;473;1328;2275
2026-06-14;6870;Änderung des Bundesgesetzes über den zivilen Ersatzdienst (Zivildienstgesetz, ZDG);municipality;4506;Sulgen;20;Thurgau;863;471;1370;2419
2026-06-14;6870;Änderung des Bundesgesetzes über den zivilen Ersatzdienst (Zivildienstgesetz, ZDG);municipality;4511;Zihlschlacht-Sitterdorf;20;Thurgau;669;366;1061;1715
2026-06-14;6870;Änderung des Bundesgesetzes über den zivilen Ersatzdienst (Zivildienstgesetz, ZDG);municipality;4536;Basadingen-Schlattingen;20;Thurgau;470;338;834;1272
2026-06-14;6870;Änderung des Bundesgesetzes über den zivilen Ersatzdienst (Zivildienstgesetz, ZDG);municipality;4545;Diessenhofen;20;Thurgau;731;479;1266;2150
2026-06-14;6870;Änderung des Bundesgesetzes über den zivilen Ersatzdienst (Zivildienstgesetz, ZDG);municipality;4546;Schlatt (TG);20;Thurgau;497;298;831;1280
2026-06-14;6870;Änderung des Bundesgesetzes über den zivilen Ersatzdienst (Zivildienstgesetz, ZDG);municipality;4551;Aadorf;20;Thurgau;2251;1528;3903;6442
2026-06-14;6870;Änderung des Bundesgesetzes über den zivilen Ersatzdienst (Zivildienstgesetz, ZDG);municipality;4561;Felben-Wellhausen;20;Thurgau;696;390;1133;2111
2026-06-14;6870;Änderung des Bundesgesetzes über den zivilen Ersatzdienst (Zivildienstgesetz, ZDG);municipality;4566;Frauenfeld;20;Thurgau;5450;4186;9960;16362
2026-06-14;6870;Änderung des Bundesgesetzes über den zivilen Ersatzdienst (Zivildienstgesetz, ZDG);municipality;4571;Gachnang;20;Thurgau;1070;693;1848;3158
2026-06-14;6870;Änderung des Bundesgesetzes über den zivilen Ersatzdienst (Zivildienstgesetz, ZDG);municipality;4590;Hüttlingen;20;Thurgau;239;148;404;609
2026-06-14;6870;Änderung des Bundesgesetzes über den zivilen Ersatzdienst (Zivildienstgesetz, ZDG);municipality;4591;Matzingen;20;Thurgau;595;385;1026;1914
2026-06-14;6870;Änderung des Bundesgesetzes über den zivilen Ersatzdienst (Zivildienstgesetz, ZDG);municipality;4601;Neunforn;20;Thurgau;372;180;577;848
2026-06-14;6870;Änderung des Bundesgesetzes über den zivilen Ersatzdienst (Zivildienstgesetz, ZDG);municipality;4606;Stettfurt;20;Thurgau;415;192;626;900
2026-06-14;6870;Änderung des Bundesgesetzes über den zivilen Ersatzdienst (Zivildienstgesetz, ZDG);municipality;4611;Thundorf;20;Thurgau;473;296;794;1255
2026-06-14;6870;Änderung des Bundesgesetzes über den zivilen Ersatzdienst (Zivildienstgesetz, ZDG);municipality;4616;Uesslingen-Buch;20;Thurgau;404;198;626;898
2026-06-14;6870;Änderung des Bundesgesetzes über den zivilen Ersatzdienst (Zivildienstgesetz, ZDG);municipality;4621;Warth-Weiningen;20;Thurgau;440;230;691;1064
2026-06-14;6870;Änderung des Bundesgesetzes über den zivilen Ersatzdienst (Zivildienstgesetz, ZDG);municipality;4641;Altnau;20;Thurgau;499;435;949;1438
2026-06-14;6870;Änderung des Bundesgesetzes über den zivilen Ersatzdienst (Zivildienstgesetz, ZDG);municipality;4643;Bottighofen;20;Thurgau;535;386;941;1415
2026-06-14;6870;Änderung des Bundesgesetzes über den zivilen Ersatzdienst (Zivildienstgesetz, ZDG);municipality;4646;Ermatingen;20;Thurgau;821;579;1457;2200
2026-06-14;6870;Änderung des Bundesgesetzes über den zivilen Ersatzdienst (Zivildienstgesetz, ZDG);municipality;4651;Gottlieben;20;Thurgau;71;50;123;169
2026-06-14;6870;Änderung des Bundesgesetzes über den zivilen Ersatzdienst (Zivildienstgesetz, ZDG);municipality;4656;Güttingen;20;Thurgau;412;318;758;1173
2026-06-14;6870;Änderung des Bundesgesetzes über den zivilen Ersatzdienst (Zivildienstgesetz, ZDG);municipality;4666;Kemmental;20;Thurgau;645;410;1112;1779
2026-06-14;6870;Änderung des Bundesgesetzes über den zivilen Ersatzdienst (Zivildienstgesetz, ZDG);municipality;4671;Kreuzlingen;20;Thurgau;2533;2274;4979;8483
2026-06-14;6870;Änderung des Bundesgesetzes über den zivilen Ersatzdienst (Zivildienstgesetz, ZDG);municipality;4681;Langrickenbach;20;Thurgau;399;239;658;989
2026-06-14;6870;Änderung des Bundesgesetzes über den zivilen Ersatzdienst (Zivildienstgesetz, ZDG);municipality;4683;Lengwil;20;Thurgau;364;260;645;1005
2026-06-14;6870;Änderung des Bundesgesetzes über den zivilen Ersatzdienst (Zivildienstgesetz, ZDG);municipality;4691;Münsterlingen;20;Thurgau;585;525;1148;1770
2026-06-14;6870;Änderung des Bundesgesetzes über den zivilen Ersatzdienst (Zivildienstgesetz, ZDG);municipality;4696;Tägerwilen;20;Thurgau;872;670;1625;2672
2026-06-14;6870;Änderung des Bundesgesetzes über den zivilen Ersatzdienst (Zivildienstgesetz, ZDG);municipality;4701;Wäldi;20;Thurgau;324;160;490;745
2026-06-14;6870;Änderung des Bundesgesetzes über den zivilen Ersatzdienst (Zivildienstgesetz, ZDG);municipality;4711;Affeltrangen;20;Thurgau;738;344;1126;1796
2026-06-14;6870;Änderung des Bundesgesetzes über den zivilen Ersatzdienst (Zivildienstgesetz, ZDG);municipality;4716;Bettwiesen;20;Thurgau;336;151;496;833
2026-06-14;6870;Änderung des Bundesgesetzes über den zivilen Ersatzdienst (Zivildienstgesetz, ZDG);municipality;4721;Bichelsee-Balterswil;20;Thurgau;793;452;1272;2112
2026-06-14;6870;Änderung des Bundesgesetzes über den zivilen Ersatzdienst (Zivildienstgesetz, ZDG);municipality;4723;Braunau;20;Thurgau;251;149;412;637
2026-06-14;6870;Änderung des Bundesgesetzes über den zivilen Ersatzdienst (Zivildienstgesetz, ZDG);municipality;4724;Eschlikon;20;Thurgau;1155;736;1956;3346
2026-06-14;6870;Änderung des Bundesgesetzes über den zivilen Ersatzdienst (Zivildienstgesetz, ZDG);municipality;4726;Fischingen;20;Thurgau;798;500;1342;2186
2026-06-14;6870;Änderung des Bundesgesetzes über den zivilen Ersatzdienst (Zivildienstgesetz, ZDG);municipality;4741;Lommis;20;Thurgau;357;222;593;932
2026-06-14;6870;Änderung des Bundesgesetzes über den zivilen Ersatzdienst (Zivildienstgesetz, ZDG);municipality;4746;Münchwilen (TG);20;Thurgau;1086;743;1877;3671
2026-06-14;6870;Änderung des Bundesgesetzes über den zivilen Ersatzdienst (Zivildienstgesetz, ZDG);municipality;4751;Rickenbach (TG);20;Thurgau;448;313;780;1512
2026-06-14;6870;Änderung des Bundesgesetzes über den zivilen Ersatzdienst (Zivildienstgesetz, ZDG);municipality;4756;Schönholzerswilen;20;Thurgau;268;136;405;610
2026-06-14;6870;Änderung des Bundesgesetzes über den zivilen Ersatzdienst (Zivildienstgesetz, ZDG);municipality;4761;Sirnach;20;Thurgau;1606;1011;2723;5118
2026-06-14;6870;Änderung des Bundesgesetzes über den zivilen Ersatzdienst (Zivildienstgesetz, ZDG);municipality;4776;Tobel-Tägerschen;20;Thurgau;394;242;674;1128
2026-06-14;6870;Änderung des Bundesgesetzes über den zivilen Ersatzdienst (Zivildienstgesetz, ZDG);municipality;4781;Wängi;20;Thurgau;1224;702;2024;3319
2026-06-14;6870;Änderung des Bundesgesetzes über den zivilen Ersatzdienst (Zivildienstgesetz, ZDG);municipality;4786;Wilen (TG);20;Thurgau;583;368;970;1623
2026-06-14;6870;Änderung des Bundesgesetzes über den zivilen Ersatzdienst (Zivildienstgesetz, ZDG);municipality;4791;Wuppenau;20;Thurgau;333;223;569;835
2026-06-14;6870;Änderung des Bundesgesetzes über den zivilen Ersatzdienst (Zivildienstgesetz, ZDG);municipality;4801;Berlingen;20;Thurgau;225;146;379;578
2026-06-14;6870;Änderung des Bundesgesetzes über den zivilen Ersatzdienst (Zivildienstgesetz, ZDG);municipality;4806;Eschenz;20;Thurgau;477;278;785;1267
2026-06-14;6870;Änderung des Bundesgesetzes über den zivilen Ersatzdienst (Zivildienstgesetz, ZDG);municipality;4811;Herdern;20;Thurgau;339;202;553;811
2026-06-14;6870;Änderung des Bundesgesetzes über den zivilen Ersatzdienst (Zivildienstgesetz, ZDG);municipality;4816;Homburg;20;Thurgau;475;245;743;1115
2026-06-14;6870;Änderung des Bundesgesetzes über den zivilen Ersatzdienst (Zivildienstgesetz, ZDG);municipality;4821;Hüttwilen;20;Thurgau;512;322;856;1246
2026-06-14;6870;Änderung des Bundesgesetzes über den zivilen Ersatzdienst (Zivildienstgesetz, ZDG);municipality;4826;Mammern;20;Thurgau;166;102;277;404
2026-06-14;6870;Änderung des Bundesgesetzes über den zivilen Ersatzdienst (Zivildienstgesetz, ZDG);municipality;4831;Müllheim;20;Thurgau;762;407;1207;2193
2026-06-14;6870;Änderung des Bundesgesetzes über den zivilen Ersatzdienst (Zivildienstgesetz, ZDG);municipality;4841;Pfyn;20;Thurgau;518;341;874;1516
2026-06-14;6870;Änderung des Bundesgesetzes über den zivilen Ersatzdienst (Zivildienstgesetz, ZDG);municipality;4846;Raperswilen;20;Thurgau;129;83;214;315
2026-06-14;6870;Änderung des Bundesgesetzes über den zivilen Ersatzdienst (Zivildienstgesetz, ZDG);municipality;4851;Salenstein;20;Thurgau;363;212;590;887
2026-06-14;6870;Änderung des Bundesgesetzes über den zivilen Ersatzdienst (Zivildienstgesetz, ZDG);municipality;4864;Steckborn;20;Thurgau;802;614;1471;2437
2026-06-14;6870;Änderung des Bundesgesetzes über den zivilen Ersatzdienst (Zivildienstgesetz, ZDG);municipality;4871;Wagenhausen;20;Thurgau;415;286;719;1132
2026-06-14;6870;Änderung des Bundesgesetzes über den zivilen Ersatzdienst (Zivildienstgesetz, ZDG);municipality;4881;Amlikon-Bissegg;20;Thurgau;405;248;667;1007
2026-06-14;6870;Änderung des Bundesgesetzes über den zivilen Ersatzdienst (Zivildienstgesetz, ZDG);municipality;4891;Berg (TG);20;Thurgau;934;546;1546;2472
2026-06-14;6870;Änderung des Bundesgesetzes über den zivilen Ersatzdienst (Zivildienstgesetz, ZDG);municipality;4901;Birwinken;20;Thurgau;385;248;647;997
2026-06-14;6870;Änderung des Bundesgesetzes über den zivilen Ersatzdienst (Zivildienstgesetz, ZDG);municipality;4911;Bürglen (TG);20;Thurgau;823;444;1309;2324
2026-06-14;6870;Änderung des Bundesgesetzes über den zivilen Ersatzdienst (Zivildienstgesetz, ZDG);municipality;4921;Bussnang;20;Thurgau;659;378;1068;1667
2026-06-14;6870;Änderung des Bundesgesetzes über den zivilen Ersatzdienst (Zivildienstgesetz, ZDG);municipality;4941;Märstetten;20;Thurgau;811;442;1279;2014
2026-06-14;6870;Änderung des Bundesgesetzes über den zivilen Ersatzdienst (Zivildienstgesetz, ZDG);municipality;4946;Weinfelden;20;Thurgau;2592;1912;4672;7705
2026-06-14;6870;Änderung des Bundesgesetzes über den zivilen Ersatzdienst (Zivildienstgesetz, ZDG);municipality;4951;Wigoltingen;20;Thurgau;643;403;1079;1710
2026-06-14;6870;Änderung des Bundesgesetzes über den zivilen Ersatzdienst (Zivildienstgesetz, ZDG);municipality;5001;Arbedo-Castione;21;Tessin;795;671;1528;3173
2026-06-14;6870;Änderung des Bundesgesetzes über den zivilen Ersatzdienst (Zivildienstgesetz, ZDG);municipality;5002;Bellinzona;21;Tessin;6509;6264;13230;28172
2026-06-14;6870;Änderung des Bundesgesetzes über den zivilen Ersatzdienst (Zivildienstgesetz, ZDG);municipality;5003;Cadenazzo;21;Tessin;348;276;642;1466
2026-06-14;6870;Änderung des Bundesgesetzes über den zivilen Ersatzdienst (Zivildienstgesetz, ZDG);municipality;5009;Isone;21;Tessin;116;52;179;311
2026-06-14;6870;Änderung des Bundesgesetzes über den zivilen Ersatzdienst (Zivildienstgesetz, ZDG);municipality;5010;Lumino;21;Tessin;348;291;669;1148
2026-06-14;6870;Änderung des Bundesgesetzes über den zivilen Ersatzdienst (Zivildienstgesetz, ZDG);municipality;5017;Sant'Antonino;21;Tessin;427;315;773;1632
2026-06-14;6870;Änderung des Bundesgesetzes über den zivilen Ersatzdienst (Zivildienstgesetz, ZDG);municipality;5048;Acquarossa;21;Tessin;366;260;643;1474
2026-06-14;6870;Änderung des Bundesgesetzes über den zivilen Ersatzdienst (Zivildienstgesetz, ZDG);municipality;5049;Blenio;21;Tessin;417;259;699;1464
2026-06-14;6870;Änderung des Bundesgesetzes über den zivilen Ersatzdienst (Zivildienstgesetz, ZDG);municipality;5050;Serravalle;21;Tessin;468;383;880;1932
2026-06-14;6870;Änderung des Bundesgesetzes über den zivilen Ersatzdienst (Zivildienstgesetz, ZDG);municipality;5061;Airolo;21;Tessin;401;161;573;968
2026-06-14;6870;Änderung des Bundesgesetzes über den zivilen Ersatzdienst (Zivildienstgesetz, ZDG);municipality;5063;Bedretto;21;Tessin;48;29;79;114
2026-06-14;6870;Änderung des Bundesgesetzes über den zivilen Ersatzdienst (Zivildienstgesetz, ZDG);municipality;5071;Dalpe;21;Tessin;53;36;93;161
2026-06-14;6870;Änderung des Bundesgesetzes über den zivilen Ersatzdienst (Zivildienstgesetz, ZDG);municipality;5072;Faido;21;Tessin;648;392;1075;2023
2026-06-14;6870;Änderung des Bundesgesetzes über den zivilen Ersatzdienst (Zivildienstgesetz, ZDG);municipality;5073;Giornico;21;Tessin;259;193;465;983
2026-06-14;6870;Änderung des Bundesgesetzes über den zivilen Ersatzdienst (Zivildienstgesetz, ZDG);municipality;5076;Personico;21;Tessin;85;57;148;234
2026-06-14;6870;Änderung des Bundesgesetzes über den zivilen Ersatzdienst (Zivildienstgesetz, ZDG);municipality;5077;Pollegio;21;Tessin;130;107;248;528
2026-06-14;6870;Änderung des Bundesgesetzes über den zivilen Ersatzdienst (Zivildienstgesetz, ZDG);municipality;5079;Quinto;21;Tessin;338;194;549;943
2026-06-14;6870;Änderung des Bundesgesetzes über den zivilen Ersatzdienst (Zivildienstgesetz, ZDG);municipality;5091;Ascona;21;Tessin;1082;804;1981;3531
2026-06-14;6870;Änderung des Bundesgesetzes über den zivilen Ersatzdienst (Zivildienstgesetz, ZDG);municipality;5096;Brione sopra Minusio;21;Tessin;111;72;188;328
2026-06-14;6870;Änderung des Bundesgesetzes über den zivilen Ersatzdienst (Zivildienstgesetz, ZDG);municipality;5097;Brissago;21;Tessin;356;267;643;1189
2026-06-14;6870;Änderung des Bundesgesetzes über den zivilen Ersatzdienst (Zivildienstgesetz, ZDG);municipality;5108;Gordola;21;Tessin;897;685;1638;3358
2026-06-14;6870;Änderung des Bundesgesetzes über den zivilen Ersatzdienst (Zivildienstgesetz, ZDG);municipality;5112;Lavertezzo;21;Tessin;159;183;357;726
2026-06-14;6870;Änderung des Bundesgesetzes über den zivilen Ersatzdienst (Zivildienstgesetz, ZDG);municipality;5113;Locarno;21;Tessin;2041;2169;4276;9411
2026-06-14;6870;Änderung des Bundesgesetzes über den zivilen Ersatzdienst (Zivildienstgesetz, ZDG);municipality;5115;Losone;21;Tessin;1111;929;2112;4325
2026-06-14;6870;Änderung des Bundesgesetzes über den zivilen Ersatzdienst (Zivildienstgesetz, ZDG);municipality;5117;Mergoscia;21;Tessin;35;62;100;163
2026-06-14;6870;Änderung des Bundesgesetzes über den zivilen Ersatzdienst (Zivildienstgesetz, ZDG);municipality;5118;Minusio;21;Tessin;1351;1243;2705;4910
2026-06-14;6870;Änderung des Bundesgesetzes über den zivilen Ersatzdienst (Zivildienstgesetz, ZDG);municipality;5120;Muralto;21;Tessin;488;378;885;1704
2026-06-14;6870;Änderung des Bundesgesetzes über den zivilen Ersatzdienst (Zivildienstgesetz, ZDG);municipality;5121;Orselina;21;Tessin;161;138;306;525
2026-06-14;6870;Änderung des Bundesgesetzes über den zivilen Ersatzdienst (Zivildienstgesetz, ZDG);municipality;5125;Ronco sopra Ascona;21;Tessin;130;91;227;383
2026-06-14;6870;Änderung des Bundesgesetzes über den zivilen Ersatzdienst (Zivildienstgesetz, ZDG);municipality;5131;Tenero-Contra;21;Tessin;541;504;1087;2164
2026-06-14;6870;Änderung des Bundesgesetzes über den zivilen Ersatzdienst (Zivildienstgesetz, ZDG);municipality;5136;Onsernone;21;Tessin;144;179;331;797
2026-06-14;6870;Änderung des Bundesgesetzes über den zivilen Ersatzdienst (Zivildienstgesetz, ZDG);municipality;5138;Cugnasco-Gerra;21;Tessin;507;521;1068;2062
2026-06-14;6870;Änderung des Bundesgesetzes über den zivilen Ersatzdienst (Zivildienstgesetz, ZDG);municipality;5141;Agno;21;Tessin;701;557;1283;2724
2026-06-14;6870;Änderung des Bundesgesetzes über den zivilen Ersatzdienst (Zivildienstgesetz, ZDG);municipality;5143;Aranno;21;Tessin;59;74;138;243
2026-06-14;6870;Änderung des Bundesgesetzes über den zivilen Ersatzdienst (Zivildienstgesetz, ZDG);municipality;5144;Arogno;21;Tessin;166;198;374;741
2026-06-14;6870;Änderung des Bundesgesetzes über den zivilen Ersatzdienst (Zivildienstgesetz, ZDG);municipality;5148;Bedano;21;Tessin;299;259;572;1051
2026-06-14;6870;Änderung des Bundesgesetzes über den zivilen Ersatzdienst (Zivildienstgesetz, ZDG);municipality;5151;Bioggio;21;Tessin;590;415;1028;1984
2026-06-14;6870;Änderung des Bundesgesetzes über den zivilen Ersatzdienst (Zivildienstgesetz, ZDG);municipality;5154;Bissone;21;Tessin;164;103;273;489
2026-06-14;6870;Änderung des Bundesgesetzes über den zivilen Ersatzdienst (Zivildienstgesetz, ZDG);municipality;5160;Brusino Arsizio;21;Tessin;115;87;211;353
2026-06-14;6870;Änderung des Bundesgesetzes über den zivilen Ersatzdienst (Zivildienstgesetz, ZDG);municipality;5161;Cademario;21;Tessin;182;116;316;558
2026-06-14;6870;Änderung des Bundesgesetzes über den zivilen Ersatzdienst (Zivildienstgesetz, ZDG);municipality;5162;Cadempino;21;Tessin;284;246;541;1009
2026-06-14;6870;Änderung des Bundesgesetzes über den zivilen Ersatzdienst (Zivildienstgesetz, ZDG);municipality;5167;Canobbio;21;Tessin;452;301;786;1474
2026-06-14;6870;Änderung des Bundesgesetzes über den zivilen Ersatzdienst (Zivildienstgesetz, ZDG);municipality;5171;Caslano;21;Tessin;797;679;1523;2814
2026-06-14;6870;Änderung des Bundesgesetzes über den zivilen Ersatzdienst (Zivildienstgesetz, ZDG);municipality;5176;Comano;21;Tessin;486;466;981;1577
2026-06-14;6870;Änderung des Bundesgesetzes über den zivilen Ersatzdienst (Zivildienstgesetz, ZDG);municipality;5180;Cureglia;21;Tessin;343;241;614;1056
2026-06-14;6870;Änderung des Bundesgesetzes über den zivilen Ersatzdienst (Zivildienstgesetz, ZDG);municipality;5186;Grancia;21;Tessin;70;59;134;287
2026-06-14;6870;Änderung des Bundesgesetzes über den zivilen Ersatzdienst (Zivildienstgesetz, ZDG);municipality;5187;Gravesano;21;Tessin;269;199;478;914
2026-06-14;6870;Änderung des Bundesgesetzes über den zivilen Ersatzdienst (Zivildienstgesetz, ZDG);municipality;5189;Lamone;21;Tessin;262;203;484;974
2026-06-14;6870;Änderung des Bundesgesetzes über den zivilen Ersatzdienst (Zivildienstgesetz, ZDG);municipality;5192;Lugano;21;Tessin;9045;7585;17098;34882
2026-06-14;6870;Änderung des Bundesgesetzes über den zivilen Ersatzdienst (Zivildienstgesetz, ZDG);municipality;5193;Magliaso;21;Tessin;296;304;616;1120
2026-06-14;6870;Änderung des Bundesgesetzes über den zivilen Ersatzdienst (Zivildienstgesetz, ZDG);municipality;5194;Manno;21;Tessin;290;198;519;895
2026-06-14;6870;Änderung des Bundesgesetzes über den zivilen Ersatzdienst (Zivildienstgesetz, ZDG);municipality;5196;Massagno;21;Tessin;868;782;1683;3433
2026-06-14;6870;Änderung des Bundesgesetzes über den zivilen Ersatzdienst (Zivildienstgesetz, ZDG);municipality;5198;Melide;21;Tessin;295;242;553;1003
2026-06-14;6870;Änderung des Bundesgesetzes über den zivilen Ersatzdienst (Zivildienstgesetz, ZDG);municipality;5199;Mezzovico-Vira;21;Tessin;343;197;559;990
2026-06-14;6870;Änderung des Bundesgesetzes über den zivilen Ersatzdienst (Zivildienstgesetz, ZDG);municipality;5203;Morcote;21;Tessin;145;78;225;376
2026-06-14;6870;Änderung des Bundesgesetzes über den zivilen Ersatzdienst (Zivildienstgesetz, ZDG);municipality;5205;Muzzano;21;Tessin;184;154;348;571
2026-06-14;6870;Änderung des Bundesgesetzes über den zivilen Ersatzdienst (Zivildienstgesetz, ZDG);municipality;5206;Neggio;21;Tessin;82;63;150;253
2026-06-14;6870;Änderung des Bundesgesetzes über den zivilen Ersatzdienst (Zivildienstgesetz, ZDG);municipality;5208;Origlio;21;Tessin;331;318;664;1073
2026-06-14;6870;Änderung des Bundesgesetzes über den zivilen Ersatzdienst (Zivildienstgesetz, ZDG);municipality;5210;Paradiso;21;Tessin;440;383;846;1781
2026-06-14;6870;Änderung des Bundesgesetzes über den zivilen Ersatzdienst (Zivildienstgesetz, ZDG);municipality;5212;Ponte Capriasca;21;Tessin;378;339;736;1328
2026-06-14;6870;Änderung des Bundesgesetzes über den zivilen Ersatzdienst (Zivildienstgesetz, ZDG);municipality;5214;Porza;21;Tessin;330;259;606;1093
2026-06-14;6870;Änderung des Bundesgesetzes über den zivilen Ersatzdienst (Zivildienstgesetz, ZDG);municipality;5216;Pura;21;Tessin;290;248;551;969
2026-06-14;6870;Änderung des Bundesgesetzes über den zivilen Ersatzdienst (Zivildienstgesetz, ZDG);municipality;5221;Savosa;21;Tessin;384;320;721;1358
2026-06-14;6870;Änderung des Bundesgesetzes über den zivilen Ersatzdienst (Zivildienstgesetz, ZDG);municipality;5225;Sorengo;21;Tessin;382;336;733;1247
2026-06-14;6870;Änderung des Bundesgesetzes über den zivilen Ersatzdienst (Zivildienstgesetz, ZDG);municipality;5226;Capriasca;21;Tessin;1333;1320;2739;5119
2026-06-14;6870;Änderung des Bundesgesetzes über den zivilen Ersatzdienst (Zivildienstgesetz, ZDG);municipality;5227;Torricella-Taverne;21;Tessin;498;409;931;1909
2026-06-14;6870;Änderung des Bundesgesetzes über den zivilen Ersatzdienst (Zivildienstgesetz, ZDG);municipality;5230;Vernate;21;Tessin;121;115;247;447
2026-06-14;6870;Änderung des Bundesgesetzes über den zivilen Ersatzdienst (Zivildienstgesetz, ZDG);municipality;5231;Vezia;21;Tessin;354;284;671;1260
2026-06-14;6870;Änderung des Bundesgesetzes über den zivilen Ersatzdienst (Zivildienstgesetz, ZDG);municipality;5233;Vico Morcote;21;Tessin;82;50;132;216
2026-06-14;6870;Änderung des Bundesgesetzes über den zivilen Ersatzdienst (Zivildienstgesetz, ZDG);municipality;5236;Collina d'Oro;21;Tessin;938;670;1639;2818
2026-06-14;6870;Änderung des Bundesgesetzes über den zivilen Ersatzdienst (Zivildienstgesetz, ZDG);municipality;5237;Alto Malcantone;21;Tessin;267;300;588;1144
2026-06-14;6870;Änderung des Bundesgesetzes über den zivilen Ersatzdienst (Zivildienstgesetz, ZDG);municipality;5238;Monteceneri;21;Tessin;998;583;1637;3224
2026-06-14;6870;Änderung des Bundesgesetzes über den zivilen Ersatzdienst (Zivildienstgesetz, ZDG);municipality;5239;Tresa;21;Tessin;582;531;1157;2275
2026-06-14;6870;Änderung des Bundesgesetzes über den zivilen Ersatzdienst (Zivildienstgesetz, ZDG);municipality;5240;Val Mara;21;Tessin;493;460;980;1852
2026-06-14;6870;Änderung des Bundesgesetzes über den zivilen Ersatzdienst (Zivildienstgesetz, ZDG);municipality;5242;Balerna;21;Tessin;533;503;1068;2211
2026-06-14;6870;Änderung des Bundesgesetzes über den zivilen Ersatzdienst (Zivildienstgesetz, ZDG);municipality;5249;Castel San Pietro;21;Tessin;480;463;974;1762
2026-06-14;6870;Änderung des Bundesgesetzes über den zivilen Ersatzdienst (Zivildienstgesetz, ZDG);municipality;5250;Chiasso;21;Tessin;988;829;1852;4175
2026-06-14;6870;Änderung des Bundesgesetzes über den zivilen Ersatzdienst (Zivildienstgesetz, ZDG);municipality;5251;Coldrerio;21;Tessin;560;453;1040;2103
2026-06-14;6870;Änderung des Bundesgesetzes über den zivilen Ersatzdienst (Zivildienstgesetz, ZDG);municipality;5254;Mendrisio;21;Tessin;2843;2472;5467;10517
2026-06-14;6870;Änderung des Bundesgesetzes über den zivilen Ersatzdienst (Zivildienstgesetz, ZDG);municipality;5257;Morbio Inferiore;21;Tessin;762;731;1556;2870
2026-06-14;6870;Änderung des Bundesgesetzes über den zivilen Ersatzdienst (Zivildienstgesetz, ZDG);municipality;5260;Novazzano;21;Tessin;525;382;928;1721
2026-06-14;6870;Änderung des Bundesgesetzes über den zivilen Ersatzdienst (Zivildienstgesetz, ZDG);municipality;5263;Riva San Vitale;21;Tessin;506;455;1008;1911
2026-06-14;6870;Änderung des Bundesgesetzes über den zivilen Ersatzdienst (Zivildienstgesetz, ZDG);municipality;5266;Stabio;21;Tessin;771;751;1565;3131
2026-06-14;6870;Änderung des Bundesgesetzes über den zivilen Ersatzdienst (Zivildienstgesetz, ZDG);municipality;5268;Vacallo;21;Tessin;585;506;1109;2192
2026-06-14;6870;Änderung des Bundesgesetzes über den zivilen Ersatzdienst (Zivildienstgesetz, ZDG);municipality;5269;Breggia;21;Tessin;419;369;808;1534
2026-06-14;6870;Änderung des Bundesgesetzes über den zivilen Ersatzdienst (Zivildienstgesetz, ZDG);municipality;5281;Biasca;21;Tessin;824;628;1494;3309
2026-06-14;6870;Änderung des Bundesgesetzes über den zivilen Ersatzdienst (Zivildienstgesetz, ZDG);municipality;5287;Riviera;21;Tessin;620;419;1089;2476
2026-06-14;6870;Änderung des Bundesgesetzes über den zivilen Ersatzdienst (Zivildienstgesetz, ZDG);municipality;5304;Bosco/Gurin;21;Tessin;15;9;24;46
2026-06-14;6870;Änderung des Bundesgesetzes über den zivilen Ersatzdienst (Zivildienstgesetz, ZDG);municipality;5307;Campo (Vallemaggia);21;Tessin;13;21;34;71
2026-06-14;6870;Änderung des Bundesgesetzes über den zivilen Ersatzdienst (Zivildienstgesetz, ZDG);municipality;5309;Cerentino;21;Tessin;12;10;24;46
2026-06-14;6870;Änderung des Bundesgesetzes über den zivilen Ersatzdienst (Zivildienstgesetz, ZDG);municipality;5310;Cevio;21;Tessin;185;189;391;807
2026-06-14;6870;Änderung des Bundesgesetzes über den zivilen Ersatzdienst (Zivildienstgesetz, ZDG);municipality;5315;Linescio;21;Tessin;20;5;25;38
2026-06-14;6870;Änderung des Bundesgesetzes über den zivilen Ersatzdienst (Zivildienstgesetz, ZDG);municipality;5317;Maggia;21;Tessin;514;373;923;1963
2026-06-14;6870;Änderung des Bundesgesetzes über den zivilen Ersatzdienst (Zivildienstgesetz, ZDG);municipality;5323;Lavizzara;21;Tessin;104;105;213;429
2026-06-14;6870;Änderung des Bundesgesetzes über den zivilen Ersatzdienst (Zivildienstgesetz, ZDG);municipality;5324;Avegno Gordevio;21;Tessin;258;335;621;1126
2026-06-14;6870;Änderung des Bundesgesetzes über den zivilen Ersatzdienst (Zivildienstgesetz, ZDG);municipality;5395;Lema;21;Tessin;507;533;1076;2149
2026-06-14;6870;Änderung des Bundesgesetzes über den zivilen Ersatzdienst (Zivildienstgesetz, ZDG);municipality;5396;Terre di Pedemonte;21;Tessin;571;565;1158;2105
2026-06-14;6870;Änderung des Bundesgesetzes über den zivilen Ersatzdienst (Zivildienstgesetz, ZDG);municipality;5397;Centovalli;21;Tessin;197;235;440;905
2026-06-14;6870;Änderung des Bundesgesetzes über den zivilen Ersatzdienst (Zivildienstgesetz, ZDG);municipality;5398;Gambarogno;21;Tessin;826;706;1589;3477
2026-06-14;6870;Änderung des Bundesgesetzes über den zivilen Ersatzdienst (Zivildienstgesetz, ZDG);municipality;5399;Verzasca;21;Tessin;146;146;305;675
2026-06-14;6870;Änderung des Bundesgesetzes über den zivilen Ersatzdienst (Zivildienstgesetz, ZDG);municipality;5401;Aigle;22;Waadt;1298;1289;2715;5438
2026-06-14;6870;Änderung des Bundesgesetzes über den zivilen Ersatzdienst (Zivildienstgesetz, ZDG);municipality;5402;Bex;22;Waadt;1039;1171;2280;4605
2026-06-14;6870;Änderung des Bundesgesetzes über den zivilen Ersatzdienst (Zivildienstgesetz, ZDG);municipality;5403;Chessel;22;Waadt;102;74;181;312
2026-06-14;6870;Änderung des Bundesgesetzes über den zivilen Ersatzdienst (Zivildienstgesetz, ZDG);municipality;5404;Corbeyrier;22;Waadt;96;108;209;348
2026-06-14;6870;Änderung des Bundesgesetzes über den zivilen Ersatzdienst (Zivildienstgesetz, ZDG);municipality;5405;Gryon;22;Waadt;261;241;518;886
2026-06-14;6870;Änderung des Bundesgesetzes über den zivilen Ersatzdienst (Zivildienstgesetz, ZDG);municipality;5406;Lavey-Morcles;22;Waadt;182;139;334;633
2026-06-14;6870;Änderung des Bundesgesetzes über den zivilen Ersatzdienst (Zivildienstgesetz, ZDG);municipality;5407;Leysin;22;Waadt;394;393;828;1510
2026-06-14;6870;Änderung des Bundesgesetzes über den zivilen Ersatzdienst (Zivildienstgesetz, ZDG);municipality;5408;Noville;22;Waadt;198;187;395;733
2026-06-14;6870;Änderung des Bundesgesetzes über den zivilen Ersatzdienst (Zivildienstgesetz, ZDG);municipality;5409;Ollon;22;Waadt;1377;1259;2728;4387
2026-06-14;6870;Änderung des Bundesgesetzes über den zivilen Ersatzdienst (Zivildienstgesetz, ZDG);municipality;5410;Ormont-Dessous;22;Waadt;273;180;465;815
2026-06-14;6870;Änderung des Bundesgesetzes über den zivilen Ersatzdienst (Zivildienstgesetz, ZDG);municipality;5411;Ormont-Dessus;22;Waadt;310;235;551;921
2026-06-14;6870;Änderung des Bundesgesetzes über den zivilen Ersatzdienst (Zivildienstgesetz, ZDG);municipality;5412;Rennaz;22;Waadt;129;109;249;507
2026-06-14;6870;Änderung des Bundesgesetzes über den zivilen Ersatzdienst (Zivildienstgesetz, ZDG);municipality;5413;Roche (VD);22;Waadt;234;200;455;998
2026-06-14;6870;Änderung des Bundesgesetzes über den zivilen Ersatzdienst (Zivildienstgesetz, ZDG);municipality;5414;Villeneuve (VD);22;Waadt;652;653;1350;2817
2026-06-14;6870;Änderung des Bundesgesetzes über den zivilen Ersatzdienst (Zivildienstgesetz, ZDG);municipality;5415;Yvorne;22;Waadt;205;177;393;814
2026-06-14;6870;Änderung des Bundesgesetzes über den zivilen Ersatzdienst (Zivildienstgesetz, ZDG);municipality;5422;Aubonne;22;Waadt;724;654;1441;2648
2026-06-14;6870;Änderung des Bundesgesetzes über den zivilen Ersatzdienst (Zivildienstgesetz, ZDG);municipality;5423;Ballens;22;Waadt;125;97;229;386
2026-06-14;6870;Änderung des Bundesgesetzes über den zivilen Ersatzdienst (Zivildienstgesetz, ZDG);municipality;5424;Berolle;22;Waadt;63;63;130;201
2026-06-14;6870;Änderung des Bundesgesetzes über den zivilen Ersatzdienst (Zivildienstgesetz, ZDG);municipality;5425;Bière;22;Waadt;285;185;472;900
2026-06-14;6870;Änderung des Bundesgesetzes über den zivilen Ersatzdienst (Zivildienstgesetz, ZDG);municipality;5426;Bougy-Villars;22;Waadt;115;79;201;297
2026-06-14;6870;Änderung des Bundesgesetzes über den zivilen Ersatzdienst (Zivildienstgesetz, ZDG);municipality;5427;Féchy;22;Waadt;168;161;336;518
2026-06-14;6870;Änderung des Bundesgesetzes über den zivilen Ersatzdienst (Zivildienstgesetz, ZDG);municipality;5428;Gimel;22;Waadt;342;309;673;1369
2026-06-14;6870;Änderung des Bundesgesetzes über den zivilen Ersatzdienst (Zivildienstgesetz, ZDG);municipality;5429;Longirod;22;Waadt;121;88;216;361
2026-06-14;6870;Änderung des Bundesgesetzes über den zivilen Ersatzdienst (Zivildienstgesetz, ZDG);municipality;5430;Marchissy;22;Waadt;112;90;210;334
2026-06-14;6870;Änderung des Bundesgesetzes über den zivilen Ersatzdienst (Zivildienstgesetz, ZDG);municipality;5431;Mollens (VD);22;Waadt;62;61;133;218
2026-06-14;6870;Änderung des Bundesgesetzes über den zivilen Ersatzdienst (Zivildienstgesetz, ZDG);municipality;5434;Saint-George;22;Waadt;190;194;389;677
2026-06-14;6870;Änderung des Bundesgesetzes über den zivilen Ersatzdienst (Zivildienstgesetz, ZDG);municipality;5435;Saint-Livres;22;Waadt;135;150;297;480
2026-06-14;6870;Änderung des Bundesgesetzes über den zivilen Ersatzdienst (Zivildienstgesetz, ZDG);municipality;5436;Saint-Oyens;22;Waadt;94;86;183;286
2026-06-14;6870;Änderung des Bundesgesetzes über den zivilen Ersatzdienst (Zivildienstgesetz, ZDG);municipality;5437;Saubraz;22;Waadt;59;80;141;258
2026-06-14;6870;Änderung des Bundesgesetzes über den zivilen Ersatzdienst (Zivildienstgesetz, ZDG);municipality;5451;Avenches;22;Waadt;593;495;1119;2308
2026-06-14;6870;Änderung des Bundesgesetzes über den zivilen Ersatzdienst (Zivildienstgesetz, ZDG);municipality;5456;Cudrefin;22;Waadt;404;261;681;1263
2026-06-14;6870;Änderung des Bundesgesetzes über den zivilen Ersatzdienst (Zivildienstgesetz, ZDG);municipality;5458;Faoug;22;Waadt;159;143;309;568
2026-06-14;6870;Änderung des Bundesgesetzes über den zivilen Ersatzdienst (Zivildienstgesetz, ZDG);municipality;5464;Vully-les-Lacs;22;Waadt;773;514;1320;2415
2026-06-14;6870;Änderung des Bundesgesetzes über den zivilen Ersatzdienst (Zivildienstgesetz, ZDG);municipality;5471;Bettens;22;Waadt;129;90;231;403
2026-06-14;6870;Änderung des Bundesgesetzes über den zivilen Ersatzdienst (Zivildienstgesetz, ZDG);municipality;5472;Bournens;22;Waadt;128;85;219;380
2026-06-14;6870;Änderung des Bundesgesetzes über den zivilen Ersatzdienst (Zivildienstgesetz, ZDG);municipality;5473;Boussens;22;Waadt;217;205;430;665
2026-06-14;6870;Änderung des Bundesgesetzes über den zivilen Ersatzdienst (Zivildienstgesetz, ZDG);municipality;5474;La Chaux (Cossonay);22;Waadt;76;79;160;309
2026-06-14;6870;Änderung des Bundesgesetzes über den zivilen Ersatzdienst (Zivildienstgesetz, ZDG);municipality;5475;Chavannes-le-Veyron;22;Waadt;45;33;80;108
2026-06-14;6870;Änderung des Bundesgesetzes über den zivilen Ersatzdienst (Zivildienstgesetz, ZDG);municipality;5476;Chevilly;22;Waadt;79;61;144;227
2026-06-14;6870;Änderung des Bundesgesetzes über den zivilen Ersatzdienst (Zivildienstgesetz, ZDG);municipality;5477;Cossonay;22;Waadt;743;859;1659;2963
2026-06-14;6870;Änderung des Bundesgesetzes über den zivilen Ersatzdienst (Zivildienstgesetz, ZDG);municipality;5479;Cuarnens;22;Waadt;119;90;215;366
2026-06-14;6870;Änderung des Bundesgesetzes über den zivilen Ersatzdienst (Zivildienstgesetz, ZDG);municipality;5480;Daillens;22;Waadt;200;214;424;702
2026-06-14;6870;Änderung des Bundesgesetzes über den zivilen Ersatzdienst (Zivildienstgesetz, ZDG);municipality;5481;Dizy;22;Waadt;37;61;103;161
2026-06-14;6870;Änderung des Bundesgesetzes über den zivilen Ersatzdienst (Zivildienstgesetz, ZDG);municipality;5482;Eclépens;22;Waadt;207;200;418;712
2026-06-14;6870;Änderung des Bundesgesetzes über den zivilen Ersatzdienst (Zivildienstgesetz, ZDG);municipality;5483;Ferreyres;22;Waadt;59;78;141;224
2026-06-14;6870;Änderung des Bundesgesetzes über den zivilen Ersatzdienst (Zivildienstgesetz, ZDG);municipality;5484;Gollion;22;Waadt;206;200;415;695
2026-06-14;6870;Änderung des Bundesgesetzes über den zivilen Ersatzdienst (Zivildienstgesetz, ZDG);municipality;5485;Grancy;22;Waadt;109;80;192;333
2026-06-14;6870;Änderung des Bundesgesetzes über den zivilen Ersatzdienst (Zivildienstgesetz, ZDG);municipality;5486;L'Isle;22;Waadt;217;203;429;762
2026-06-14;6870;Änderung des Bundesgesetzes über den zivilen Ersatzdienst (Zivildienstgesetz, ZDG);municipality;5487;Lussery-Villars;22;Waadt;74;90;170;320
2026-06-14;6870;Änderung des Bundesgesetzes über den zivilen Ersatzdienst (Zivildienstgesetz, ZDG);municipality;5488;Mauraz;22;Waadt;16;16;34;44
2026-06-14;6870;Änderung des Bundesgesetzes über den zivilen Ersatzdienst (Zivildienstgesetz, ZDG);municipality;5489;Mex (VD);22;Waadt;152;108;265;498
2026-06-14;6870;Änderung des Bundesgesetzes über den zivilen Ersatzdienst (Zivildienstgesetz, ZDG);municipality;5490;Moiry;22;Waadt;51;85;137;212
2026-06-14;6870;Änderung des Bundesgesetzes über den zivilen Ersatzdienst (Zivildienstgesetz, ZDG);municipality;5491;Mont-la-Ville;22;Waadt;101;93;199;337
2026-06-14;6870;Änderung des Bundesgesetzes über den zivilen Ersatzdienst (Zivildienstgesetz, ZDG);municipality;5492;Montricher;22;Waadt;225;175;405;649
2026-06-14;6870;Änderung des Bundesgesetzes über den zivilen Ersatzdienst (Zivildienstgesetz, ZDG);municipality;5493;Orny;22;Waadt;80;108;192;342
2026-06-14;6870;Änderung des Bundesgesetzes über den zivilen Ersatzdienst (Zivildienstgesetz, ZDG);municipality;5495;Penthalaz;22;Waadt;470;457;960;1843
2026-06-14;6870;Änderung des Bundesgesetzes über den zivilen Ersatzdienst (Zivildienstgesetz, ZDG);municipality;5496;Penthaz;22;Waadt;280;280;582;1120
2026-06-14;6870;Änderung des Bundesgesetzes über den zivilen Ersatzdienst (Zivildienstgesetz, ZDG);municipality;5497;Pompaples;22;Waadt;146;138;291;526
2026-06-14;6870;Änderung des Bundesgesetzes über den zivilen Ersatzdienst (Zivildienstgesetz, ZDG);municipality;5498;La Sarraz;22;Waadt;303;431;750;1480
2026-06-14;6870;Änderung des Bundesgesetzes über den zivilen Ersatzdienst (Zivildienstgesetz, ZDG);municipality;5499;Senarclens;22;Waadt;111;74;191;330
2026-06-14;6870;Änderung des Bundesgesetzes über den zivilen Ersatzdienst (Zivildienstgesetz, ZDG);municipality;5501;Sullens;22;Waadt;264;198;474;787
2026-06-14;6870;Änderung des Bundesgesetzes über den zivilen Ersatzdienst (Zivildienstgesetz, ZDG);municipality;5503;Vufflens-la-Ville;22;Waadt;292;285;593;898
2026-06-14;6870;Änderung des Bundesgesetzes über den zivilen Ersatzdienst (Zivildienstgesetz, ZDG);municipality;5511;Assens;22;Waadt;381;264;658;1156
2026-06-14;6870;Änderung des Bundesgesetzes über den zivilen Ersatzdienst (Zivildienstgesetz, ZDG);municipality;5512;Bercher;22;Waadt;263;230;510;892
2026-06-14;6870;Änderung des Bundesgesetzes über den zivilen Ersatzdienst (Zivildienstgesetz, ZDG);municipality;5514;Bottens;22;Waadt;256;212;480;857
2026-06-14;6870;Änderung des Bundesgesetzes über den zivilen Ersatzdienst (Zivildienstgesetz, ZDG);municipality;5515;Bretigny-sur-Morrens;22;Waadt;155;169;331;559
2026-06-14;6870;Änderung des Bundesgesetzes über den zivilen Ersatzdienst (Zivildienstgesetz, ZDG);municipality;5516;Cugy (VD);22;Waadt;471;501;999;1715
2026-06-14;6870;Änderung des Bundesgesetzes über den zivilen Ersatzdienst (Zivildienstgesetz, ZDG);municipality;5518;Echallens;22;Waadt;1008;1118;2216;4081
2026-06-14;6870;Änderung des Bundesgesetzes über den zivilen Ersatzdienst (Zivildienstgesetz, ZDG);municipality;5520;Essertines-sur-Yverdon;22;Waadt;200;165;374;744
2026-06-14;6870;Änderung des Bundesgesetzes über den zivilen Ersatzdienst (Zivildienstgesetz, ZDG);municipality;5521;Etagnières;22;Waadt;197;235;445;732
2026-06-14;6870;Änderung des Bundesgesetzes über den zivilen Ersatzdienst (Zivildienstgesetz, ZDG);municipality;5522;Fey;22;Waadt;142;149;299;530
2026-06-14;6870;Änderung des Bundesgesetzes über den zivilen Ersatzdienst (Zivildienstgesetz, ZDG);municipality;5523;Froideville;22;Waadt;516;506;1057;1709
2026-06-14;6870;Änderung des Bundesgesetzes über den zivilen Ersatzdienst (Zivildienstgesetz, ZDG);municipality;5527;Morrens (VD);22;Waadt;225;238;469;759
2026-06-14;6870;Änderung des Bundesgesetzes über den zivilen Ersatzdienst (Zivildienstgesetz, ZDG);municipality;5529;Oulens-sous-Echallens;22;Waadt;144;127;285;421
2026-06-14;6870;Änderung des Bundesgesetzes über den zivilen Ersatzdienst (Zivildienstgesetz, ZDG);municipality;5530;Pailly;22;Waadt;152;91;250;387
2026-06-14;6870;Änderung des Bundesgesetzes über den zivilen Ersatzdienst (Zivildienstgesetz, ZDG);municipality;5531;Penthéréaz;22;Waadt;98;83;187;325
2026-06-14;6870;Änderung des Bundesgesetzes über den zivilen Ersatzdienst (Zivildienstgesetz, ZDG);municipality;5533;Poliez-Pittet;22;Waadt;180;114;300;524
2026-06-14;6870;Änderung des Bundesgesetzes über den zivilen Ersatzdienst (Zivildienstgesetz, ZDG);municipality;5534;Rueyres;22;Waadt;84;61;149;212
2026-06-14;6870;Änderung des Bundesgesetzes über den zivilen Ersatzdienst (Zivildienstgesetz, ZDG);municipality;5535;Saint-Barthélemy (VD);22;Waadt;170;159;342;538
2026-06-14;6870;Änderung des Bundesgesetzes über den zivilen Ersatzdienst (Zivildienstgesetz, ZDG);municipality;5537;Villars-le-Terroir;22;Waadt;284;197;497;886
2026-06-14;6870;Änderung des Bundesgesetzes über den zivilen Ersatzdienst (Zivildienstgesetz, ZDG);municipality;5539;Vuarrens;22;Waadt;247;144;406;710
2026-06-14;6870;Änderung des Bundesgesetzes über den zivilen Ersatzdienst (Zivildienstgesetz, ZDG);municipality;5540;Montilliez;22;Waadt;414;294;727;1291
2026-06-14;6870;Änderung des Bundesgesetzes über den zivilen Ersatzdienst (Zivildienstgesetz, ZDG);municipality;5541;Goumoëns;22;Waadt;273;199;488;814
2026-06-14;6870;Änderung des Bundesgesetzes über den zivilen Ersatzdienst (Zivildienstgesetz, ZDG);municipality;5551;Bonvillars;22;Waadt;122;109;239;385
2026-06-14;6870;Änderung des Bundesgesetzes über den zivilen Ersatzdienst (Zivildienstgesetz, ZDG);municipality;5552;Bullet;22;Waadt;211;119;344;532
2026-06-14;6870;Änderung des Bundesgesetzes über den zivilen Ersatzdienst (Zivildienstgesetz, ZDG);municipality;5553;Champagne;22;Waadt;180;189;375;720
2026-06-14;6870;Änderung des Bundesgesetzes über den zivilen Ersatzdienst (Zivildienstgesetz, ZDG);municipality;5554;Concise;22;Waadt;173;191;379;660
2026-06-14;6870;Änderung des Bundesgesetzes über den zivilen Ersatzdienst (Zivildienstgesetz, ZDG);municipality;5555;Corcelles-près-Concise;22;Waadt;66;76;146;299
2026-06-14;6870;Änderung des Bundesgesetzes über den zivilen Ersatzdienst (Zivildienstgesetz, ZDG);municipality;5556;Fiez;22;Waadt;78;95;176;308
2026-06-14;6870;Änderung des Bundesgesetzes über den zivilen Ersatzdienst (Zivildienstgesetz, ZDG);municipality;5557;Fontaines-sur-Grandson;22;Waadt;46;30;78;155
2026-06-14;6870;Änderung des Bundesgesetzes über den zivilen Ersatzdienst (Zivildienstgesetz, ZDG);municipality;5559;Giez;22;Waadt;95;93;192;313
2026-06-14;6870;Änderung des Bundesgesetzes über den zivilen Ersatzdienst (Zivildienstgesetz, ZDG);municipality;5560;Grandevent;22;Waadt;47;56;107;157
2026-06-14;6870;Änderung des Bundesgesetzes über den zivilen Ersatzdienst (Zivildienstgesetz, ZDG);municipality;5561;Grandson;22;Waadt;547;561;1141;2194
2026-06-14;6870;Änderung des Bundesgesetzes über den zivilen Ersatzdienst (Zivildienstgesetz, ZDG);municipality;5562;Mauborget;22;Waadt;35;33;70;96
2026-06-14;6870;Änderung des Bundesgesetzes über den zivilen Ersatzdienst (Zivildienstgesetz, ZDG);municipality;5563;Mutrux;22;Waadt;28;17;45;94
2026-06-14;6870;Änderung des Bundesgesetzes über den zivilen Ersatzdienst (Zivildienstgesetz, ZDG);municipality;5564;Novalles;22;Waadt;24;26;56;76
2026-06-14;6870;Änderung des Bundesgesetzes über den zivilen Ersatzdienst (Zivildienstgesetz, ZDG);municipality;5565;Onnens (VD);22;Waadt;117;103;230;369
2026-06-14;6870;Änderung des Bundesgesetzes über den zivilen Ersatzdienst (Zivildienstgesetz, ZDG);municipality;5566;Provence;22;Waadt;97;72;171;309
2026-06-14;6870;Änderung des Bundesgesetzes über den zivilen Ersatzdienst (Zivildienstgesetz, ZDG);municipality;5568;Sainte-Croix;22;Waadt;825;839;1743;3806
2026-06-14;6870;Änderung des Bundesgesetzes über den zivilen Ersatzdienst (Zivildienstgesetz, ZDG);municipality;5571;Tévenon;22;Waadt;153;195;353;583
2026-06-14;6870;Änderung des Bundesgesetzes über den zivilen Ersatzdienst (Zivildienstgesetz, ZDG);municipality;5581;Belmont-sur-Lausanne;22;Waadt;660;753;1452;2352
2026-06-14;6870;Änderung des Bundesgesetzes über den zivilen Ersatzdienst (Zivildienstgesetz, ZDG);municipality;5582;Cheseaux-sur-Lausanne;22;Waadt;729;834;1615;2942
2026-06-14;6870;Änderung des Bundesgesetzes über den zivilen Ersatzdienst (Zivildienstgesetz, ZDG);municipality;5583;Crissier;22;Waadt;941;1266;2281;4934
2026-06-14;6870;Änderung des Bundesgesetzes über den zivilen Ersatzdienst (Zivildienstgesetz, ZDG);municipality;5584;Epalinges;22;Waadt;1481;1839;3406;5523
2026-06-14;6870;Änderung des Bundesgesetzes über den zivilen Ersatzdienst (Zivildienstgesetz, ZDG);municipality;5585;Jouxtens-Mézery;22;Waadt;304;361;685;955
2026-06-14;6870;Änderung des Bundesgesetzes über den zivilen Ersatzdienst (Zivildienstgesetz, ZDG);municipality;5586;Lausanne;22;Waadt;10626;24000;35674;67952
2026-06-14;6870;Änderung des Bundesgesetzes über den zivilen Ersatzdienst (Zivildienstgesetz, ZDG);municipality;5587;Le Mont-sur-Lausanne;22;Waadt;1371;1512;2986;5381
2026-06-14;6870;Änderung des Bundesgesetzes über den zivilen Ersatzdienst (Zivildienstgesetz, ZDG);municipality;5588;Paudex;22;Waadt;231;240;483;820
2026-06-14;6870;Änderung des Bundesgesetzes über den zivilen Ersatzdienst (Zivildienstgesetz, ZDG);municipality;5589;Prilly;22;Waadt;1119;1820;3066;6009
2026-06-14;6870;Änderung des Bundesgesetzes über den zivilen Ersatzdienst (Zivildienstgesetz, ZDG);municipality;5590;Pully;22;Waadt;2977;3630;6834;10902
2026-06-14;6870;Änderung des Bundesgesetzes über den zivilen Ersatzdienst (Zivildienstgesetz, ZDG);municipality;5591;Renens (VD);22;Waadt;1329;2435;3886;8827
2026-06-14;6870;Änderung des Bundesgesetzes über den zivilen Ersatzdienst (Zivildienstgesetz, ZDG);municipality;5592;Romanel-sur-Lausanne;22;Waadt;614;660;1312;2442
2026-06-14;6870;Änderung des Bundesgesetzes über den zivilen Ersatzdienst (Zivildienstgesetz, ZDG);municipality;5601;Chexbres;22;Waadt;378;415;820;1430
2026-06-14;6870;Änderung des Bundesgesetzes über den zivilen Ersatzdienst (Zivildienstgesetz, ZDG);municipality;5604;Forel (Lavaux);22;Waadt;422;366;813;1337
2026-06-14;6870;Änderung des Bundesgesetzes über den zivilen Ersatzdienst (Zivildienstgesetz, ZDG);municipality;5606;Lutry;22;Waadt;1972;1821;3903;6481
2026-06-14;6870;Änderung des Bundesgesetzes über den zivilen Ersatzdienst (Zivildienstgesetz, ZDG);municipality;5607;Puidoux;22;Waadt;485;453;965;1660
2026-06-14;6870;Änderung des Bundesgesetzes über den zivilen Ersatzdienst (Zivildienstgesetz, ZDG);municipality;5609;Rivaz;22;Waadt;81;81;165;240
2026-06-14;6870;Änderung des Bundesgesetzes über den zivilen Ersatzdienst (Zivildienstgesetz, ZDG);municipality;5610;Saint-Saphorin (Lavaux);22;Waadt;76;107;188;276
2026-06-14;6870;Änderung des Bundesgesetzes über den zivilen Ersatzdienst (Zivildienstgesetz, ZDG);municipality;5611;Savigny;22;Waadt;661;676;1365;2212
2026-06-14;6870;Änderung des Bundesgesetzes über den zivilen Ersatzdienst (Zivildienstgesetz, ZDG);municipality;5613;Bourg-en-Lavaux;22;Waadt;1019;1266;2355;3615
2026-06-14;6870;Änderung des Bundesgesetzes über den zivilen Ersatzdienst (Zivildienstgesetz, ZDG);municipality;5621;Aclens;22;Waadt;108;93;208;361
2026-06-14;6870;Änderung des Bundesgesetzes über den zivilen Ersatzdienst (Zivildienstgesetz, ZDG);municipality;5622;Bremblens;22;Waadt;121;133;259;401
2026-06-14;6870;Änderung des Bundesgesetzes über den zivilen Ersatzdienst (Zivildienstgesetz, ZDG);municipality;5623;Buchillon;22;Waadt;153;132;287;430
2026-06-14;6870;Änderung des Bundesgesetzes über den zivilen Ersatzdienst (Zivildienstgesetz, ZDG);municipality;5624;Bussigny;22;Waadt;1188;1657;2955;5702
2026-06-14;6870;Änderung des Bundesgesetzes über den zivilen Ersatzdienst (Zivildienstgesetz, ZDG);municipality;5627;Chavannes-près-Renens;22;Waadt;503;943;1502;3694
2026-06-14;6870;Änderung des Bundesgesetzes über den zivilen Ersatzdienst (Zivildienstgesetz, ZDG);municipality;5628;Chigny;22;Waadt;78;75;155;243
2026-06-14;6870;Änderung des Bundesgesetzes über den zivilen Ersatzdienst (Zivildienstgesetz, ZDG);municipality;5629;Clarmont;22;Waadt;40;43;85;148
2026-06-14;6870;Änderung des Bundesgesetzes über den zivilen Ersatzdienst (Zivildienstgesetz, ZDG);municipality;5631;Denens;22;Waadt;153;154;321;489
2026-06-14;6870;Änderung des Bundesgesetzes über den zivilen Ersatzdienst (Zivildienstgesetz, ZDG);municipality;5632;Denges;22;Waadt;250;354;612;1001
2026-06-14;6870;Änderung des Bundesgesetzes über den zivilen Ersatzdienst (Zivildienstgesetz, ZDG);municipality;5633;Echandens;22;Waadt;450;549;1023;1813
2026-06-14;6870;Änderung des Bundesgesetzes über den zivilen Ersatzdienst (Zivildienstgesetz, ZDG);municipality;5634;Echichens;22;Waadt;591;623;1252;2058
2026-06-14;6870;Änderung des Bundesgesetzes über den zivilen Ersatzdienst (Zivildienstgesetz, ZDG);municipality;5635;Ecublens (VD);22;Waadt;1235;1591;2940;5742
2026-06-14;6870;Änderung des Bundesgesetzes über den zivilen Ersatzdienst (Zivildienstgesetz, ZDG);municipality;5636;Etoy;22;Waadt;439;513;990;1694
2026-06-14;6870;Änderung des Bundesgesetzes über den zivilen Ersatzdienst (Zivildienstgesetz, ZDG);municipality;5637;Lavigny;22;Waadt;164;187;360;605
2026-06-14;6870;Änderung des Bundesgesetzes über den zivilen Ersatzdienst (Zivildienstgesetz, ZDG);municipality;5638;Lonay;22;Waadt;468;515;1008;1758
2026-06-14;6870;Änderung des Bundesgesetzes über den zivilen Ersatzdienst (Zivildienstgesetz, ZDG);municipality;5639;Lully (VD);22;Waadt;158;181;355;538
2026-06-14;6870;Änderung des Bundesgesetzes über den zivilen Ersatzdienst (Zivildienstgesetz, ZDG);municipality;5640;Lussy-sur-Morges;22;Waadt;120;180;302;466
2026-06-14;6870;Änderung des Bundesgesetzes über den zivilen Ersatzdienst (Zivildienstgesetz, ZDG);municipality;5642;Morges;22;Waadt;2160;2850;5179;9220
2026-06-14;6870;Änderung des Bundesgesetzes über den zivilen Ersatzdienst (Zivildienstgesetz, ZDG);municipality;5643;Préverenges;22;Waadt;691;932;1683;2952
2026-06-14;6870;Änderung des Bundesgesetzes über den zivilen Ersatzdienst (Zivildienstgesetz, ZDG);municipality;5645;Romanel-sur-Morges;22;Waadt;105;89;198;318
2026-06-14;6870;Änderung des Bundesgesetzes über den zivilen Ersatzdienst (Zivildienstgesetz, ZDG);municipality;5646;Saint-Prex;22;Waadt;829;877;1773;3034
2026-06-14;6870;Änderung des Bundesgesetzes über den zivilen Ersatzdienst (Zivildienstgesetz, ZDG);municipality;5648;Saint-Sulpice (VD);22;Waadt;723;740;1511;2291
2026-06-14;6870;Änderung des Bundesgesetzes über den zivilen Ersatzdienst (Zivildienstgesetz, ZDG);municipality;5649;Tolochenaz;22;Waadt;282;298;613;1302
2026-06-14;6870;Änderung des Bundesgesetzes über den zivilen Ersatzdienst (Zivildienstgesetz, ZDG);municipality;5650;Vaux-sur-Morges;22;Waadt;46;48;99;128
2026-06-14;6870;Änderung des Bundesgesetzes über den zivilen Ersatzdienst (Zivildienstgesetz, ZDG);municipality;5651;Villars-Sainte-Croix;22;Waadt;149;136;294;554
2026-06-14;6870;Änderung des Bundesgesetzes über den zivilen Ersatzdienst (Zivildienstgesetz, ZDG);municipality;5652;Villars-sous-Yens;22;Waadt;119;132;253;383
2026-06-14;6870;Änderung des Bundesgesetzes über den zivilen Ersatzdienst (Zivildienstgesetz, ZDG);municipality;5653;Vufflens-le-Château;22;Waadt;206;158;377;573
2026-06-14;6870;Änderung des Bundesgesetzes über den zivilen Ersatzdienst (Zivildienstgesetz, ZDG);municipality;5654;Vullierens;22;Waadt;104;97;207;357
2026-06-14;6870;Änderung des Bundesgesetzes über den zivilen Ersatzdienst (Zivildienstgesetz, ZDG);municipality;5655;Yens;22;Waadt;290;247;549;884
2026-06-14;6870;Änderung des Bundesgesetzes über den zivilen Ersatzdienst (Zivildienstgesetz, ZDG);municipality;5656;Hautemorges;22;Waadt;790;830;1668;2860
2026-06-14;6870;Änderung des Bundesgesetzes über den zivilen Ersatzdienst (Zivildienstgesetz, ZDG);municipality;5661;Boulens;22;Waadt;87;74;163;261
2026-06-14;6870;Änderung des Bundesgesetzes über den zivilen Ersatzdienst (Zivildienstgesetz, ZDG);municipality;5663;Bussy-sur-Moudon;22;Waadt;73;33;110;179
2026-06-14;6870;Änderung des Bundesgesetzes über den zivilen Ersatzdienst (Zivildienstgesetz, ZDG);municipality;5665;Chavannes-sur-Moudon;22;Waadt;66;36;103;177
2026-06-14;6870;Änderung des Bundesgesetzes über den zivilen Ersatzdienst (Zivildienstgesetz, ZDG);municipality;5669;Curtilles;22;Waadt;58;64;129;215
2026-06-14;6870;Änderung des Bundesgesetzes über den zivilen Ersatzdienst (Zivildienstgesetz, ZDG);municipality;5671;Dompierre (VD);22;Waadt;69;37;109;163
2026-06-14;6870;Änderung des Bundesgesetzes über den zivilen Ersatzdienst (Zivildienstgesetz, ZDG);municipality;5673;Hermenches;22;Waadt;84;55;147;251
2026-06-14;6870;Änderung des Bundesgesetzes über den zivilen Ersatzdienst (Zivildienstgesetz, ZDG);municipality;5674;Lovatens;22;Waadt;32;34;68;117
2026-06-14;6870;Änderung des Bundesgesetzes über den zivilen Ersatzdienst (Zivildienstgesetz, ZDG);municipality;5675;Lucens;22;Waadt;508;569;1122;2231
2026-06-14;6870;Änderung des Bundesgesetzes über den zivilen Ersatzdienst (Zivildienstgesetz, ZDG);municipality;5678;Moudon;22;Waadt;563;549;1156;4208
2026-06-14;6870;Änderung des Bundesgesetzes über den zivilen Ersatzdienst (Zivildienstgesetz, ZDG);municipality;5680;Ogens;22;Waadt;60;68;129;225
2026-06-14;6870;Änderung des Bundesgesetzes über den zivilen Ersatzdienst (Zivildienstgesetz, ZDG);municipality;5683;Prévonloup;22;Waadt;51;33;89;172
2026-06-14;6870;Änderung des Bundesgesetzes über den zivilen Ersatzdienst (Zivildienstgesetz, ZDG);municipality;5684;Rossenges;22;Waadt;24;10;35;58
2026-06-14;6870;Änderung des Bundesgesetzes über den zivilen Ersatzdienst (Zivildienstgesetz, ZDG);municipality;5688;Syens;22;Waadt;22;16;38;89
2026-06-14;6870;Änderung des Bundesgesetzes über den zivilen Ersatzdienst (Zivildienstgesetz, ZDG);municipality;5690;Villars-le-Comte;22;Waadt;34;29;67;101
2026-06-14;6870;Änderung des Bundesgesetzes über den zivilen Ersatzdienst (Zivildienstgesetz, ZDG);municipality;5692;Vucherens;22;Waadt;123;109;237;404
2026-06-14;6870;Änderung des Bundesgesetzes über den zivilen Ersatzdienst (Zivildienstgesetz, ZDG);municipality;5693;Montanaire;22;Waadt;601;461;1095;1923
2026-06-14;6870;Änderung des Bundesgesetzes über den zivilen Ersatzdienst (Zivildienstgesetz, ZDG);municipality;5701;Arnex-sur-Nyon;22;Waadt;52;39;92;178
2026-06-14;6870;Änderung des Bundesgesetzes über den zivilen Ersatzdienst (Zivildienstgesetz, ZDG);municipality;5702;Arzier-Le Muids;22;Waadt;590;450;1071;1708
2026-06-14;6870;Änderung des Bundesgesetzes über den zivilen Ersatzdienst (Zivildienstgesetz, ZDG);municipality;5703;Bassins;22;Waadt;257;265;539;878
2026-06-14;6870;Änderung des Bundesgesetzes über den zivilen Ersatzdienst (Zivildienstgesetz, ZDG);municipality;5704;Begnins;22;Waadt;373;312;698;1220
2026-06-14;6870;Änderung des Bundesgesetzes über den zivilen Ersatzdienst (Zivildienstgesetz, ZDG);municipality;5705;Bogis-Bossey;22;Waadt;167;146;320;493
2026-06-14;6870;Änderung des Bundesgesetzes über den zivilen Ersatzdienst (Zivildienstgesetz, ZDG);municipality;5706;Borex;22;Waadt;238;209;451;710
2026-06-14;6870;Änderung des Bundesgesetzes über den zivilen Ersatzdienst (Zivildienstgesetz, ZDG);municipality;5707;Chavannes-de-Bogis;22;Waadt;208;168;381;668
2026-06-14;6870;Änderung des Bundesgesetzes über den zivilen Ersatzdienst (Zivildienstgesetz, ZDG);municipality;5708;Chavannes-des-Bois;22;Waadt;154;141;302;488
2026-06-14;6870;Änderung des Bundesgesetzes über den zivilen Ersatzdienst (Zivildienstgesetz, ZDG);municipality;5709;Chéserex;22;Waadt;257;227;497;781
2026-06-14;6870;Änderung des Bundesgesetzes über den zivilen Ersatzdienst (Zivildienstgesetz, ZDG);municipality;5710;Coinsins;22;Waadt;103;80;192;317
2026-06-14;6870;Änderung des Bundesgesetzes über den zivilen Ersatzdienst (Zivildienstgesetz, ZDG);municipality;5711;Commugny;22;Waadt;499;419;934;1468
2026-06-14;6870;Änderung des Bundesgesetzes über den zivilen Ersatzdienst (Zivildienstgesetz, ZDG);municipality;5712;Coppet;22;Waadt;558;433;1025;2056
2026-06-14;6870;Änderung des Bundesgesetzes über den zivilen Ersatzdienst (Zivildienstgesetz, ZDG);municipality;5713;Crans (VD);22;Waadt;491;375;876;1360
2026-06-14;6870;Änderung des Bundesgesetzes über den zivilen Ersatzdienst (Zivildienstgesetz, ZDG);municipality;5714;Crassier;22;Waadt;231;218;463;757
2026-06-14;6870;Änderung des Bundesgesetzes über den zivilen Ersatzdienst (Zivildienstgesetz, ZDG);municipality;5715;Duillier;22;Waadt;226;203;440;695
2026-06-14;6870;Änderung des Bundesgesetzes über den zivilen Ersatzdienst (Zivildienstgesetz, ZDG);municipality;5716;Eysins;22;Waadt;298;283;596;966
2026-06-14;6870;Änderung des Bundesgesetzes über den zivilen Ersatzdienst (Zivildienstgesetz, ZDG);municipality;5717;Founex;22;Waadt;584;487;1095;1761
2026-06-14;6870;Änderung des Bundesgesetzes über den zivilen Ersatzdienst (Zivildienstgesetz, ZDG);municipality;5718;Genolier;22;Waadt;385;370;774;1190
2026-06-14;6870;Änderung des Bundesgesetzes über den zivilen Ersatzdienst (Zivildienstgesetz, ZDG);municipality;5719;Gingins;22;Waadt;256;219;482;788
2026-06-14;6870;Änderung des Bundesgesetzes über den zivilen Ersatzdienst (Zivildienstgesetz, ZDG);municipality;5720;Givrins;22;Waadt;217;232;455;697
2026-06-14;6870;Änderung des Bundesgesetzes über den zivilen Ersatzdienst (Zivildienstgesetz, ZDG);municipality;5721;Gland;22;Waadt;1957;1895;4051;7303
2026-06-14;6870;Änderung des Bundesgesetzes über den zivilen Ersatzdienst (Zivildienstgesetz, ZDG);municipality;5722;Grens;22;Waadt;71;91;168;252
2026-06-14;6870;Änderung des Bundesgesetzes über den zivilen Ersatzdienst (Zivildienstgesetz, ZDG);municipality;5723;Mies;22;Waadt;324;292;643;1094
2026-06-14;6870;Änderung des Bundesgesetzes über den zivilen Ersatzdienst (Zivildienstgesetz, ZDG);municipality;5724;Nyon;22;Waadt;2496;3430;6122;11365
2026-06-14;6870;Änderung des Bundesgesetzes über den zivilen Ersatzdienst (Zivildienstgesetz, ZDG);municipality;5725;Prangins;22;Waadt;694;761;1510;2428
2026-06-14;6870;Änderung des Bundesgesetzes über den zivilen Ersatzdienst (Zivildienstgesetz, ZDG);municipality;5726;La Rippe;22;Waadt;225;217;453;722
2026-06-14;6870;Änderung des Bundesgesetzes über den zivilen Ersatzdienst (Zivildienstgesetz, ZDG);municipality;5727;Saint-Cergue;22;Waadt;438;380;850;1674
2026-06-14;6870;Änderung des Bundesgesetzes über den zivilen Ersatzdienst (Zivildienstgesetz, ZDG);municipality;5728;Signy-Avenex;22;Waadt;124;87;216;359
2026-06-14;6870;Änderung des Bundesgesetzes über den zivilen Ersatzdienst (Zivildienstgesetz, ZDG);municipality;5729;Tannay;22;Waadt;335;275;620;923
2026-06-14;6870;Änderung des Bundesgesetzes über den zivilen Ersatzdienst (Zivildienstgesetz, ZDG);municipality;5730;Trélex;22;Waadt;305;274;598;908
2026-06-14;6870;Änderung des Bundesgesetzes über den zivilen Ersatzdienst (Zivildienstgesetz, ZDG);municipality;5731;Le Vaud;22;Waadt;268;297;583;907
2026-06-14;6870;Änderung des Bundesgesetzes über den zivilen Ersatzdienst (Zivildienstgesetz, ZDG);municipality;5732;Vich;22;Waadt;194;173;386;665
2026-06-14;6870;Änderung des Bundesgesetzes über den zivilen Ersatzdienst (Zivildienstgesetz, ZDG);municipality;5741;L'Abergement;22;Waadt;77;73;151;197
2026-06-14;6870;Änderung des Bundesgesetzes über den zivilen Ersatzdienst (Zivildienstgesetz, ZDG);municipality;5742;Agiez;22;Waadt;68;63;131;237
2026-06-14;6870;Änderung des Bundesgesetzes über den zivilen Ersatzdienst (Zivildienstgesetz, ZDG);municipality;5743;Arnex-sur-Orbe;22;Waadt;119;167;291;475
2026-06-14;6870;Änderung des Bundesgesetzes über den zivilen Ersatzdienst (Zivildienstgesetz, ZDG);municipality;5744;Ballaigues;22;Waadt;195;190;407;734
2026-06-14;6870;Änderung des Bundesgesetzes über den zivilen Ersatzdienst (Zivildienstgesetz, ZDG);municipality;5745;Baulmes;22;Waadt;207;231;448;769
2026-06-14;6870;Änderung des Bundesgesetzes über den zivilen Ersatzdienst (Zivildienstgesetz, ZDG);municipality;5746;Bavois;22;Waadt;194;159;365;690
2026-06-14;6870;Änderung des Bundesgesetzes über den zivilen Ersatzdienst (Zivildienstgesetz, ZDG);municipality;5747;Bofflens;22;Waadt;62;32;101;148
2026-06-14;6870;Änderung des Bundesgesetzes über den zivilen Ersatzdienst (Zivildienstgesetz, ZDG);municipality;5748;Bretonnières;22;Waadt;56;65;123;196
2026-06-14;6870;Änderung des Bundesgesetzes über den zivilen Ersatzdienst (Zivildienstgesetz, ZDG);municipality;5749;Chavornay;22;Waadt;765;784;1603;3085
2026-06-14;6870;Änderung des Bundesgesetzes über den zivilen Ersatzdienst (Zivildienstgesetz, ZDG);municipality;5750;Les Clées;22;Waadt;24;49;74;141
2026-06-14;6870;Änderung des Bundesgesetzes über den zivilen Ersatzdienst (Zivildienstgesetz, ZDG);municipality;5752;Croy;22;Waadt;74;99;177;293
2026-06-14;6870;Änderung des Bundesgesetzes über den zivilen Ersatzdienst (Zivildienstgesetz, ZDG);municipality;5754;Juriens;22;Waadt;77;70;157;255
2026-06-14;6870;Änderung des Bundesgesetzes über den zivilen Ersatzdienst (Zivildienstgesetz, ZDG);municipality;5755;Lignerolle;22;Waadt;89;73;172;274
2026-06-14;6870;Änderung des Bundesgesetzes über den zivilen Ersatzdienst (Zivildienstgesetz, ZDG);municipality;5756;Montcherand;22;Waadt;86;89;185;327
2026-06-14;6870;Änderung des Bundesgesetzes über den zivilen Ersatzdienst (Zivildienstgesetz, ZDG);municipality;5757;Orbe;22;Waadt;923;1006;2022;4110
2026-06-14;6870;Änderung des Bundesgesetzes über den zivilen Ersatzdienst (Zivildienstgesetz, ZDG);municipality;5758;La Praz;22;Waadt;41;48;94;143
2026-06-14;6870;Änderung des Bundesgesetzes über den zivilen Ersatzdienst (Zivildienstgesetz, ZDG);municipality;5759;Premier;22;Waadt;58;54;114;176
2026-06-14;6870;Änderung des Bundesgesetzes über den zivilen Ersatzdienst (Zivildienstgesetz, ZDG);municipality;5760;Rances;22;Waadt;125;107;237;399
2026-06-14;6870;Änderung des Bundesgesetzes über den zivilen Ersatzdienst (Zivildienstgesetz, ZDG);municipality;5761;Romainmôtier-Envy;22;Waadt;80;136;224;386
2026-06-14;6870;Änderung des Bundesgesetzes über den zivilen Ersatzdienst (Zivildienstgesetz, ZDG);municipality;5762;Sergey;22;Waadt;34;28;66;111
2026-06-14;6870;Änderung des Bundesgesetzes über den zivilen Ersatzdienst (Zivildienstgesetz, ZDG);municipality;5763;Valeyres-sous-Rances;22;Waadt;136;96;237;394
2026-06-14;6870;Änderung des Bundesgesetzes über den zivilen Ersatzdienst (Zivildienstgesetz, ZDG);municipality;5764;Vallorbe;22;Waadt;520;460;1017;2259
2026-06-14;6870;Änderung des Bundesgesetzes über den zivilen Ersatzdienst (Zivildienstgesetz, ZDG);municipality;5765;Vaulion;22;Waadt;90;92;188;342
2026-06-14;6870;Änderung des Bundesgesetzes über den zivilen Ersatzdienst (Zivildienstgesetz, ZDG);municipality;5766;Vuiteboeuf;22;Waadt;105;103;209;398
2026-06-14;6870;Änderung des Bundesgesetzes über den zivilen Ersatzdienst (Zivildienstgesetz, ZDG);municipality;5785;Corcelles-le-Jorat;22;Waadt;104;92;203;328
2026-06-14;6870;Änderung des Bundesgesetzes über den zivilen Ersatzdienst (Zivildienstgesetz, ZDG);municipality;5790;Maracon;22;Waadt;111;134;248;390
2026-06-14;6870;Änderung des Bundesgesetzes über den zivilen Ersatzdienst (Zivildienstgesetz, ZDG);municipality;5792;Montpreveyres;22;Waadt;123;129;256;418
2026-06-14;6870;Änderung des Bundesgesetzes über den zivilen Ersatzdienst (Zivildienstgesetz, ZDG);municipality;5798;Ropraz;22;Waadt;121;73;195;321
2026-06-14;6870;Änderung des Bundesgesetzes über den zivilen Ersatzdienst (Zivildienstgesetz, ZDG);municipality;5799;Servion;22;Waadt;383;430;833;1433
2026-06-14;6870;Änderung des Bundesgesetzes über den zivilen Ersatzdienst (Zivildienstgesetz, ZDG);municipality;5803;Vulliens;22;Waadt;168;103;278;429
2026-06-14;6870;Änderung des Bundesgesetzes über den zivilen Ersatzdienst (Zivildienstgesetz, ZDG);municipality;5804;Jorat-Menthue;22;Waadt;296;270;585;1023
2026-06-14;6870;Änderung des Bundesgesetzes über den zivilen Ersatzdienst (Zivildienstgesetz, ZDG);municipality;5805;Oron;22;Waadt;995;1112;2170;3844
2026-06-14;6870;Änderung des Bundesgesetzes über den zivilen Ersatzdienst (Zivildienstgesetz, ZDG);municipality;5806;Jorat-Mézières;22;Waadt;596;617;1260;2146
2026-06-14;6870;Änderung des Bundesgesetzes über den zivilen Ersatzdienst (Zivildienstgesetz, ZDG);municipality;5812;Champtauroz;22;Waadt;34;44;78;125
2026-06-14;6870;Änderung des Bundesgesetzes über den zivilen Ersatzdienst (Zivildienstgesetz, ZDG);municipality;5813;Chevroux;22;Waadt;114;102;216;339
2026-06-14;6870;Änderung des Bundesgesetzes über den zivilen Ersatzdienst (Zivildienstgesetz, ZDG);municipality;5816;Corcelles-près-Payerne;22;Waadt;503;306;837;1584
2026-06-14;6870;Änderung des Bundesgesetzes über den zivilen Ersatzdienst (Zivildienstgesetz, ZDG);municipality;5817;Grandcour;22;Waadt;198;124;330;627
2026-06-14;6870;Änderung des Bundesgesetzes über den zivilen Ersatzdienst (Zivildienstgesetz, ZDG);municipality;5819;Henniez;22;Waadt;59;62;122;266
2026-06-14;6870;Änderung des Bundesgesetzes über den zivilen Ersatzdienst (Zivildienstgesetz, ZDG);municipality;5821;Missy;22;Waadt;77;60;140;235
2026-06-14;6870;Änderung des Bundesgesetzes über den zivilen Ersatzdienst (Zivildienstgesetz, ZDG);municipality;5822;Payerne;22;Waadt;1302;933;2333;4835
2026-06-14;6870;Änderung des Bundesgesetzes über den zivilen Ersatzdienst (Zivildienstgesetz, ZDG);municipality;5827;Trey;22;Waadt;76;41;119;202
2026-06-14;6870;Änderung des Bundesgesetzes über den zivilen Ersatzdienst (Zivildienstgesetz, ZDG);municipality;5828;Treytorrens (Payerne);22;Waadt;33;17;50;79
2026-06-14;6870;Änderung des Bundesgesetzes über den zivilen Ersatzdienst (Zivildienstgesetz, ZDG);municipality;5830;Villarzel;22;Waadt;94;62;160;305
2026-06-14;6870;Änderung des Bundesgesetzes über den zivilen Ersatzdienst (Zivildienstgesetz, ZDG);municipality;5831;Valbroye;22;Waadt;659;445;1140;2046
2026-06-14;6870;Änderung des Bundesgesetzes über den zivilen Ersatzdienst (Zivildienstgesetz, ZDG);municipality;5841;Château-d'Oex;22;Waadt;615;417;1070;2051
2026-06-14;6870;Änderung des Bundesgesetzes über den zivilen Ersatzdienst (Zivildienstgesetz, ZDG);municipality;5842;Rossinière;22;Waadt;104;64;171;331
2026-06-14;6870;Änderung des Bundesgesetzes über den zivilen Ersatzdienst (Zivildienstgesetz, ZDG);municipality;5843;Rougemont;22;Waadt;131;70;207;438
2026-06-14;6870;Änderung des Bundesgesetzes über den zivilen Ersatzdienst (Zivildienstgesetz, ZDG);municipality;5851;Allaman;22;Waadt;72;72;147;239
2026-06-14;6870;Änderung des Bundesgesetzes über den zivilen Ersatzdienst (Zivildienstgesetz, ZDG);municipality;5852;Bursinel;22;Waadt;116;76;195;313
2026-06-14;6870;Änderung des Bundesgesetzes über den zivilen Ersatzdienst (Zivildienstgesetz, ZDG);municipality;5853;Bursins;22;Waadt;134;161;301;493
2026-06-14;6870;Änderung des Bundesgesetzes über den zivilen Ersatzdienst (Zivildienstgesetz, ZDG);municipality;5854;Burtigny;22;Waadt;78;71;156;254
2026-06-14;6870;Änderung des Bundesgesetzes über den zivilen Ersatzdienst (Zivildienstgesetz, ZDG);municipality;5855;Dully;22;Waadt;131;102;237;367
2026-06-14;6870;Änderung des Bundesgesetzes über den zivilen Ersatzdienst (Zivildienstgesetz, ZDG);municipality;5856;Essertines-sur-Rolle;22;Waadt;150;140;295;436
2026-06-14;6870;Änderung des Bundesgesetzes über den zivilen Ersatzdienst (Zivildienstgesetz, ZDG);municipality;5857;Gilly;22;Waadt;286;219;519;845
2026-06-14;6870;Änderung des Bundesgesetzes über den zivilen Ersatzdienst (Zivildienstgesetz, ZDG);municipality;5858;Luins;22;Waadt;112;86;203;346
2026-06-14;6870;Änderung des Bundesgesetzes über den zivilen Ersatzdienst (Zivildienstgesetz, ZDG);municipality;5859;Mont-sur-Rolle;22;Waadt;476;412;922;1627
2026-06-14;6870;Änderung des Bundesgesetzes über den zivilen Ersatzdienst (Zivildienstgesetz, ZDG);municipality;5860;Perroy;22;Waadt;319;246;577;911
2026-06-14;6870;Änderung des Bundesgesetzes über den zivilen Ersatzdienst (Zivildienstgesetz, ZDG);municipality;5861;Rolle;22;Waadt;806;874;1739;3192
2026-06-14;6870;Änderung des Bundesgesetzes über den zivilen Ersatzdienst (Zivildienstgesetz, ZDG);municipality;5862;Tartegnin;22;Waadt;61;18;82;131
2026-06-14;6870;Änderung des Bundesgesetzes über den zivilen Ersatzdienst (Zivildienstgesetz, ZDG);municipality;5863;Vinzel;22;Waadt;83;60;149;237
2026-06-14;6870;Änderung des Bundesgesetzes über den zivilen Ersatzdienst (Zivildienstgesetz, ZDG);municipality;5871;L'Abbaye;22;Waadt;307;301;622;1082
2026-06-14;6870;Änderung des Bundesgesetzes über den zivilen Ersatzdienst (Zivildienstgesetz, ZDG);municipality;5872;Le Chenit;22;Waadt;732;727;1526;2805
2026-06-14;6870;Änderung des Bundesgesetzes über den zivilen Ersatzdienst (Zivildienstgesetz, ZDG);municipality;5873;Le Lieu;22;Waadt;180;194;379;627
2026-06-14;6870;Änderung des Bundesgesetzes über den zivilen Ersatzdienst (Zivildienstgesetz, ZDG);municipality;5882;Chardonne;22;Waadt;600;684;1327;2131
2026-06-14;6870;Änderung des Bundesgesetzes über den zivilen Ersatzdienst (Zivildienstgesetz, ZDG);municipality;5883;Corseaux;22;Waadt;476;456;960;1445
2026-06-14;6870;Änderung des Bundesgesetzes über den zivilen Ersatzdienst (Zivildienstgesetz, ZDG);municipality;5884;Corsier-sur-Vevey;22;Waadt;495;563;1096;1930
2026-06-14;6870;Änderung des Bundesgesetzes über den zivilen Ersatzdienst (Zivildienstgesetz, ZDG);municipality;5885;Jongny;22;Waadt;385;374;780;1113
2026-06-14;6870;Änderung des Bundesgesetzes über den zivilen Ersatzdienst (Zivildienstgesetz, ZDG);municipality;5886;Montreux;22;Waadt;2876;3177;6278;12331
2026-06-14;6870;Änderung des Bundesgesetzes über den zivilen Ersatzdienst (Zivildienstgesetz, ZDG);municipality;5889;La Tour-de-Peilz;22;Waadt;1866;2443;4467;7493
2026-06-14;6870;Änderung des Bundesgesetzes über den zivilen Ersatzdienst (Zivildienstgesetz, ZDG);municipality;5890;Vevey;22;Waadt;1608;3444;5209;10009
2026-06-14;6870;Änderung des Bundesgesetzes über den zivilen Ersatzdienst (Zivildienstgesetz, ZDG);municipality;5891;Veytaux;22;Waadt;152;125;280;518
2026-06-14;6870;Änderung des Bundesgesetzes über den zivilen Ersatzdienst (Zivildienstgesetz, ZDG);municipality;5892;Blonay - Saint-Légier;22;Waadt;2282;2281;4703;7789
2026-06-14;6870;Änderung des Bundesgesetzes über den zivilen Ersatzdienst (Zivildienstgesetz, ZDG);municipality;5902;Belmont-sur-Yverdon;22;Waadt;97;80;179;308
2026-06-14;6870;Änderung des Bundesgesetzes über den zivilen Ersatzdienst (Zivildienstgesetz, ZDG);municipality;5903;Bioley-Magnoux;22;Waadt;61;50;117;194
2026-06-14;6870;Änderung des Bundesgesetzes über den zivilen Ersatzdienst (Zivildienstgesetz, ZDG);municipality;5904;Chamblon;22;Waadt;141;78;227;434
2026-06-14;6870;Änderung des Bundesgesetzes über den zivilen Ersatzdienst (Zivildienstgesetz, ZDG);municipality;5905;Champvent;22;Waadt;111;146;263;449
2026-06-14;6870;Änderung des Bundesgesetzes über den zivilen Ersatzdienst (Zivildienstgesetz, ZDG);municipality;5907;Chavannes-le-Chêne;22;Waadt;67;42;112;232
2026-06-14;6870;Änderung des Bundesgesetzes über den zivilen Ersatzdienst (Zivildienstgesetz, ZDG);municipality;5908;Chêne-Pâquier;22;Waadt;32;30;64;109
2026-06-14;6870;Änderung des Bundesgesetzes über den zivilen Ersatzdienst (Zivildienstgesetz, ZDG);municipality;5909;Cheseaux-Noréaz;22;Waadt;186;142;332;514
2026-06-14;6870;Änderung des Bundesgesetzes über den zivilen Ersatzdienst (Zivildienstgesetz, ZDG);municipality;5910;Cronay;22;Waadt;92;117;212;318
2026-06-14;6870;Änderung des Bundesgesetzes über den zivilen Ersatzdienst (Zivildienstgesetz, ZDG);municipality;5911;Cuarny;22;Waadt;68;46;117;169
2026-06-14;6870;Änderung des Bundesgesetzes über den zivilen Ersatzdienst (Zivildienstgesetz, ZDG);municipality;5912;Démoret;22;Waadt;48;38;87;123
2026-06-14;6870;Änderung des Bundesgesetzes über den zivilen Ersatzdienst (Zivildienstgesetz, ZDG);municipality;5913;Donneloye;22;Waadt;172;181;364;594
2026-06-14;6870;Änderung des Bundesgesetzes über den zivilen Ersatzdienst (Zivildienstgesetz, ZDG);municipality;5914;Ependes (VD);22;Waadt;88;53;146;243
2026-06-14;6870;Änderung des Bundesgesetzes über den zivilen Ersatzdienst (Zivildienstgesetz, ZDG);municipality;5919;Mathod;22;Waadt;138;122;266;482
2026-06-14;6870;Änderung des Bundesgesetzes über den zivilen Ersatzdienst (Zivildienstgesetz, ZDG);municipality;5921;Molondin;22;Waadt;58;39;97;194
2026-06-14;6870;Änderung des Bundesgesetzes über den zivilen Ersatzdienst (Zivildienstgesetz, ZDG);municipality;5922;Montagny-près-Yverdon;22;Waadt;132;118;259;513
2026-06-14;6870;Änderung des Bundesgesetzes über den zivilen Ersatzdienst (Zivildienstgesetz, ZDG);municipality;5923;Oppens;22;Waadt;35;37;74;125
2026-06-14;6870;Änderung des Bundesgesetzes über den zivilen Ersatzdienst (Zivildienstgesetz, ZDG);municipality;5924;Orges;22;Waadt;74;74;151;280
2026-06-14;6870;Änderung des Bundesgesetzes über den zivilen Ersatzdienst (Zivildienstgesetz, ZDG);municipality;5925;Orzens;22;Waadt;53;53;111;155
2026-06-14;6870;Änderung des Bundesgesetzes über den zivilen Ersatzdienst (Zivildienstgesetz, ZDG);municipality;5926;Pomy;22;Waadt;193;154;365;615
2026-06-14;6870;Änderung des Bundesgesetzes über den zivilen Ersatzdienst (Zivildienstgesetz, ZDG);municipality;5928;Rovray;22;Waadt;83;17;102;128
2026-06-14;6870;Änderung des Bundesgesetzes über den zivilen Ersatzdienst (Zivildienstgesetz, ZDG);municipality;5929;Suchy;22;Waadt;138;104;249;421
2026-06-14;6870;Änderung des Bundesgesetzes über den zivilen Ersatzdienst (Zivildienstgesetz, ZDG);municipality;5930;Suscévaz;22;Waadt;63;40;105;160
2026-06-14;6870;Änderung des Bundesgesetzes über den zivilen Ersatzdienst (Zivildienstgesetz, ZDG);municipality;5931;Treycovagnes;22;Waadt;95;76;173;334
2026-06-14;6870;Änderung des Bundesgesetzes über den zivilen Ersatzdienst (Zivildienstgesetz, ZDG);municipality;5932;Ursins;22;Waadt;64;27;96;154
2026-06-14;6870;Änderung des Bundesgesetzes über den zivilen Ersatzdienst (Zivildienstgesetz, ZDG);municipality;5933;Valeyres-sous-Montagny;22;Waadt;128;130;267;561
2026-06-14;6870;Änderung des Bundesgesetzes über den zivilen Ersatzdienst (Zivildienstgesetz, ZDG);municipality;5934;Valeyres-sous-Ursins;22;Waadt;65;75;141;184
2026-06-14;6870;Änderung des Bundesgesetzes über den zivilen Ersatzdienst (Zivildienstgesetz, ZDG);municipality;5935;Villars-Epeney;22;Waadt;22;20;43;68
2026-06-14;6870;Änderung des Bundesgesetzes über den zivilen Ersatzdienst (Zivildienstgesetz, ZDG);municipality;5937;Vugelles-La Mothe;22;Waadt;30;22;54;96
2026-06-14;6870;Änderung des Bundesgesetzes über den zivilen Ersatzdienst (Zivildienstgesetz, ZDG);municipality;5938;Yverdon-les-Bains;22;Waadt;2869;4046;7155;14998
2026-06-14;6870;Änderung des Bundesgesetzes über den zivilen Ersatzdienst (Zivildienstgesetz, ZDG);municipality;5939;Yvonand;22;Waadt;610;618;1270;2356
2026-06-14;6870;Änderung des Bundesgesetzes über den zivilen Ersatzdienst (Zivildienstgesetz, ZDG);municipality;6002;Brig-Glis;23;Wallis;3015;2174;5359;9147
2026-06-14;6870;Änderung des Bundesgesetzes über den zivilen Ersatzdienst (Zivildienstgesetz, ZDG);municipality;6004;Eggerberg;23;Wallis;115;58;177;266
2026-06-14;6870;Änderung des Bundesgesetzes über den zivilen Ersatzdienst (Zivildienstgesetz, ZDG);municipality;6007;Naters;23;Wallis;2374;1809;4307;7164
2026-06-14;6870;Änderung des Bundesgesetzes über den zivilen Ersatzdienst (Zivildienstgesetz, ZDG);municipality;6008;Ried-Brig;23;Wallis;649;380;1060;1647
2026-06-14;6870;Änderung des Bundesgesetzes über den zivilen Ersatzdienst (Zivildienstgesetz, ZDG);municipality;6009;Simplon;23;Wallis;87;49;140;244
2026-06-14;6870;Änderung des Bundesgesetzes über den zivilen Ersatzdienst (Zivildienstgesetz, ZDG);municipality;6010;Termen;23;Wallis;300;206;514;812
2026-06-14;6870;Änderung des Bundesgesetzes über den zivilen Ersatzdienst (Zivildienstgesetz, ZDG);municipality;6011;Zwischbergen;23;Wallis;20;12;33;45
2026-06-14;6870;Änderung des Bundesgesetzes über den zivilen Ersatzdienst (Zivildienstgesetz, ZDG);municipality;6021;Ardon;23;Wallis;543;454;1026;1999
2026-06-14;6870;Änderung des Bundesgesetzes über den zivilen Ersatzdienst (Zivildienstgesetz, ZDG);municipality;6022;Chamoson;23;Wallis;920;751;1748;2961
2026-06-14;6870;Änderung des Bundesgesetzes über den zivilen Ersatzdienst (Zivildienstgesetz, ZDG);municipality;6023;Conthey;23;Wallis;1747;1265;3127;5823
2026-06-14;6870;Änderung des Bundesgesetzes über den zivilen Ersatzdienst (Zivildienstgesetz, ZDG);municipality;6024;Nendaz;23;Wallis;1440;1086;2612;4903
2026-06-14;6870;Änderung des Bundesgesetzes über den zivilen Ersatzdienst (Zivildienstgesetz, ZDG);municipality;6025;Vétroz;23;Wallis;1172;877;2129;3874
2026-06-14;6870;Änderung des Bundesgesetzes über den zivilen Ersatzdienst (Zivildienstgesetz, ZDG);municipality;6032;Bourg-Saint-Pierre;23;Wallis;77;38;119;179
2026-06-14;6870;Änderung des Bundesgesetzes über den zivilen Ersatzdienst (Zivildienstgesetz, ZDG);municipality;6033;Liddes;23;Wallis;171;147;337;569
2026-06-14;6870;Änderung des Bundesgesetzes über den zivilen Ersatzdienst (Zivildienstgesetz, ZDG);municipality;6034;Orsières;23;Wallis;782;538;1383;2169
2026-06-14;6870;Änderung des Bundesgesetzes über den zivilen Ersatzdienst (Zivildienstgesetz, ZDG);municipality;6035;Sembrancher;23;Wallis;228;155;395;688
2026-06-14;6870;Änderung des Bundesgesetzes über den zivilen Ersatzdienst (Zivildienstgesetz, ZDG);municipality;6037;Val de Bagnes;23;Wallis;1904;1469;3541;6220
2026-06-14;6870;Änderung des Bundesgesetzes über den zivilen Ersatzdienst (Zivildienstgesetz, ZDG);municipality;6052;Bellwald;23;Wallis;87;70;159;238
2026-06-14;6870;Änderung des Bundesgesetzes über den zivilen Ersatzdienst (Zivildienstgesetz, ZDG);municipality;6054;Binn;23;Wallis;41;28;69;97
2026-06-14;6870;Änderung des Bundesgesetzes über den zivilen Ersatzdienst (Zivildienstgesetz, ZDG);municipality;6056;Ernen;23;Wallis;113;120;237;411
2026-06-14;6870;Änderung des Bundesgesetzes über den zivilen Ersatzdienst (Zivildienstgesetz, ZDG);municipality;6057;Fiesch;23;Wallis;167;164;346;642
2026-06-14;6870;Änderung des Bundesgesetzes über den zivilen Ersatzdienst (Zivildienstgesetz, ZDG);municipality;6058;Fieschertal;23;Wallis;84;59;147;251
2026-06-14;6870;Änderung des Bundesgesetzes über den zivilen Ersatzdienst (Zivildienstgesetz, ZDG);municipality;6061;Lax;23;Wallis;81;54;137;222
2026-06-14;6870;Änderung des Bundesgesetzes über den zivilen Ersatzdienst (Zivildienstgesetz, ZDG);municipality;6076;Obergoms;23;Wallis;217;93;315;508
2026-06-14;6870;Änderung des Bundesgesetzes über den zivilen Ersatzdienst (Zivildienstgesetz, ZDG);municipality;6077;Goms;23;Wallis;331;198;549;884
2026-06-14;6870;Änderung des Bundesgesetzes über den zivilen Ersatzdienst (Zivildienstgesetz, ZDG);municipality;6082;Ayent;23;Wallis;940;825;1854;3216
2026-06-14;6870;Änderung des Bundesgesetzes über den zivilen Ersatzdienst (Zivildienstgesetz, ZDG);municipality;6083;Evolène;23;Wallis;540;269;833;1274
2026-06-14;6870;Änderung des Bundesgesetzes über den zivilen Ersatzdienst (Zivildienstgesetz, ZDG);municipality;6084;Hérémence;23;Wallis;542;247;813;1210
2026-06-14;6870;Änderung des Bundesgesetzes über den zivilen Ersatzdienst (Zivildienstgesetz, ZDG);municipality;6087;Saint-Martin (VS);23;Wallis;287;158;451;659
2026-06-14;6870;Änderung des Bundesgesetzes über den zivilen Ersatzdienst (Zivildienstgesetz, ZDG);municipality;6089;Vex;23;Wallis;413;303;760;1361
2026-06-14;6870;Änderung des Bundesgesetzes über den zivilen Ersatzdienst (Zivildienstgesetz, ZDG);municipality;6090;Mont-Noble;23;Wallis;303;246;573;884
2026-06-14;6870;Änderung des Bundesgesetzes über den zivilen Ersatzdienst (Zivildienstgesetz, ZDG);municipality;6101;Agarn;23;Wallis;195;151;359;555
2026-06-14;6870;Änderung des Bundesgesetzes über den zivilen Ersatzdienst (Zivildienstgesetz, ZDG);municipality;6102;Albinen;23;Wallis;52;63;117;189
2026-06-14;6870;Änderung des Bundesgesetzes über den zivilen Ersatzdienst (Zivildienstgesetz, ZDG);municipality;6104;Ergisch;23;Wallis;79;41;122;142
2026-06-14;6870;Änderung des Bundesgesetzes über den zivilen Ersatzdienst (Zivildienstgesetz, ZDG);municipality;6109;Inden;23;Wallis;37;19;56;83
2026-06-14;6870;Änderung des Bundesgesetzes über den zivilen Ersatzdienst (Zivildienstgesetz, ZDG);municipality;6110;Leuk;23;Wallis;1022;773;1859;2919
2026-06-14;6870;Änderung des Bundesgesetzes über den zivilen Ersatzdienst (Zivildienstgesetz, ZDG);municipality;6111;Leukerbad;23;Wallis;260;154;423;742
2026-06-14;6870;Änderung des Bundesgesetzes über den zivilen Ersatzdienst (Zivildienstgesetz, ZDG);municipality;6112;Oberems;23;Wallis;25;52;81;129
2026-06-14;6870;Änderung des Bundesgesetzes über den zivilen Ersatzdienst (Zivildienstgesetz, ZDG);municipality;6113;Salgesch;23;Wallis;450;335;800;1227
2026-06-14;6870;Änderung des Bundesgesetzes über den zivilen Ersatzdienst (Zivildienstgesetz, ZDG);municipality;6116;Varen;23;Wallis;176;153;338;525
2026-06-14;6870;Änderung des Bundesgesetzes über den zivilen Ersatzdienst (Zivildienstgesetz, ZDG);municipality;6117;Guttet-Feschel;23;Wallis;122;94;221;333
2026-06-14;6870;Änderung des Bundesgesetzes über den zivilen Ersatzdienst (Zivildienstgesetz, ZDG);municipality;6118;Gampel-Bratsch;23;Wallis;612;390;1019;1573
2026-06-14;6870;Änderung des Bundesgesetzes über den zivilen Ersatzdienst (Zivildienstgesetz, ZDG);municipality;6119;Turtmann-Unterems;23;Wallis;280;199;504;811
2026-06-14;6870;Änderung des Bundesgesetzes über den zivilen Ersatzdienst (Zivildienstgesetz, ZDG);municipality;6131;Bovernier;23;Wallis;181;152;349;628
2026-06-14;6870;Änderung des Bundesgesetzes über den zivilen Ersatzdienst (Zivildienstgesetz, ZDG);municipality;6133;Fully;23;Wallis;1838;1515;3513;6016
2026-06-14;6870;Änderung des Bundesgesetzes über den zivilen Ersatzdienst (Zivildienstgesetz, ZDG);municipality;6134;Isérables;23;Wallis;223;97;330;615
2026-06-14;6870;Änderung des Bundesgesetzes über den zivilen Ersatzdienst (Zivildienstgesetz, ZDG);municipality;6135;Leytron;23;Wallis;915;524;1483;2431
2026-06-14;6870;Änderung des Bundesgesetzes über den zivilen Ersatzdienst (Zivildienstgesetz, ZDG);municipality;6136;Martigny;23;Wallis;3609;3036;6882;12578
2026-06-14;6870;Änderung des Bundesgesetzes über den zivilen Ersatzdienst (Zivildienstgesetz, ZDG);municipality;6137;Martigny-Combe;23;Wallis;513;446;1000;1685
2026-06-14;6870;Änderung des Bundesgesetzes über den zivilen Ersatzdienst (Zivildienstgesetz, ZDG);municipality;6139;Riddes;23;Wallis;720;433;1188;2057
2026-06-14;6870;Änderung des Bundesgesetzes über den zivilen Ersatzdienst (Zivildienstgesetz, ZDG);municipality;6140;Saillon;23;Wallis;801;299;1148;2044
2026-06-14;6870;Änderung des Bundesgesetzes über den zivilen Ersatzdienst (Zivildienstgesetz, ZDG);municipality;6141;Saxon;23;Wallis;1031;759;1894;3772
2026-06-14;6870;Änderung des Bundesgesetzes über den zivilen Ersatzdienst (Zivildienstgesetz, ZDG);municipality;6142;Trient;23;Wallis;40;35;81;126
2026-06-14;6870;Änderung des Bundesgesetzes über den zivilen Ersatzdienst (Zivildienstgesetz, ZDG);municipality;6151;Champéry;23;Wallis;381;190;597;886
2026-06-14;6870;Änderung des Bundesgesetzes über den zivilen Ersatzdienst (Zivildienstgesetz, ZDG);municipality;6152;Collombey-Muraz;23;Wallis;1607;1210;2967;5793
2026-06-14;6870;Änderung des Bundesgesetzes über den zivilen Ersatzdienst (Zivildienstgesetz, ZDG);municipality;6153;Monthey;23;Wallis;2866;2288;5428;10245
2026-06-14;6870;Änderung des Bundesgesetzes über den zivilen Ersatzdienst (Zivildienstgesetz, ZDG);municipality;6154;Port-Valais;23;Wallis;827;509;1389;2485
2026-06-14;6870;Änderung des Bundesgesetzes über den zivilen Ersatzdienst (Zivildienstgesetz, ZDG);municipality;6155;Saint-Gingolph;23;Wallis;197;107;312;578
2026-06-14;6870;Änderung des Bundesgesetzes über den zivilen Ersatzdienst (Zivildienstgesetz, ZDG);municipality;6156;Troistorrents;23;Wallis;1276;805;2166;3433
2026-06-14;6870;Änderung des Bundesgesetzes über den zivilen Ersatzdienst (Zivildienstgesetz, ZDG);municipality;6157;Val-d'Illiez;23;Wallis;519;306;870;1428
2026-06-14;6870;Änderung des Bundesgesetzes über den zivilen Ersatzdienst (Zivildienstgesetz, ZDG);municipality;6158;Vionnaz;23;Wallis;671;419;1111;1967
2026-06-14;6870;Änderung des Bundesgesetzes über den zivilen Ersatzdienst (Zivildienstgesetz, ZDG);municipality;6159;Vouvry;23;Wallis;787;555;1405;2678
2026-06-14;6870;Änderung des Bundesgesetzes über den zivilen Ersatzdienst (Zivildienstgesetz, ZDG);municipality;6172;Bister;23;Wallis;11;7;20;30
2026-06-14;6870;Änderung des Bundesgesetzes über den zivilen Ersatzdienst (Zivildienstgesetz, ZDG);municipality;6173;Bitsch;23;Wallis;296;217;524;860
2026-06-14;6870;Änderung des Bundesgesetzes über den zivilen Ersatzdienst (Zivildienstgesetz, ZDG);municipality;6177;Grengiols;23;Wallis;87;84;172;324
2026-06-14;6870;Änderung des Bundesgesetzes über den zivilen Ersatzdienst (Zivildienstgesetz, ZDG);municipality;6181;Riederalp;23;Wallis;96;80;184;318
2026-06-14;6870;Änderung des Bundesgesetzes über den zivilen Ersatzdienst (Zivildienstgesetz, ZDG);municipality;6191;Ausserberg;23;Wallis;206;138;354;463
2026-06-14;6870;Änderung des Bundesgesetzes über den zivilen Ersatzdienst (Zivildienstgesetz, ZDG);municipality;6192;Blatten;23;Wallis;100;42;146;235
2026-06-14;6870;Änderung des Bundesgesetzes über den zivilen Ersatzdienst (Zivildienstgesetz, ZDG);municipality;6193;Bürchen;23;Wallis;197;145;349;598
2026-06-14;6870;Änderung des Bundesgesetzes über den zivilen Ersatzdienst (Zivildienstgesetz, ZDG);municipality;6194;Eischoll;23;Wallis;148;78;231;362
2026-06-14;6870;Änderung des Bundesgesetzes über den zivilen Ersatzdienst (Zivildienstgesetz, ZDG);municipality;6195;Ferden;23;Wallis;69;47;119;211
2026-06-14;6870;Änderung des Bundesgesetzes über den zivilen Ersatzdienst (Zivildienstgesetz, ZDG);municipality;6197;Kippel;23;Wallis;100;56;159;285
2026-06-14;6870;Änderung des Bundesgesetzes über den zivilen Ersatzdienst (Zivildienstgesetz, ZDG);municipality;6198;Niedergesteln;23;Wallis;191;115;312;538
2026-06-14;6870;Änderung des Bundesgesetzes über den zivilen Ersatzdienst (Zivildienstgesetz, ZDG);municipality;6199;Raron;23;Wallis;489;334;852;1381
2026-06-14;6870;Änderung des Bundesgesetzes über den zivilen Ersatzdienst (Zivildienstgesetz, ZDG);municipality;6201;Unterbäch;23;Wallis;93;98;199;355
2026-06-14;6870;Änderung des Bundesgesetzes über den zivilen Ersatzdienst (Zivildienstgesetz, ZDG);municipality;6202;Wiler (Lötschen);23;Wallis;163;92;266;424
2026-06-14;6870;Änderung des Bundesgesetzes über den zivilen Ersatzdienst (Zivildienstgesetz, ZDG);municipality;6203;Mörel-Filet;23;Wallis;136;149;292;482
2026-06-14;6870;Änderung des Bundesgesetzes über den zivilen Ersatzdienst (Zivildienstgesetz, ZDG);municipality;6204;Steg-Hohtenn;23;Wallis;478;274;765;1152
2026-06-14;6870;Änderung des Bundesgesetzes über den zivilen Ersatzdienst (Zivildienstgesetz, ZDG);municipality;6205;Bettmeralp;23;Wallis;105;83;189;329
2026-06-14;6870;Änderung des Bundesgesetzes über den zivilen Ersatzdienst (Zivildienstgesetz, ZDG);municipality;6211;Collonges;23;Wallis;160;125;300;557
2026-06-14;6870;Änderung des Bundesgesetzes über den zivilen Ersatzdienst (Zivildienstgesetz, ZDG);municipality;6212;Dorénaz;23;Wallis;219;149;384;711
2026-06-14;6870;Änderung des Bundesgesetzes über den zivilen Ersatzdienst (Zivildienstgesetz, ZDG);municipality;6213;Evionnaz;23;Wallis;282;194;502;963
2026-06-14;6870;Änderung des Bundesgesetzes über den zivilen Ersatzdienst (Zivildienstgesetz, ZDG);municipality;6214;Finhaut;23;Wallis;87;57;152;236
2026-06-14;6870;Änderung des Bundesgesetzes über den zivilen Ersatzdienst (Zivildienstgesetz, ZDG);municipality;6215;Massongex;23;Wallis;391;283;698;1274
2026-06-14;6870;Änderung des Bundesgesetzes über den zivilen Ersatzdienst (Zivildienstgesetz, ZDG);municipality;6217;Saint-Maurice;23;Wallis;795;663;1510;2690
2026-06-14;6870;Änderung des Bundesgesetzes über den zivilen Ersatzdienst (Zivildienstgesetz, ZDG);municipality;6218;Salvan;23;Wallis;293;351;668;1090
2026-06-14;6870;Änderung des Bundesgesetzes über den zivilen Ersatzdienst (Zivildienstgesetz, ZDG);municipality;6219;Vernayaz;23;Wallis;332;262;626;1137
2026-06-14;6870;Änderung des Bundesgesetzes über den zivilen Ersatzdienst (Zivildienstgesetz, ZDG);municipality;6220;Vérossaz;23;Wallis;217;147;384;657
2026-06-14;6870;Änderung des Bundesgesetzes über den zivilen Ersatzdienst (Zivildienstgesetz, ZDG);municipality;6232;Chalais;23;Wallis;753;644;1472;2499
2026-06-14;6870;Änderung des Bundesgesetzes über den zivilen Ersatzdienst (Zivildienstgesetz, ZDG);municipality;6235;Chippis;23;Wallis;191;188;393;708
2026-06-14;6870;Änderung des Bundesgesetzes über den zivilen Ersatzdienst (Zivildienstgesetz, ZDG);municipality;6238;Grône;23;Wallis;470;333;827;1563
2026-06-14;6870;Änderung des Bundesgesetzes über den zivilen Ersatzdienst (Zivildienstgesetz, ZDG);municipality;6239;Icogne;23;Wallis;111;118;237;411
2026-06-14;6870;Änderung des Bundesgesetzes über den zivilen Ersatzdienst (Zivildienstgesetz, ZDG);municipality;6240;Lens;23;Wallis;857;587;1489;2619
2026-06-14;6870;Änderung des Bundesgesetzes über den zivilen Ersatzdienst (Zivildienstgesetz, ZDG);municipality;6246;Saint-Léonard;23;Wallis;526;433;1016;1724
2026-06-14;6870;Änderung des Bundesgesetzes über den zivilen Ersatzdienst (Zivildienstgesetz, ZDG);municipality;6248;Sierre;23;Wallis;2737;2322;5263;9661
2026-06-14;6870;Änderung des Bundesgesetzes über den zivilen Ersatzdienst (Zivildienstgesetz, ZDG);municipality;6252;Anniviers;23;Wallis;693;417;1136;1822
2026-06-14;6870;Änderung des Bundesgesetzes über den zivilen Ersatzdienst (Zivildienstgesetz, ZDG);municipality;6253;Crans-Montana;23;Wallis;1998;1328;3462;5833
2026-06-14;6870;Änderung des Bundesgesetzes über den zivilen Ersatzdienst (Zivildienstgesetz, ZDG);municipality;6254;Noble-Contrée;23;Wallis;1075;858;2038;3229
2026-06-14;6870;Änderung des Bundesgesetzes über den zivilen Ersatzdienst (Zivildienstgesetz, ZDG);municipality;6261;Arbaz;23;Wallis;344;316;678;1078
2026-06-14;6870;Änderung des Bundesgesetzes über den zivilen Ersatzdienst (Zivildienstgesetz, ZDG);municipality;6263;Grimisuat;23;Wallis;792;715;1562;2572
2026-06-14;6870;Änderung des Bundesgesetzes über den zivilen Ersatzdienst (Zivildienstgesetz, ZDG);municipality;6265;Savièse;23;Wallis;2106;1397;3630;6018
2026-06-14;6870;Änderung des Bundesgesetzes über den zivilen Ersatzdienst (Zivildienstgesetz, ZDG);municipality;6266;Sion;23;Wallis;6067;5648;11970;22195
2026-06-14;6870;Änderung des Bundesgesetzes über den zivilen Ersatzdienst (Zivildienstgesetz, ZDG);municipality;6267;Veysonnaz;23;Wallis;95;113;218;382
2026-06-14;6870;Änderung des Bundesgesetzes über den zivilen Ersatzdienst (Zivildienstgesetz, ZDG);municipality;6281;Baltschieder;23;Wallis;345;276;634;975
2026-06-14;6870;Änderung des Bundesgesetzes über den zivilen Ersatzdienst (Zivildienstgesetz, ZDG);municipality;6282;Eisten;23;Wallis;64;35;103;167
2026-06-14;6870;Änderung des Bundesgesetzes über den zivilen Ersatzdienst (Zivildienstgesetz, ZDG);municipality;6283;Embd;23;Wallis;62;47;111;232
2026-06-14;6870;Änderung des Bundesgesetzes über den zivilen Ersatzdienst (Zivildienstgesetz, ZDG);municipality;6285;Grächen;23;Wallis;295;237;540;959
2026-06-14;6870;Änderung des Bundesgesetzes über den zivilen Ersatzdienst (Zivildienstgesetz, ZDG);municipality;6286;Lalden;23;Wallis;196;149;349;510
2026-06-14;6870;Änderung des Bundesgesetzes über den zivilen Ersatzdienst (Zivildienstgesetz, ZDG);municipality;6287;Randa;23;Wallis;95;49;152;243
2026-06-14;6870;Änderung des Bundesgesetzes über den zivilen Ersatzdienst (Zivildienstgesetz, ZDG);municipality;6288;Saas-Almagell;23;Wallis;139;56;197;262
2026-06-14;6870;Änderung des Bundesgesetzes über den zivilen Ersatzdienst (Zivildienstgesetz, ZDG);municipality;6289;Saas-Balen;23;Wallis;134;63;202;260
2026-06-14;6870;Änderung des Bundesgesetzes über den zivilen Ersatzdienst (Zivildienstgesetz, ZDG);municipality;6290;Saas-Fee;23;Wallis;353;205;581;890
2026-06-14;6870;Änderung des Bundesgesetzes über den zivilen Ersatzdienst (Zivildienstgesetz, ZDG);municipality;6291;Saas-Grund;23;Wallis;310;182;513;715
2026-06-14;6870;Änderung des Bundesgesetzes über den zivilen Ersatzdienst (Zivildienstgesetz, ZDG);municipality;6292;St. Niklaus;23;Wallis;501;413;936;1608
2026-06-14;6870;Änderung des Bundesgesetzes über den zivilen Ersatzdienst (Zivildienstgesetz, ZDG);municipality;6293;Stalden (VS);23;Wallis;320;171;499;809
2026-06-14;6870;Änderung des Bundesgesetzes über den zivilen Ersatzdienst (Zivildienstgesetz, ZDG);municipality;6294;Staldenried;23;Wallis;135;147;288;456
2026-06-14;6870;Änderung des Bundesgesetzes über den zivilen Ersatzdienst (Zivildienstgesetz, ZDG);municipality;6295;Täsch;23;Wallis;130;82;225;414
2026-06-14;6870;Änderung des Bundesgesetzes über den zivilen Ersatzdienst (Zivildienstgesetz, ZDG);municipality;6296;Törbel;23;Wallis;187;108;296;420
2026-06-14;6870;Änderung des Bundesgesetzes über den zivilen Ersatzdienst (Zivildienstgesetz, ZDG);municipality;6297;Visp;23;Wallis;1661;1381;3187;4888
2026-06-14;6870;Änderung des Bundesgesetzes über den zivilen Ersatzdienst (Zivildienstgesetz, ZDG);municipality;6298;Visperterminen;23;Wallis;334;324;673;1027
2026-06-14;6870;Änderung des Bundesgesetzes über den zivilen Ersatzdienst (Zivildienstgesetz, ZDG);municipality;6299;Zeneggen;23;Wallis;71;80;152;235
2026-06-14;6870;Änderung des Bundesgesetzes über den zivilen Ersatzdienst (Zivildienstgesetz, ZDG);municipality;6300;Zermatt;23;Wallis;893;646;1613;2706
2026-06-14;6870;Änderung des Bundesgesetzes über den zivilen Ersatzdienst (Zivildienstgesetz, ZDG);municipality;6404;Boudry;24;Neuenburg;846;936;1817;3762
2026-06-14;6870;Änderung des Bundesgesetzes über den zivilen Ersatzdienst (Zivildienstgesetz, ZDG);municipality;6408;Cortaillod;24;Neuenburg;789;803;1654;3144
2026-06-14;6870;Änderung des Bundesgesetzes über den zivilen Ersatzdienst (Zivildienstgesetz, ZDG);municipality;6413;Rochefort;24;Neuenburg;265;326;604;1087
2026-06-14;6870;Änderung des Bundesgesetzes über den zivilen Ersatzdienst (Zivildienstgesetz, ZDG);municipality;6416;Milvignes;24;Neuenburg;1614;1701;3380;6302
2026-06-14;6870;Änderung des Bundesgesetzes über den zivilen Ersatzdienst (Zivildienstgesetz, ZDG);municipality;6417;La Grande Béroche;24;Neuenburg;1618;1624;3308;6478
2026-06-14;6870;Änderung des Bundesgesetzes über den zivilen Ersatzdienst (Zivildienstgesetz, ZDG);municipality;6421;La Chaux-de-Fonds;24;Neuenburg;3731;6522;10451;22204
2026-06-14;6870;Änderung des Bundesgesetzes über den zivilen Ersatzdienst (Zivildienstgesetz, ZDG);municipality;6422;Les Planchettes;24;Neuenburg;31;56;87;153
2026-06-14;6870;Änderung des Bundesgesetzes über den zivilen Ersatzdienst (Zivildienstgesetz, ZDG);municipality;6423;La Sagne;24;Neuenburg;272;218;501;986
2026-06-14;6870;Änderung des Bundesgesetzes über den zivilen Ersatzdienst (Zivildienstgesetz, ZDG);municipality;6432;La Brévine;24;Neuenburg;190;115;312;510
2026-06-14;6870;Änderung des Bundesgesetzes über den zivilen Ersatzdienst (Zivildienstgesetz, ZDG);municipality;6433;Brot-Plamboz;24;Neuenburg;68;52;126;221
2026-06-14;6870;Änderung des Bundesgesetzes über den zivilen Ersatzdienst (Zivildienstgesetz, ZDG);municipality;6434;Le Cerneux-Péquignot;24;Neuenburg;114;64;185;300
2026-06-14;6870;Änderung des Bundesgesetzes über den zivilen Ersatzdienst (Zivildienstgesetz, ZDG);municipality;6435;La Chaux-du-Milieu;24;Neuenburg;106;112;220;380
2026-06-14;6870;Änderung des Bundesgesetzes über den zivilen Ersatzdienst (Zivildienstgesetz, ZDG);municipality;6436;Le Locle;24;Neuenburg;1433;1657;3172;6971
2026-06-14;6870;Änderung des Bundesgesetzes über den zivilen Ersatzdienst (Zivildienstgesetz, ZDG);municipality;6437;Les Ponts-de-Martel;24;Neuenburg;315;196;513;994
2026-06-14;6870;Änderung des Bundesgesetzes über den zivilen Ersatzdienst (Zivildienstgesetz, ZDG);municipality;6451;Cornaux;24;Neuenburg;283;251;551;1061
2026-06-14;6870;Änderung des Bundesgesetzes über den zivilen Ersatzdienst (Zivildienstgesetz, ZDG);municipality;6452;Cressier (NE);24;Neuenburg;315;311;639;1255
2026-06-14;6870;Änderung des Bundesgesetzes über den zivilen Ersatzdienst (Zivildienstgesetz, ZDG);municipality;6455;Le Landeron;24;Neuenburg;762;861;1661;3205
2026-06-14;6870;Änderung des Bundesgesetzes über den zivilen Ersatzdienst (Zivildienstgesetz, ZDG);municipality;6456;Lignières;24;Neuenburg;215;197;421;778
2026-06-14;6870;Änderung des Bundesgesetzes über den zivilen Ersatzdienst (Zivildienstgesetz, ZDG);municipality;6458;Neuchâtel;24;Neuenburg;5278;8685;14223;27299
2026-06-14;6870;Änderung des Bundesgesetzes über den zivilen Ersatzdienst (Zivildienstgesetz, ZDG);municipality;6487;Val-de-Ruz;24;Neuenburg;2973;3119;6215;12107
2026-06-14;6870;Änderung des Bundesgesetzes über den zivilen Ersatzdienst (Zivildienstgesetz, ZDG);municipality;6504;La Côte-aux-Fées;24;Neuenburg;142;77;224;422
2026-06-14;6870;Änderung des Bundesgesetzes über den zivilen Ersatzdienst (Zivildienstgesetz, ZDG);municipality;6511;Les Verrières;24;Neuenburg;133;85;222;575
2026-06-14;6870;Änderung des Bundesgesetzes über den zivilen Ersatzdienst (Zivildienstgesetz, ZDG);municipality;6512;Val-de-Travers;24;Neuenburg;1588;1596;3256;7656
2026-06-14;6870;Änderung des Bundesgesetzes über den zivilen Ersatzdienst (Zivildienstgesetz, ZDG);municipality;6513;Laténa;24;Neuenburg;1844;2085;4018;7428
2026-06-14;6870;Änderung des Bundesgesetzes über den zivilen Ersatzdienst (Zivildienstgesetz, ZDG);municipality;6601;Aire-la-Ville;25;Genf;229;218;474;785
2026-06-14;6870;Änderung des Bundesgesetzes über den zivilen Ersatzdienst (Zivildienstgesetz, ZDG);municipality;6602;Anières;25;Genf;534;413;978;1454
2026-06-14;6870;Änderung des Bundesgesetzes über den zivilen Ersatzdienst (Zivildienstgesetz, ZDG);municipality;6603;Avully;25;Genf;234;308;568;1063
2026-06-14;6870;Änderung des Bundesgesetzes über den zivilen Ersatzdienst (Zivildienstgesetz, ZDG);municipality;6604;Avusy;25;Genf;317;362;703;1079
2026-06-14;6870;Änderung des Bundesgesetzes über den zivilen Ersatzdienst (Zivildienstgesetz, ZDG);municipality;6605;Bardonnex;25;Genf;395;495;927;1522
2026-06-14;6870;Änderung des Bundesgesetzes über den zivilen Ersatzdienst (Zivildienstgesetz, ZDG);municipality;6606;Bellevue;25;Genf;520;523;1090;1937
2026-06-14;6870;Änderung des Bundesgesetzes über den zivilen Ersatzdienst (Zivildienstgesetz, ZDG);municipality;6607;Bernex;25;Genf;1742;2095;4006;6811
2026-06-14;6870;Änderung des Bundesgesetzes über den zivilen Ersatzdienst (Zivildienstgesetz, ZDG);municipality;6608;Carouge (GE);25;Genf;2270;3699;6244;11477
2026-06-14;6870;Änderung des Bundesgesetzes über den zivilen Ersatzdienst (Zivildienstgesetz, ZDG);municipality;6609;Cartigny;25;Genf;174;236;426;667
2026-06-14;6870;Änderung des Bundesgesetzes über den zivilen Ersatzdienst (Zivildienstgesetz, ZDG);municipality;6610;Céligny;25;Genf;145;101;257;436
2026-06-14;6870;Änderung des Bundesgesetzes über den zivilen Ersatzdienst (Zivildienstgesetz, ZDG);municipality;6611;Chancy;25;Genf;234;268;523;968
2026-06-14;6870;Änderung des Bundesgesetzes über den zivilen Ersatzdienst (Zivildienstgesetz, ZDG);municipality;6612;Chêne-Bougeries;25;Genf;2143;2069;4418;7472
2026-06-14;6870;Änderung des Bundesgesetzes über den zivilen Ersatzdienst (Zivildienstgesetz, ZDG);municipality;6613;Chêne-Bourg;25;Genf;1045;1413;2567;4629
2026-06-14;6870;Änderung des Bundesgesetzes über den zivilen Ersatzdienst (Zivildienstgesetz, ZDG);municipality;6614;Choulex;25;Genf;274;230;526;769
2026-06-14;6870;Änderung des Bundesgesetzes über den zivilen Ersatzdienst (Zivildienstgesetz, ZDG);municipality;6615;Collex-Bossy;25;Genf;268;307;586;908
2026-06-14;6870;Änderung des Bundesgesetzes über den zivilen Ersatzdienst (Zivildienstgesetz, ZDG);municipality;6616;Collonge-Bellerive;25;Genf;1753;1251;3123;4800
2026-06-14;6870;Änderung des Bundesgesetzes über den zivilen Ersatzdienst (Zivildienstgesetz, ZDG);municipality;6617;Cologny;25;Genf;1051;731;1843;3045
2026-06-14;6870;Änderung des Bundesgesetzes über den zivilen Ersatzdienst (Zivildienstgesetz, ZDG);municipality;6618;Confignon;25;Genf;802;1031;1896;2952
2026-06-14;6870;Änderung des Bundesgesetzes über den zivilen Ersatzdienst (Zivildienstgesetz, ZDG);municipality;6619;Corsier (GE);25;Genf;423;329;774;1235
2026-06-14;6870;Änderung des Bundesgesetzes über den zivilen Ersatzdienst (Zivildienstgesetz, ZDG);municipality;6620;Dardagny;25;Genf;251;276;552;1041
2026-06-14;6870;Änderung des Bundesgesetzes über den zivilen Ersatzdienst (Zivildienstgesetz, ZDG);municipality;6621;Genève;25;Genf;17352;27471;46749;86112
2026-06-14;6870;Änderung des Bundesgesetzes über den zivilen Ersatzdienst (Zivildienstgesetz, ZDG);municipality;6622;Genthod;25;Genf;493;454;975;1516
2026-06-14;6870;Änderung des Bundesgesetzes über den zivilen Ersatzdienst (Zivildienstgesetz, ZDG);municipality;6623;Le Grand-Saconnex;25;Genf;1185;1680;2967;5596
2026-06-14;6870;Änderung des Bundesgesetzes über den zivilen Ersatzdienst (Zivildienstgesetz, ZDG);municipality;6624;Gy;25;Genf;118;119;254;381
2026-06-14;6870;Änderung des Bundesgesetzes über den zivilen Ersatzdienst (Zivildienstgesetz, ZDG);municipality;6625;Hermance;25;Genf;227;253;495;717
2026-06-14;6870;Änderung des Bundesgesetzes über den zivilen Ersatzdienst (Zivildienstgesetz, ZDG);municipality;6626;Jussy;25;Genf;240;190;452;767
2026-06-14;6870;Änderung des Bundesgesetzes über den zivilen Ersatzdienst (Zivildienstgesetz, ZDG);municipality;6627;Laconnex;25;Genf;143;194;357;498
2026-06-14;6870;Änderung des Bundesgesetzes über den zivilen Ersatzdienst (Zivildienstgesetz, ZDG);municipality;6628;Lancy;25;Genf;3845;5090;9336;18507
2026-06-14;6870;Änderung des Bundesgesetzes über den zivilen Ersatzdienst (Zivildienstgesetz, ZDG);municipality;6629;Meinier;25;Genf;371;419;830;1325
2026-06-14;6870;Änderung des Bundesgesetzes über den zivilen Ersatzdienst (Zivildienstgesetz, ZDG);municipality;6630;Meyrin;25;Genf;2340;2999;5589;11460
2026-06-14;6870;Änderung des Bundesgesetzes über den zivilen Ersatzdienst (Zivildienstgesetz, ZDG);municipality;6631;Onex;25;Genf;1959;2708;4890;9674
2026-06-14;6870;Änderung des Bundesgesetzes über den zivilen Ersatzdienst (Zivildienstgesetz, ZDG);municipality;6632;Perly-Certoux;25;Genf;531;507;1082;1975
2026-06-14;6870;Änderung des Bundesgesetzes über den zivilen Ersatzdienst (Zivildienstgesetz, ZDG);municipality;6633;Plan-les-Ouates;25;Genf;1824;2355;4341;7518
2026-06-14;6870;Änderung des Bundesgesetzes über den zivilen Ersatzdienst (Zivildienstgesetz, ZDG);municipality;6634;Pregny-Chambésy;25;Genf;494;548;1077;1678
2026-06-14;6870;Änderung des Bundesgesetzes über den zivilen Ersatzdienst (Zivildienstgesetz, ZDG);municipality;6635;Presinge;25;Genf;130;124;270;463
2026-06-14;6870;Änderung des Bundesgesetzes über den zivilen Ersatzdienst (Zivildienstgesetz, ZDG);municipality;6636;Puplinge;25;Genf;431;464;921;1575
2026-06-14;6870;Änderung des Bundesgesetzes über den zivilen Ersatzdienst (Zivildienstgesetz, ZDG);municipality;6637;Russin;25;Genf;125;101;235;333
2026-06-14;6870;Änderung des Bundesgesetzes über den zivilen Ersatzdienst (Zivildienstgesetz, ZDG);municipality;6638;Satigny;25;Genf;711;743;1512;2569
2026-06-14;6870;Änderung des Bundesgesetzes über den zivilen Ersatzdienst (Zivildienstgesetz, ZDG);municipality;6639;Soral;25;Genf;150;191;354;595
2026-06-14;6870;Änderung des Bundesgesetzes über den zivilen Ersatzdienst (Zivildienstgesetz, ZDG);municipality;6640;Thônex;25;Genf;2172;2270;4615;8455
2026-06-14;6870;Änderung des Bundesgesetzes über den zivilen Ersatzdienst (Zivildienstgesetz, ZDG);municipality;6641;Troinex;25;Genf;575;721;1346;2055
2026-06-14;6870;Änderung des Bundesgesetzes über den zivilen Ersatzdienst (Zivildienstgesetz, ZDG);municipality;6642;Vandoeuvres;25;Genf;656;394;1079;1631
2026-06-14;6870;Änderung des Bundesgesetzes über den zivilen Ersatzdienst (Zivildienstgesetz, ZDG);municipality;6643;Vernier;25;Genf;3133;4221;7685;16552
2026-06-14;6870;Änderung des Bundesgesetzes über den zivilen Ersatzdienst (Zivildienstgesetz, ZDG);municipality;6644;Versoix;25;Genf;1479;1702;3318;6269
2026-06-14;6870;Änderung des Bundesgesetzes über den zivilen Ersatzdienst (Zivildienstgesetz, ZDG);municipality;6645;Veyrier;25;Genf;2045;2071;4272;6993
2026-06-14;6870;Änderung des Bundesgesetzes über den zivilen Ersatzdienst (Zivildienstgesetz, ZDG);municipality;6702;Boécourt;26;Jura;144;217;372;734
2026-06-14;6870;Änderung des Bundesgesetzes über den zivilen Ersatzdienst (Zivildienstgesetz, ZDG);municipality;6703;Bourrignon;26;Jura;71;66;141;253
2026-06-14;6870;Änderung des Bundesgesetzes über den zivilen Ersatzdienst (Zivildienstgesetz, ZDG);municipality;6704;Châtillon (JU);26;Jura;71;162;236;399
2026-06-14;6870;Änderung des Bundesgesetzes über den zivilen Ersatzdienst (Zivildienstgesetz, ZDG);municipality;6706;Courchapoix;26;Jura;66;111;178;358
2026-06-14;6870;Änderung des Bundesgesetzes über den zivilen Ersatzdienst (Zivildienstgesetz, ZDG);municipality;6708;Courrendlin;26;Jura;465;740;1228;2370
2026-06-14;6870;Änderung des Bundesgesetzes über den zivilen Ersatzdienst (Zivildienstgesetz, ZDG);municipality;6709;Courroux;26;Jura;515;726;1277;2419
2026-06-14;6870;Änderung des Bundesgesetzes über den zivilen Ersatzdienst (Zivildienstgesetz, ZDG);municipality;6710;Courtételle;26;Jura;369;636;1037;2020
2026-06-14;6870;Änderung des Bundesgesetzes über den zivilen Ersatzdienst (Zivildienstgesetz, ZDG);municipality;6711;Delémont;26;Jura;1257;2479;3797;7776
2026-06-14;6870;Änderung des Bundesgesetzes über den zivilen Ersatzdienst (Zivildienstgesetz, ZDG);municipality;6712;Develier;26;Jura;216;340;565;992
2026-06-14;6870;Änderung des Bundesgesetzes über den zivilen Ersatzdienst (Zivildienstgesetz, ZDG);municipality;6713;Ederswiler;26;Jura;37;18;57;90
2026-06-14;6870;Änderung des Bundesgesetzes über den zivilen Ersatzdienst (Zivildienstgesetz, ZDG);municipality;6715;Mervelier;26;Jura;92;147;241;411
2026-06-14;6870;Änderung des Bundesgesetzes über den zivilen Ersatzdienst (Zivildienstgesetz, ZDG);municipality;6716;Mettembert;26;Jura;21;31;53;76
2026-06-14;6870;Änderung des Bundesgesetzes über den zivilen Ersatzdienst (Zivildienstgesetz, ZDG);municipality;6718;Movelier;26;Jura;84;83;171;335
2026-06-14;6870;Änderung des Bundesgesetzes über den zivilen Ersatzdienst (Zivildienstgesetz, ZDG);municipality;6719;Pleigne;26;Jura;79;97;182;334
2026-06-14;6870;Änderung des Bundesgesetzes über den zivilen Ersatzdienst (Zivildienstgesetz, ZDG);municipality;6721;Rossemaison;26;Jura;126;201;330;577
2026-06-14;6870;Änderung des Bundesgesetzes über den zivilen Ersatzdienst (Zivildienstgesetz, ZDG);municipality;6722;Saulcy;26;Jura;65;64;136;216
2026-06-14;6870;Änderung des Bundesgesetzes über den zivilen Ersatzdienst (Zivildienstgesetz, ZDG);municipality;6724;Soyhières;26;Jura;81;78;163;307
2026-06-14;6870;Änderung des Bundesgesetzes über den zivilen Ersatzdienst (Zivildienstgesetz, ZDG);municipality;6729;Haute-Sorne;26;Jura;897;1531;2485;5220
2026-06-14;6870;Änderung des Bundesgesetzes über den zivilen Ersatzdienst (Zivildienstgesetz, ZDG);municipality;6730;Val Terbi;26;Jura;512;824;1364;2552
2026-06-14;6870;Änderung des Bundesgesetzes über den zivilen Ersatzdienst (Zivildienstgesetz, ZDG);municipality;6741;Le Bémont (JU);26;Jura;60;85;146;299
2026-06-14;6870;Änderung des Bundesgesetzes über den zivilen Ersatzdienst (Zivildienstgesetz, ZDG);municipality;6742;Les Bois;26;Jura;169;266;444;964
2026-06-14;6870;Änderung des Bundesgesetzes über den zivilen Ersatzdienst (Zivildienstgesetz, ZDG);municipality;6743;Les Breuleux;26;Jura;226;465;709;1243
2026-06-14;6870;Änderung des Bundesgesetzes über den zivilen Ersatzdienst (Zivildienstgesetz, ZDG);municipality;6745;Les Enfers;26;Jura;23;49;72;111
2026-06-14;6870;Änderung des Bundesgesetzes über den zivilen Ersatzdienst (Zivildienstgesetz, ZDG);municipality;6748;Les Genevez (JU);26;Jura;73;139;216;457
2026-06-14;6870;Änderung des Bundesgesetzes über den zivilen Ersatzdienst (Zivildienstgesetz, ZDG);municipality;6750;Lajoux (JU);26;Jura;83;234;326;589
2026-06-14;6870;Änderung des Bundesgesetzes über den zivilen Ersatzdienst (Zivildienstgesetz, ZDG);municipality;6751;Montfaucon;26;Jura;101;155;259;477
2026-06-14;6870;Änderung des Bundesgesetzes über den zivilen Ersatzdienst (Zivildienstgesetz, ZDG);municipality;6753;Muriaux;26;Jura;109;113;225;467
2026-06-14;6870;Änderung des Bundesgesetzes über den zivilen Ersatzdienst (Zivildienstgesetz, ZDG);municipality;6754;Le Noirmont;26;Jura;246;460;713;1424
2026-06-14;6870;Änderung des Bundesgesetzes über den zivilen Ersatzdienst (Zivildienstgesetz, ZDG);municipality;6757;Saignelégier;26;Jura;314;778;1114;2032
2026-06-14;6870;Änderung des Bundesgesetzes über den zivilen Ersatzdienst (Zivildienstgesetz, ZDG);municipality;6758;Saint-Brais;26;Jura;34;63;100;212
2026-06-14;6870;Änderung des Bundesgesetzes über den zivilen Ersatzdienst (Zivildienstgesetz, ZDG);municipality;6759;Soubey;26;Jura;33;26;59;134
2026-06-14;6870;Änderung des Bundesgesetzes über den zivilen Ersatzdienst (Zivildienstgesetz, ZDG);municipality;6771;Alle;26;Jura;320;416;756;1460
2026-06-14;6870;Änderung des Bundesgesetzes über den zivilen Ersatzdienst (Zivildienstgesetz, ZDG);municipality;6774;Boncourt;26;Jura;233;187;427;986
2026-06-14;6870;Änderung des Bundesgesetzes über den zivilen Ersatzdienst (Zivildienstgesetz, ZDG);municipality;6778;Bure;26;Jura;196;141;345;595
2026-06-14;6870;Änderung des Bundesgesetzes über den zivilen Ersatzdienst (Zivildienstgesetz, ZDG);municipality;6781;Coeuve;26;Jura;111;164;282;594
2026-06-14;6870;Änderung des Bundesgesetzes über den zivilen Ersatzdienst (Zivildienstgesetz, ZDG);municipality;6782;Cornol;26;Jura;173;204;382;834
2026-06-14;6870;Änderung des Bundesgesetzes über den zivilen Ersatzdienst (Zivildienstgesetz, ZDG);municipality;6783;Courchavon;26;Jura;64;78;142;239
2026-06-14;6870;Änderung des Bundesgesetzes über den zivilen Ersatzdienst (Zivildienstgesetz, ZDG);municipality;6784;Courgenay;26;Jura;363;495;877;1837
2026-06-14;6870;Änderung des Bundesgesetzes über den zivilen Ersatzdienst (Zivildienstgesetz, ZDG);municipality;6785;Courtedoux;26;Jura;133;184;323;600
2026-06-14;6870;Änderung des Bundesgesetzes über den zivilen Ersatzdienst (Zivildienstgesetz, ZDG);municipality;6789;Fahy;26;Jura;58;82;144;283
2026-06-14;6870;Änderung des Bundesgesetzes über den zivilen Ersatzdienst (Zivildienstgesetz, ZDG);municipality;6790;Fontenais;26;Jura;218;418;645;1294
2026-06-14;6870;Änderung des Bundesgesetzes über den zivilen Ersatzdienst (Zivildienstgesetz, ZDG);municipality;6792;Grandfontaine;26;Jura;74;77;154;303
2026-06-14;6870;Änderung des Bundesgesetzes über den zivilen Ersatzdienst (Zivildienstgesetz, ZDG);municipality;6800;Porrentruy;26;Jura;881;1353;2276;4547
2026-06-14;6870;Änderung des Bundesgesetzes über den zivilen Ersatzdienst (Zivildienstgesetz, ZDG);municipality;6806;Vendlincourt;26;Jura;125;132;259;478
2026-06-14;6870;Änderung des Bundesgesetzes über den zivilen Ersatzdienst (Zivildienstgesetz, ZDG);municipality;6807;Basse-Allaine;26;Jura;218;201;432;949
2026-06-14;6870;Änderung des Bundesgesetzes über den zivilen Ersatzdienst (Zivildienstgesetz, ZDG);municipality;6808;Clos du Doubs;26;Jura;207;277;499;1158
2026-06-14;6870;Änderung des Bundesgesetzes über den zivilen Ersatzdienst (Zivildienstgesetz, ZDG);municipality;6809;Haute-Ajoie;26;Jura;227;266;501;1021
2026-06-14;6870;Änderung des Bundesgesetzes über den zivilen Ersatzdienst (Zivildienstgesetz, ZDG);municipality;6810;La Baroche;26;Jura;213;253;481;994
2026-06-14;6870;Änderung des Bundesgesetzes über den zivilen Ersatzdienst (Zivildienstgesetz, ZDG);municipality;6811;Damphreux-Lugnez;26;Jura;74;76;153;299
2026-06-14;6870;Änderung des Bundesgesetzes über den zivilen Ersatzdienst (Zivildienstgesetz, ZDG);municipality;6812;Basse-Vendline;26;Jura;142;165;308;695
2026-06-14;6870;Änderung des Bundesgesetzes über den zivilen Ersatzdienst (Zivildienstgesetz, ZDG);municipality;6831;Moutier;26;Jura;826;1222;2104;4355
2026-06-14;6870;Änderung des Bundesgesetzes über den zivilen Ersatzdienst (Zivildienstgesetz, ZDG);abroad_region;9010;ZH-Ausland-CH;1;Zürich;5017;4712;9917;37248
2026-06-14;6870;Änderung des Bundesgesetzes über den zivilen Ersatzdienst (Zivildienstgesetz, ZDG);abroad_region;9030;LU-Ausland-CH;3;Luzern;1020;852;1958;6926
2026-06-14;6870;Änderung des Bundesgesetzes über den zivilen Ersatzdienst (Zivildienstgesetz, ZDG);abroad_region;9040;UR-Ausland-CH;4;Uri;93;70;165;426
2026-06-14;6870;Änderung des Bundesgesetzes über den zivilen Ersatzdienst (Zivildienstgesetz, ZDG);abroad_region;9100;FR-CH de l'étranger;10;Freiburg;1416;1060;2555;8727
2026-06-14;6870;Änderung des Bundesgesetzes über den zivilen Ersatzdienst (Zivildienstgesetz, ZDG);abroad_region;9120;BS-Ausland-CH;12;Basel-Stadt;1200;1452;2724;10319
2026-06-14;6870;Änderung des Bundesgesetzes über den zivilen Ersatzdienst (Zivildienstgesetz, ZDG);abroad_region;9160;AI-Ausland-CH;16;Appenzell Innerrhoden;71;66;139;575
2026-06-14;6870;Änderung des Bundesgesetzes über den zivilen Ersatzdienst (Zivildienstgesetz, ZDG);abroad_region;9170;SG-Ausland-CH;17;St. Gallen;2258;1622;3969;11724
2026-06-14;6870;Änderung des Bundesgesetzes über den zivilen Ersatzdienst (Zivildienstgesetz, ZDG);abroad_region;9190;AG-Ausland-CH;19;Aargau;1830;1497;3374;12915
2026-06-14;6870;Änderung des Bundesgesetzes über den zivilen Ersatzdienst (Zivildienstgesetz, ZDG);abroad_region;9200;TG-Ausland-CH;20;Thurgau;911;707;1666;5338
2026-06-14;6870;Änderung des Bundesgesetzes über den zivilen Ersatzdienst (Zivildienstgesetz, ZDG);abroad_region;9220;VD-CH de l'étranger;22;Waadt;3643;3198;7089;26139
2026-06-14;6870;Änderung des Bundesgesetzes über den zivilen Ersatzdienst (Zivildienstgesetz, ZDG);abroad_region;9230;VS-CH de l'étranger;23;Wallis;1100;772;2028;7964
2026-06-14;6870;Änderung des Bundesgesetzes über den zivilen Ersatzdienst (Zivildienstgesetz, ZDG);abroad_region;9250;GE-CH de l'étranger;25;Genf;4582;5401;10421;36252